CA_on,p,py,w,h,t
1,0.0001,0,6,9,22619.4
0,0.0001,0,6,9,1407.59
1,0.0001,0,6,9,32235.2
0,0.0001,0,6,9,603.53
1,0.0001,0,6,9,64891.5
0,0.0001,0,6,9,368.169
1,0.0001,0,6,9,94912.3
0,0.0001,0,6,9,1298.42
1,0.0001,0,6,9,91574.3
0,0.0001,0,6,9,578.137
1,0.0001,0,6,9,21553.6
0,0.0001,0,6,9,1163.64
1,0.0001,0,6,9,2206.53
0,0.0001,0,6,9,1591.71
1,0.0001,0,6,9,39929.9
0,0.0001,0,6,9,637.362
1,0.0001,0,6,9,7616.15
0,0.0001,0,6,9,911.423
1,0.0001,0,6,9,82376.7
0,0.0001,0,6,9,1513.22
1,0.0001,0,6,9,50236
0,0.0001,0,6,9,732.439
1,0.0001,0,6,9,98977.9
0,0.0001,0,6,9,397.735
1,0.0001,0,6,9,53265.4
0,0.0001,0,6,9,810.034
1,0.0001,0,6,9,16763.3
0,0.0001,0,6,9,2112.49
1,0.0001,0,6,9,193671
0,0.0001,0,6,9,1134.6
1,0.0001,0,6,9,22222.7
0,0.0001,0,6,9,625.329
1,0.0001,0,6,9,396456
0,0.0001,0,6,9,1697.85
1,0.0001,0,6,9,38593.9
0,0.0001,0,6,9,1175.53
1,0.0001,0,6,9,84017.3
0,0.0001,0,6,9,852.676
1,0.0001,0,6,9,312493
0,0.0001,0,6,9,870.476
1,0.0001,0,6,9,25704.9
0,0.0001,0,6,9,901.839
1,0.0001,0,6,9,38815.5
0,0.0001,0,6,9,1228.39
1,0.0001,0,6,9,287514
0,0.0001,0,6,9,777.995
1,0.0001,0,6,9,98190.9
0,0.0001,0,6,9,906.897
1,0.0001,0,6,9,127123
0,0.0001,0,6,9,1206.71
1,0.0001,0,6,9,46330.2
0,0.0001,0,6,9,1167.34
1,0.0001,0,6,9,212478
0,0.0001,0,6,9,324.422
1,0.0001,0,6,9,134219
0,0.0001,0,6,9,1868.44
1,0.0001,0,6,9,56603.9
0,0.0001,0,6,9,1300.29
1,0.0001,0,6,9,178774
0,0.0001,0,6,9,2089.51
1,0.0001,0,6,9,75280.6
0,0.0001,0,6,9,2161.19
1,0.0001,0,6,9,14944.6
0,0.0001,0,6,9,369.854
1,0.0001,0,6,9,120123
0,0.0001,0,6,9,1731.67
1,0.0001,0,6,9,121015
0,0.0001,0,6,9,1788.92
1,0.0001,0,6,9,50930.3
0,0.0001,0,6,9,412.502
1,0.0001,0,6,9,34301.5
0,0.0001,0,6,9,653.536
1,0.0001,0,6,9,13695.9
0,0.0001,0,6,9,1130.61
1,0.0001,0,6,9,4274.68
0,0.0001,0,6,9,771.091
1,0.0001,0,6,9,59586
0,0.0001,0,6,9,809.787
1,0.0001,0,6,9,168286
0,0.0001,0,6,9,801.211
1,0.0001,0,6,9,87708.2
0,0.0001,0,6,9,1305.21
1,0.0001,0,6,9,52026.6
0,0.0001,0,6,9,1641.14
1,0.0001,0,6,9,480268
0,0.0001,0,6,9,1104.87
1,0.0001,0,6,9,54987.8
0,0.0001,0,6,9,949.921
1,0.0001,0,6,9,13895.9
0,0.0001,0,6,9,972.672
1,0.0001,0,6,9,124981
0,0.0001,0,6,9,827.479
1,0.0001,0,6,9,66410.1
0,0.0001,0,6,9,1519
1,0.0001,0,6,9,288201
0,0.0001,0,6,9,2337.73
1,0.0001,0,6,9,7738.13
0,0.0001,0,6,9,857.552
1,0.0001,0,6,9,57608.9
0,0.0001,0,6,9,1917.62
1,0.0001,0,6,9,7119.11
0,0.0001,0,6,9,1320.3
1,0.0001,0,6,9,3639.45
0,0.0001,0,6,9,1038.34
1,0.0001,0,6,9,142294
0,0.0001,0,6,9,1214.32
1,0.0001,0,6,9,72585.7
0,0.0001,0,6,9,1621.21
1,0.0001,0,6,9,165133
0,0.0001,0,6,9,1558.23
1,0.0001,0,6,9,95173.5
0,0.0001,0,6,9,749.565
1,0.0001,0,6,9,107361
0,0.0001,0,6,9,846.04
1,0.0001,0,6,9,15002.3
0,0.0001,0,6,9,711.357
1,0.0001,0,6,9,15490
0,0.0001,0,6,9,707.969
1,0.0001,0,6,9,4679.23
0,0.0001,0,6,9,1481.38
1,0.0001,0,6,9,95195.4
0,0.0001,0,6,9,625.076
1,0.0001,0,6,9,17945.5
0,0.0001,0,6,9,1182.6
1,0.0001,0,6,9,294542
0,0.0001,0,6,9,489.458
1,0.0001,0,6,9,125291
0,0.0001,0,6,9,926.381
1,0.0001,0,6,9,48000.2
0,0.0001,0,6,9,958.745
1,0.0001,0,6,9,60094.5
0,0.0001,0,6,9,1294
1,0.0001,0,6,9,13226
0,0.0001,0,6,9,1254.21
1,0.0001,0,6,9,2184.41
0,0.0001,0,6,9,667.921
1,0.0001,0,6,9,8637.21
0,0.0001,0,6,9,1469.34
1,0.0001,0,6,9,86156.6
0,0.0001,0,6,9,1348.94
1,0.0001,0,6,9,32020.6
0,0.0001,0,6,9,924.155
1,0.0001,0,6,9,2071.27
0,0.0001,0,6,9,427.685
1,0.0001,0,6,9,4651.29
0,0.0001,0,6,9,482.442
1,0.0001,0,6,9,22904.4
0,0.0001,0,6,9,635.252
1,0.0001,0,6,9,85244.2
0,0.0001,0,6,9,1014.91
1,0.0001,0,6,9,55725.8
0,0.0001,0,6,9,1178.04
1,0.0001,0,6,9,25556.4
0,0.0001,0,6,9,773.041
1,0.0001,0,6,9,208998
0,0.0001,0,6,9,744.239
1,0.0001,0,6,9,40852.4
0,0.0001,0,6,9,1309.07
1,0.0001,0,6,9,22693.6
0,0.0001,0,6,9,1464.56
1,0.0001,0,6,9,34643
0,0.0001,0,6,9,1788.44
1,0.0001,0,6,9,191722
0,0.0001,0,6,9,897.996
1,0.0001,0,6,9,70378.3
0,0.0001,0,6,9,1876.89
1,0.0001,0,6,9,54715.1
0,0.0001,0,6,9,1614.89
1,0.0001,0,6,9,18240.7
0,0.0001,0,6,9,2159.98
1,0.0001,0,6,9,406864
0,0.0001,0,6,9,551.229
1,0.0001,0,6,9,4708.29
0,0.0001,0,6,9,1900.8
1,0.0001,0,6,9,117210
0,0.0001,0,6,9,1476.49
1,0.0001,0,6,9,6604.51
0,0.0001,0,6,9,801.895
1,0.0001,0,6,9,48340.2
0,0.0001,0,6,9,1071.22
1,0.0001,0,6,9,111178
0,0.0001,0,6,9,1337.51
1,0.0001,0,6,9,41127.9
0,0.0001,0,6,9,1387.53
1,0.0001,0,6,9,37123.1
0,0.0001,0,6,9,687.194
1,0.0001,0,6,9,27610.6
0,0.0001,0,6,9,1336.18
1,0.0001,0,6,9,81567.9
0,0.0001,0,6,9,1274.52
1,0.0001,0,6,9,313895
0,0.0001,0,6,9,778.953
1,0.0001,0,6,9,91121.8
0,0.0001,0,6,9,1312.5
1,0.0001,0,6,9,29015.4
0,0.0001,0,6,9,658.66
1,0.0001,0,6,9,4908.35
0,0.0001,0,6,9,1401.32
1,0.0001,0,6,9,107099
0,0.0001,0,6,9,874.86
1,0.0001,0,6,9,61052.8
0,0.0001,0,6,9,1109.08
1,0.0001,0,6,9,129465
0,0.0001,0,6,9,509.764
1,0.0001,0,6,9,12007.4
0,0.0001,0,6,9,516.416
1,0.0001,0,6,9,48701
0,0.0001,0,6,9,1138.3
1,0.0001,0,6,9,31419.2
0,0.0001,0,6,9,1338.81
1,0.0001,0,6,9,7743.01
0,0.0001,0,6,9,914.139
1,0.0001,0,6,9,102388
0,0.0001,0,6,9,1101.22
1,0.0001,0,6,9,195164
0,0.0001,0,6,9,997.544
1,0.0001,0,6,9,5677.23
0,0.0001,0,6,9,421.605
1,0.0001,0,6,9,28708.5
0,0.0001,0,6,9,673.626
1,0.0001,0,6,9,146450
0,0.0001,0,6,9,1188.4
1,0.0001,0,6,9,6956.26
0,0.0001,0,6,9,1102.41
1,0.0001,0,6,9,13408.9
0,0.0001,0,6,9,1124.53
1,0.0001,0,6,9,98709.4
0,0.0001,0,6,9,1411.49
1,0.0001,0,6,9,25564.6
0,0.0001,0,6,9,1163.12
1,0.0001,0,6,9,90204
0,0.0001,0,6,9,1274.65
1,0.0001,0,6,9,109303
0,0.0001,0,6,9,1002.66
1,0.0001,0,6,9,15375.2
0,0.0001,0,6,9,1479.32
1,0.0001,0,6,9,39326.4
0,0.0001,0,6,9,585.84
1,0.0001,0,6,9,23265.5
0,0.0001,0,6,9,347.115
1,0.0001,0,6,9,162028
0,0.0001,0,6,9,376.866
1,0.0001,0,6,9,91814.2
0,0.0001,0,6,9,1040.78
1,0.0001,0,6,9,60951.3
0,0.0001,0,6,9,947.884
1,0.0001,0,6,9,99981.6
0,0.0001,0,6,9,332.728
1,0.0001,0,6,9,95005.6
0,0.0001,0,6,9,1113.04
1,0.0001,0,6,9,117319
0,0.0001,0,6,9,1158.31
1,0.0001,0,6,9,23208.5
0,0.0001,0,6,9,396.769
1,0.0001,0,6,9,33097.8
0,0.0001,0,6,9,1474.87
1,0.0001,0,6,9,23011
0,0.0001,0,6,9,973.176
1,0.0001,0,6,9,9354.77
0,0.0001,0,6,9,467.002
1,0.0001,0,6,9,106.153
0,0.0001,0,6,9,913.101
1,0.0001,0,6,9,1650.44
0,0.0001,0,6,9,523.108
1,0.0001,0,6,9,60908.4
0,0.0001,0,6,9,1976.1
1,0.0001,0,6,9,66793.1
0,0.0001,0,6,9,1823.68
1,0.0001,0,6,9,96192.2
0,0.0001,0,6,9,342.784
1,0.0001,0,6,9,69071.2
0,0.0001,0,6,9,1069.75
1,0.0001,0,6,9,44696.4
0,0.0001,0,6,9,327.901
1,0.0001,0,6,9,15596.2
0,0.0001,0,6,9,318.887
1,0.0001,0,6,9,96529.5
0,0.0001,0,6,9,1679.51
1,0.0001,0,6,9,67637.7
0,0.0001,0,6,9,607.696
1,0.0001,0,6,9,128230
0,0.0001,0,6,9,1113.07
1,0.0001,0,6,9,159836
0,0.0001,0,6,9,515.915
1,0.0001,0,6,9,60051.6
0,0.0001,0,6,9,1284.85
1,0.0001,0,6,9,192835
0,0.0001,0,6,9,319.262
1,0.0001,0,6,9,105879
0,0.0001,0,6,9,1080.22
1,0.0001,0,6,9,122314
0,0.0001,0,6,9,1013.9
1,0.0001,0,6,9,192219
0,0.0001,0,6,9,1016.12
1,0.0001,0,6,9,43210.2
0,0.0001,0,6,9,812.57
1,0.0001,0,6,9,10825.9
0,0.0001,0,6,9,789.819
1,0.0001,0,6,9,54121.2
0,0.0001,0,6,9,1665.94
1,0.0001,0,6,9,28915.7
0,0.0001,0,6,9,1659.89
1,0.0001,0,6,9,178956
0,0.0001,0,6,9,1371.06
1,0.0001,0,6,9,45215.2
0,0.0001,0,6,9,1198.85
1,0.0001,0,6,9,21848
0,0.0001,0,6,9,94.3645
1,0.0001,0,6,9,91033.7
0,0.0001,0,6,9,1741.16
1,0.0001,0,6,9,37715.7
0,0.0001,0,6,9,805.782
1,0.0001,0,6,9,19553.3
0,0.0001,0,6,9,1243.25
1,0.0001,0,6,9,44931.1
0,0.0001,0,6,9,860.082
1,0.0001,0,6,9,227812
0,0.0001,0,6,9,1065.55
1,0.0001,0,6,9,27711.9
0,0.0001,0,6,9,1357.97
1,0.0001,0,6,9,171554
0,0.0001,0,6,9,1403.23
1,0.0001,0,6,9,281534
0,0.0001,0,6,9,884.597
1,0.0001,0,6,9,136230
0,0.0001,0,6,9,1131.23
1,0.0001,0,6,9,17777.5
0,0.0001,0,6,9,1101.88
1,0.0001,0,6,9,64550.1
0,0.0001,0,6,9,586.242
1,0.0001,0,6,9,175068
0,0.0001,0,6,9,937.265
1,0.0001,0,6,9,49287.3
0,0.0001,0,6,9,1542.37
1,0.0001,0,6,9,10830.9
0,0.0001,0,6,9,506.752
1,0.0001,0,6,9,90689.3
0,0.0001,0,6,9,374.611
1,0.0001,0,6,9,40977.4
0,0.0001,0,6,9,1524.17
1,0.0001,0,6,9,287677
0,0.0001,0,6,9,1294.63
1,0.0001,0,6,9,12368.5
0,0.0001,0,6,9,1334.76
1,0.0001,0,6,9,58377.5
0,0.0001,0,6,9,1109.81
1,0.0001,0,6,9,135388
0,0.0001,0,6,9,742.369
1,0.0001,0,6,9,60862.4
0,0.0001,0,6,9,395.628
1,0.0001,0,6,9,6785.88
0,0.0001,0,6,9,1750.65
1,0.0001,0,6,9,57212.5
0,0.0001,0,6,9,1085.85
1,0.0001,0,6,9,189481
0,0.0001,0,6,9,1141.87
1,0.0001,0,6,9,66770.8
0,0.0001,0,6,9,448.758
1,0.0001,0,6,9,34328.9
0,0.0001,0,6,9,657.541
1,0.0001,0,6,9,58422
0,0.0001,0,6,9,711.939
1,0.0001,0,6,9,153554
0,0.0001,0,6,9,1638.34
1,0.0001,0,6,9,51771.3
0,0.0001,0,6,9,488.518
1,0.0001,0,6,9,8010.53
0,0.0001,0,6,9,934.985
1,0.0001,0,6,9,86135.5
0,0.0001,0,6,9,858.082
1,0.0001,0,6,9,4595.77
0,0.0001,0,6,9,915.81
1,0.0001,0,6,9,63213.7
0,0.0001,0,6,9,1075.02
1,0.0001,0,6,9,1725.86
0,0.0001,0,6,9,1063.31
1,0.0001,0,6,9,58345.2
0,0.0001,0,6,9,1080.14
1,0.0001,0,6,9,85475.2
0,0.0001,0,6,9,1867.06
1,0.0001,0,6,9,199711
0,0.0001,0,6,9,1277.48
1,0.0001,0,6,9,288417
0,0.0001,0,6,9,780.972
1,0.0001,0,6,9,54877.7
0,0.0001,0,6,9,1500.98
1,0.0001,0,6,9,31727.5
0,0.0001,0,6,9,869.715
1,0.0001,0,6,9,60897.7
0,0.0001,0,6,9,201.608
1,0.0001,0,6,9,214562
0,0.0001,0,6,9,814.626
1,0.0001,0,6,9,27336.1
0,0.0001,0,6,9,1156.74
1,0.0001,0,6,9,16572
0,0.0001,0,6,9,1164.41
1,0.0001,0,6,9,31290.7
0,0.0001,0,6,9,431.25
1,0.0001,0,6,9,32147.1
0,0.0001,0,6,9,1125.65
1,0.0001,0,6,9,139.269
0,0.0001,0,6,9,790.014
1,0.0001,0,6,9,147789
0,0.0001,0,6,9,999.749
1,0.0001,0,6,9,31482.7
0,0.0001,0,6,9,1061.39
1,0.0001,0,6,9,7539.32
0,0.0001,0,6,9,928.506
1,0.0001,0,6,9,106250
0,0.0001,0,6,9,1353.21
1,0.0001,0,6,9,10721.1
0,0.0001,0,6,9,893.026
1,0.0001,0,6,9,6361.73
0,0.0001,0,6,9,1024.5
1,0.0001,0,6,9,25983.3
0,0.0001,0,6,9,1729.28
1,0.0001,0,6,9,14086.7
0,0.0001,0,6,9,750.525
1,0.0001,0,6,9,7881.5
0,0.0001,0,6,9,1156.57
1,0.0001,0,6,9,1711.4
0,0.0001,0,6,9,2497.48
1,0.0001,0,6,9,23306.5
0,0.0001,0,6,9,1365.08
1,0.0001,0,6,9,103704
0,0.0001,0,6,9,962.657
1,0.0001,0,6,9,62672.3
0,0.0001,0,6,9,1089.3
1,0.0001,0,6,9,673.576
0,0.0001,0,6,9,1432.49
1,0.0001,0,6,9,61513.8
0,0.0001,0,6,9,1856.8
1,0.0001,0,6,9,108705
0,0.0001,0,6,9,491.742
1,0.0001,0,6,9,29231.6
0,0.0001,0,6,9,860.231
1,0.0001,0,6,9,36128.8
0,0.0001,0,6,9,596.699
1,0.0001,0,6,9,19668.3
0,0.0001,0,6,9,1006.66
1,0.0001,0,6,9,13279.3
0,0.0001,0,6,9,814.138
1,0.0001,0,6,9,43808.5
0,0.0001,0,6,9,2051.98
1,0.0001,0,6,9,126523
0,0.0001,0,6,9,1249.1
1,0.0001,0,6,9,46557.4
0,0.0001,0,6,9,1064.58
1,0.0001,0,6,9,204827
0,0.0001,0,6,9,966.558
1,0.0001,0,6,9,24443.2
0,0.0001,0,6,9,1472.74
1,0.0001,0,6,9,262138
0,0.0001,0,6,9,597.62
1,0.0001,0,6,9,38424.9
0,0.0001,0,6,9,1462.64
1,0.0001,0,6,9,139806
0,0.0001,0,6,9,1954.81
1,0.0001,0,6,9,79830.5
0,0.0001,0,6,9,797.923
1,0.0001,0,6,9,111033
0,0.0001,0,6,9,1176.91
1,0.0001,0,6,9,1711.31
0,0.0001,0,6,9,1552.51
1,0.0001,0,6,9,7935.64
0,0.0001,0,6,9,942.15
1,0.0001,0,6,9,42557.4
0,0.0001,0,6,9,590.38
1,0.0001,0,6,9,43675.6
0,0.0001,0,6,9,973.933
1,0.0001,0,6,9,79125.3
0,0.0001,0,6,9,1034.7
1,0.0001,0,6,9,4415.09
0,0.0001,0,6,9,560.989
1,0.0001,0,6,9,8354.43
0,0.0001,0,6,9,457.032
1,0.0001,0,6,9,61381.3
0,0.0001,0,6,9,1428.69
1,0.0001,0,6,9,8388.39
0,0.0001,0,6,9,1215.28
1,0.0001,0,6,9,82254.5
0,0.0001,0,6,9,1338.23
1,0.0001,0,6,9,93393.7
0,0.0001,0,6,9,1493.06
1,0.0001,0,6,9,138566
0,0.0001,0,6,9,1714.46
1,0.0001,0,6,9,47259.4
0,0.0001,0,6,9,1167.02
1,0.0001,0,6,9,11372.5
0,0.0001,0,6,9,1876.22
1,0.0001,0,6,9,20494.2
0,0.0001,0,6,9,1260.99
1,0.0001,0,6,9,7510.61
0,0.0001,0,6,9,490.601
1,0.0001,0,6,9,151364
0,0.0001,0,6,9,485.992
1,0.0001,0,6,9,21591.1
0,0.0001,0,6,9,612.91
1,0.0001,0,6,9,62264.9
0,0.0001,0,6,9,715.309
1,0.0001,0,6,9,45319.4
0,0.0001,0,6,9,936.496
1,0.0001,0,6,9,213386
0,0.0001,0,6,9,553.209
1,0.0001,0,6,9,120427
0,0.0001,0,6,9,578.631
1,0.0001,0,6,9,34072.4
0,0.0001,0,6,9,1511.39
1,0.0001,0,6,9,45607.5
0,0.0001,0,6,9,756.619
1,0.0001,0,6,9,38856.2
0,0.0001,0,6,9,258.234
1,0.0001,0,6,9,26188.6
0,0.0001,0,6,9,762.082
1,0.0001,0,6,9,25476.6
0,0.0001,0,6,9,1319.72
1,0.0001,0,6,9,92395
0,0.0001,0,6,9,1632.83
1,0.0001,0,6,9,74163.8
0,0.0001,0,6,9,1372.03
1,0.0001,0,6,9,2588.29
0,0.0001,0,6,9,784.549
1,0.0001,0,6,9,73243.3
0,0.0001,0,6,9,726.488
1,0.0001,0,6,9,122198
0,0.0001,0,6,9,1990.8
1,0.0001,0,6,9,40767.4
0,0.0001,0,6,9,1372.55
1,0.0001,0,6,9,36419.1
0,0.0001,0,6,9,1244.94
1,0.0001,0,6,9,119101
0,0.0001,0,6,9,963.575
1,0.0001,0,6,9,82469.2
0,0.0001,0,6,9,76.8238
1,0.0001,0,6,9,52791.5
0,0.0001,0,6,9,1532.65
1,0.0001,0,6,9,73754.3
0,0.0001,0,6,9,982.362
1,0.0001,0,6,9,77701.2
0,0.0001,0,6,9,780.912
1,0.0001,0,6,9,26353.6
0,0.0001,0,6,9,529.435
1,0.0001,0,6,9,86126.2
0,0.0001,0,6,9,844.692
1,0.0001,0,6,9,108986
0,0.0001,0,6,9,1040.94
1,0.0001,0,6,9,4813.88
0,0.0001,0,6,9,1203.43
1,0.0001,0,6,9,27987.3
0,0.0001,0,6,9,1396.45
1,0.0001,0,6,9,8043.56
0,0.0001,0,6,9,446.146
1,0.0001,0,6,9,38211.8
0,0.0001,0,6,9,1175.23
1,0.0001,0,6,9,30656.8
0,0.0001,0,6,9,1120.4
1,0.0001,0,6,9,43020.8
0,0.0001,0,6,9,640.612
1,0.0001,0,6,9,6283.25
0,0.0001,0,6,9,894.932
1,0.0001,0,6,9,10413
0,0.0001,0,6,9,663.846
1,0.0001,0,6,9,321310
0,0.0001,0,6,9,1131.18
1,0.0001,0,6,9,102357
0,0.0001,0,6,9,1370.92
1,0.0001,0,6,9,49261.2
0,0.0001,0,6,9,539.598
1,0.0001,0,6,9,25511.3
0,0.0001,0,6,9,399.066
1,0.0001,0,6,9,98240.3
0,0.0001,0,6,9,1808.98
1,0.0001,0,6,9,17056.9
0,0.0001,0,6,9,1139.91
1,0.0001,0,6,9,51895.6
0,0.0001,0,6,9,1496.07
1,0.0001,0,6,9,54799.6
0,0.0001,0,6,9,559.498
1,0.0001,0,6,9,23407.9
0,0.0001,0,6,9,2450.97
1,0.0001,0,6,9,36778.3
0,0.0001,0,6,9,966.272
1,0.0001,0,6,9,257362
0,0.0001,0,6,9,397.249
1,0.0001,0,6,9,67339.8
0,0.0001,0,6,9,940.226
1,0.0001,0,6,9,11207.9
0,0.0001,0,6,9,1297.79
1,0.0001,0,6,9,186757
0,0.0001,0,6,9,537.363
1,0.0001,0,6,9,180465
0,0.0001,0,6,9,387.961
1,0.0001,0,6,9,48664.4
0,0.0001,0,6,9,1272.54
1,0.0001,0,6,9,3577.87
0,0.0001,0,6,9,499.021
1,0.0001,0,6,9,105714
0,0.0001,0,6,9,1396.61
1,0.0001,0,6,9,52492.3
0,0.0001,0,6,9,1532.17
1,0.0001,0,6,9,32139.6
0,0.0001,0,6,9,1302
1,0.0001,0,6,9,388961
0,0.0001,0,6,9,678.795
1,0.0001,0,6,9,123810
0,0.0001,0,6,9,722.994
1,0.0001,0,6,9,28176.4
0,0.0001,0,6,9,826.185
1,0.0001,0,6,9,176624
0,0.0001,0,6,9,1188.26
1,0.0001,0,6,9,41908.4
0,0.0001,0,6,9,811.575
1,0.0001,0,6,9,19492.2
0,0.0001,0,6,9,1577.79
1,0.0001,0,6,9,79449.9
0,0.0001,0,6,9,726.048
1,0.0001,0,6,9,13698.6
0,0.0001,0,6,9,917.319
1,0.0001,0,6,9,9385.24
0,0.0001,0,6,9,1433.04
1,0.0001,0,6,9,8474.05
0,0.0001,0,6,9,763.168
1,0.0001,0,6,9,42793.1
0,0.0001,0,6,9,1201.84
1,0.0001,0,6,9,58237.9
0,0.0001,0,6,9,1721.35
1,0.0001,0,6,9,89029
0,0.0001,0,6,9,372.184
1,0.0001,0,6,9,208246
0,0.0001,0,6,9,640.231
1,0.0001,0,6,9,170743
0,0.0001,0,6,9,604.552
1,0.0001,0,6,9,3164.16
0,0.0001,0,6,9,666.005
1,0.0001,0,6,9,225528
0,0.0001,0,6,9,1296.57
1,0.0001,0,6,9,116004
0,0.0001,0,6,9,377.637
1,0.0001,0,6,9,32582.6
0,0.0001,0,6,9,1421.68
1,0.0001,0,6,9,66976.3
0,0.0001,0,6,9,808.148
1,0.0001,0,6,9,40646.2
0,0.0001,0,6,9,774.729
1,0.0001,0,6,9,53101.6
0,0.0001,0,6,9,1580.55
1,0.0001,0,6,9,259787
0,0.0001,0,6,9,242.169
1,0.0001,0,6,9,105223
0,0.0001,0,6,9,1377.29
1,0.0001,0,6,9,241074
0,0.0001,0,6,9,1607.46
1,0.0001,0,6,9,12549.5
0,0.0001,0,6,9,647.747
1,0.0001,0,6,9,90604.4
0,0.0001,0,6,9,1092.7
1,0.0001,0,6,9,136420
0,0.0001,0,6,9,1319.19
1,0.0001,0,6,9,1441.24
0,0.0001,0,6,9,1362.58
1,0.0001,0,6,9,53226
0,0.0001,0,6,9,1891.05
1,0.0001,0,6,9,9462.09
0,0.0001,0,6,9,1339.65
1,0.0001,0,6,9,69880
0,0.0001,0,6,9,1106.52
1,0.0001,0,6,9,2647.93
0,0.0001,0,6,9,1042.2
1,0.0001,0,6,9,24311
0,0.0001,0,6,9,1596.77
1,0.0001,0,6,9,51683.5
0,0.0001,0,6,9,849.872
1,0.0001,0,6,9,164114
0,0.0001,0,6,9,501.681
1,0.0001,0,6,9,180682
0,0.0001,0,6,9,772.763
1,0.0001,0,6,9,36658.4
0,0.0001,0,6,9,1299.19
1,0.0001,0,6,9,38956.2
0,0.0001,0,6,9,880.74
1,0.0001,0,6,9,47139.7
0,0.0001,0,6,9,536.18
1,0.0001,0,6,9,98034.4
0,0.0001,0,6,9,729.521
1,0.0001,0,6,9,12182.3
0,0.0001,0,6,9,1032.24
1,0.0001,0,6,9,121550
0,0.0001,0,6,9,1961.34
1,0.0001,0,6,9,21737
0,0.0001,0,6,9,1927.58
1,0.0001,0,6,9,50053.6
0,0.0001,0,6,9,1328.97
1,0.0001,0,6,9,126533
0,0.0001,0,6,9,918.92
1,0.0001,0,6,9,168472
0,0.0001,0,6,9,1335.46
1,0.0001,0,6,9,69006.3
0,0.0001,0,6,9,727.279
1,0.0001,0,6,9,131736
0,0.0001,0,6,9,690.084
1,0.0001,0,6,9,151444
0,0.0001,0,6,9,1665.25
1,0.0001,0,6,9,688224
0,0.0001,0,6,9,1118.08
1,0.0001,0,6,9,18986.1
0,0.0001,0,6,9,925.702
1,0.0001,0,6,9,35144.2
0,0.0001,0,6,9,662.741
1,0.0001,0,6,9,970.576
0,0.0001,0,6,9,1462.25
1,0.0001,0,6,9,72286.4
0,0.0001,0,6,9,894.381
1,0.0001,0,6,9,10169.4
0,0.0001,0,6,9,1261.77
1,0.0001,0,6,9,36851.6
0,0.0001,0,6,9,302.908
1,0.0001,0,6,9,81397.6
0,0.0001,0,6,9,1715.21
1,0.0001,0,6,9,27289.2
0,0.0001,0,6,9,976.432
1,0.0001,0,6,9,102838
0,0.0001,0,6,9,414.012
1,0.0001,0,6,9,3870.17
0,0.0001,0,6,9,2373.32
1,0.0001,0,6,9,117540
0,0.0001,0,6,9,1162.58
1,0.0001,0,6,9,45517.3
0,0.0001,0,6,9,1246.43
1,0.0001,0,6,9,960.804
0,0.0001,0,6,9,1189.77
1,0.0001,0,6,9,103785
0,0.0001,0,6,9,679.449
1,0.0001,0,6,9,155874
0,0.0001,0,6,9,550.581
1,0.0001,0,6,9,29397.2
0,0.0001,0,6,9,1741.52
1,0.0001,0,6,9,13462.5
0,0.0001,0,6,9,1523.25
1,0.0001,0,6,9,153271
0,0.0001,0,6,9,1026.73
1,0.0001,0,6,9,69001.4
0,0.0001,0,6,9,383.537
1,0.0001,0,6,9,57299
0,0.0001,0,6,9,700.662
1,0.0001,0,6,9,132910
0,0.0001,0,6,9,707.498
1,0.0001,0,6,9,12300.9
0,0.0001,0,6,9,1698.02
1,0.0001,0,6,9,3300.96
0,0.0001,0,6,9,879.596
1,0.0001,0,6,9,13392.8
0,0.0001,0,6,9,741.832
1,0.0001,0,6,9,42865.5
0,0.0001,0,6,9,1503.89
1,0.0001,0,6,9,27314.4
0,0.0001,0,6,9,1423.63
1,0.0001,0,6,9,34552.2
0,0.0001,0,6,9,973.888
1,0.0001,0,6,9,10720.1
0,0.0001,0,6,9,1526.98
1,0.0001,0,6,9,70560
0,0.0001,0,6,9,739.811
1,0.0001,0,6,9,5877.75
0,0.0001,0,6,9,1979.04
1,0.0001,0,6,9,218516
0,0.0001,0,6,9,1244.6
1,0.0001,0,6,9,126873
0,0.0001,0,6,9,961.314
1,0.0001,0,6,9,1974.07
0,0.0001,0,6,9,1332.69
1,0.0001,0,6,9,45941.4
0,0.0001,0,6,9,1438.65
1,0.0001,0,6,9,3291.59
0,0.0001,0,6,9,721.78
1,0.0001,0,6,9,107948
0,0.0001,0,6,9,1379.99
1,0.0001,0,6,9,52747.9
0,0.0001,0,6,9,1142.19
1,0.0001,0,6,9,3357.97
0,0.0001,0,6,9,1143.37
1,0.0001,0,6,9,214102
0,0.0001,0,6,9,570.596
1,0.0001,0,6,9,26119.8
0,0.0001,0,6,9,640.759
1,0.0001,0,6,9,14651.6
0,0.0001,0,6,9,511.11
1,0.0001,0,6,9,52136.8
0,0.0001,0,6,9,827.726
1,0.0001,0,6,9,75359.9
0,0.0001,0,6,9,958.171
1,0.0001,0,6,9,147025
0,0.0001,0,6,9,588.858
1,0.0001,0,6,9,62587.3
0,0.0001,0,6,9,875.127
1,0.0001,0,6,9,60205.7
0,0.0001,0,6,9,1126.15
1,0.0001,0,6,9,184479
0,0.0001,0,6,9,1771.08
1,0.0001,0,6,9,43827.7
0,0.0001,0,6,9,1529.31
1,0.0001,0,6,9,145768
0,0.0001,0,6,9,1039.15
1,0.0001,0,6,9,22257.9
0,0.0001,0,6,9,631.833
1,0.0001,0,6,9,10862
0,0.0001,0,6,9,1356.75
1,0.0001,0,6,9,23960.2
0,0.0001,0,6,9,596.747
1,0.0001,0,6,9,184452
0,0.0001,0,6,9,867.302
1,0.0001,0,6,9,38199.6
0,0.0001,0,6,9,1695.57
1,0.0001,0,6,9,28762.3
0,0.0001,0,6,9,933.837
1,0.0001,0,6,9,3865.74
0,0.0001,0,6,9,2571.77
1,0.0001,0,6,9,21227.3
0,0.0001,0,6,9,897.393
1,0.0001,0,6,9,13292.8
0,0.0001,0,6,9,895.27
1,0.0001,0,6,9,14260.6
0,0.0001,0,6,9,1755.96
1,0.0001,0,6,9,9248.82
0,0.0001,0,6,9,807.316
1,0.0001,0,6,9,90431
0,0.0001,0,6,9,1647.59
1,0.0001,0,6,9,7371.07
0,0.0001,0,6,9,1602.5
1,0.0001,0,6,9,153901
0,0.0001,0,6,9,1124.31
1,0.0001,0,6,9,18114.6
0,0.0001,0,6,9,1134.42
1,0.0001,0,6,9,11096.1
0,0.0001,0,6,9,830.807
1,0.0001,0,6,9,15370.3
0,0.0001,0,6,9,908.428
1,0.0001,0,6,9,22938.9
0,0.0001,0,6,9,1161.4
1,0.0001,0,6,9,15225.9
0,0.0001,0,6,9,678.77
1,0.0001,0,6,9,13409.3
0,0.0001,0,6,9,539.853
1,0.0001,0,6,9,29199.6
0,0.0001,0,6,9,843.624
1,0.0001,0,6,9,15311.3
0,0.0001,0,6,9,720.663
1,0.0001,0,6,9,56504.6
0,0.0001,0,6,9,556.852
1,0.0001,0,6,9,44205.4
0,0.0001,0,6,9,497.526
1,0.0001,0,6,9,42122
0,0.0001,0,6,9,929.171
1,0.0001,0,6,9,97838.5
0,0.0001,0,6,9,1059.19
1,0.0001,0,6,9,43386.1
0,0.0001,0,6,9,1991.5
1,0.0001,0,6,9,59117.6
0,0.0001,0,6,9,1055.1
1,0.0001,0,6,9,143282
0,0.0001,0,6,9,901.47
1,0.0001,0,6,9,92700.1
0,0.0001,0,6,9,730.288
1,0.0001,0,6,9,131777
0,0.0001,0,6,9,1300.1
1,0.0001,0,6,9,59745.8
0,0.0001,0,6,9,1214.23
1,0.0001,0,6,9,99310.6
0,0.0001,0,6,9,568.478
1,0.0001,0,6,9,102088
0,0.0001,0,6,9,882.34
1,0.0001,0,6,9,78352.1
0,0.0001,0,6,9,1414.24
1,0.0001,0,6,9,262197
0,0.0001,0,6,9,1362.45
1,0.0001,0,6,9,1460.08
0,0.0001,0,6,9,392.799
1,0.0001,0,6,9,56759.8
0,0.0001,0,6,9,1530.72
1,0.0001,0,6,9,14033.3
0,0.0001,0,6,9,1444.42
1,0.0001,0,6,9,531866
0,0.0001,0,6,9,577.918
1,0.0001,0,6,9,1852.73
0,0.0001,0,6,9,1758.25
1,0.0001,0,6,9,224802
0,0.0001,0,6,9,1616.38
1,0.0001,0,6,9,92241.5
0,0.0001,0,6,9,1339.46
1,0.0001,0,6,9,8976.06
0,0.0001,0,6,9,1064.16
1,0.0001,0,6,9,39006.8
0,0.0001,0,6,9,978.383
1,0.0001,0,6,9,3859.55
0,0.0001,0,6,9,1370.39
1,0.0001,0,6,9,7771.83
0,0.0001,0,6,9,936.87
1,0.0001,0,6,9,9355.25
0,0.0001,0,6,9,1096.48
1,0.0001,0,6,9,3715.6
0,0.0001,0,6,9,531.127
1,0.0001,0,6,9,107720
0,0.0001,0,6,9,350.029
1,0.0001,0,6,9,4395.71
0,0.0001,0,6,9,130.667
1,0.0001,0,6,9,16826.7
0,0.0001,0,6,9,1201.46
1,0.0001,0,6,9,26995.6
0,0.0001,0,6,9,726.506
1,0.0001,0,6,9,119824
0,0.0001,0,6,9,1083.16
1,0.0001,0,6,9,42147.2
0,0.0001,0,6,9,2052.68
1,0.0001,0,6,9,37412.6
0,0.0001,0,6,9,1794.03
1,0.0001,0,6,9,2001.05
0,0.0001,0,6,9,926.744
1,0.0001,0,6,9,49173.1
0,0.0001,0,6,9,1327.41
1,0.0001,0,6,9,370946
0,0.0001,0,6,9,2210.31
1,0.0001,0,6,9,113580
0,0.0001,0,6,9,1412.11
1,0.0001,0,6,9,62036.7
0,0.0001,0,6,9,901.791
1,0.0001,0,6,9,290729
0,0.0001,0,6,9,1315.48
1,0.0001,0,6,9,73157.2
0,0.0001,0,6,9,1171.54
1,0.0001,0,6,9,42369.1
0,0.0001,0,6,9,1042.81
1,0.0001,0,6,9,9109.81
0,0.0001,0,6,9,1080.52
1,0.0001,0,6,9,86620.3
0,0.0001,0,6,9,852.449
1,0.0001,0,6,9,242000
0,0.0001,0,6,9,530.821
1,0.0001,0,6,9,10689.6
0,0.0001,0,6,9,973.534
1,0.0001,0,6,9,6990.24
0,0.0001,0,6,9,1688.33
1,0.0001,0,6,9,185652
0,0.0001,0,6,9,737.314
1,0.0001,0,6,9,1422.3
0,0.0001,0,6,9,1652.79
1,0.0001,0,6,9,3388.01
0,0.0001,0,6,9,2638.56
1,0.0001,0,6,9,46202.4
0,0.0001,0,6,9,909.357
1,0.0001,0,6,9,20986.5
0,0.0001,0,6,9,692.46
1,0.0001,0,6,9,17977.3
0,0.0001,0,6,9,667.328
1,0.0001,0,6,9,224494
0,0.0001,0,6,9,855.126
1,0.0001,0,6,9,71106
0,0.0001,0,6,9,567.051
1,0.0001,0,6,9,39366.8
0,0.0001,0,6,9,1634.41
1,0.0001,0,6,9,66968.1
0,0.0001,0,6,9,828.839
1,0.0001,0,6,9,89816.7
0,0.0001,0,6,9,1415.98
1,0.0001,0,6,9,145238
0,0.0001,0,6,9,772.77
1,0.0001,0,6,9,55847.9
0,0.0001,0,6,9,826.692
1,0.0001,0,6,9,56290.1
0,0.0001,0,6,9,795.89
1,0.0001,0,6,9,145309
0,0.0001,0,6,9,1764.8
1,0.0001,0,6,9,61701.8
0,0.0001,0,6,9,690.177
1,0.0001,0,6,9,31680.4
0,0.0001,0,6,9,1317.79
1,0.0001,0,6,9,127040
0,0.0001,0,6,9,756.079
1,0.0001,0,6,9,134331
0,0.0001,0,6,9,396.641
1,0.0001,0,6,9,116096
0,0.0001,0,6,9,1348.76
1,0.0001,0,6,9,7204.93
0,0.0001,0,6,9,1293.4
1,0.0001,0,6,9,50316.3
0,0.0001,0,6,9,782.605
1,0.0001,0,6,9,36208.9
0,0.0001,0,6,9,1608.68
1,0.0001,0,6,9,39760.5
0,0.0001,0,6,9,630.876
1,0.0001,0,6,9,47048.5
0,0.0001,0,6,9,1041.45
1,0.0001,0,6,9,70490
0,0.0001,0,6,9,2165.32
1,0.0001,0,6,9,43585.7
0,0.0001,0,6,9,2038.81
1,0.0001,0,6,9,104765
0,0.0001,0,6,9,1260.09
1,0.0001,0,6,9,25742.8
0,0.0001,0,6,9,1324.47
1,0.0001,0,6,9,222979
0,0.0001,0,6,9,665.188
1,0.0001,0,6,9,166858
0,0.0001,0,6,9,964.878
1,0.0001,0,6,9,111559
0,0.0001,0,6,9,1817.07
1,0.0001,0,6,9,47449.6
0,0.0001,0,6,9,827.943
1,0.0001,0,6,9,83079.7
0,0.0001,0,6,9,1067.07
1,0.0001,0,6,9,48018.2
0,0.0001,0,6,9,1051.87
1,0.0001,0,6,9,165128
0,0.0001,0,6,9,666.756
1,0.0001,0,6,9,19035.1
0,0.0001,0,6,9,885.699
1,0.0001,0,6,9,111059
0,0.0001,0,6,9,1830.38
1,0.0001,0,6,9,361388
0,0.0001,0,6,9,952.411
1,0.0001,0,6,9,55829.6
0,0.0001,0,6,9,774.839
1,0.0001,0,6,9,150447
0,0.0001,0,6,9,729.194
1,0.0001,0,6,9,392397
0,0.0001,0,6,9,980.306
1,0.0001,0,6,9,137316
0,0.0001,0,6,9,531.818
1,0.0001,0,6,9,13255.7
0,0.0001,0,6,9,685.784
1,0.0001,0,6,9,91536.9
0,0.0001,0,6,9,703.235
1,0.0001,0,6,9,333293
0,0.0001,0,6,9,982.486
1,0.0001,0,6,9,35378.1
0,0.0001,0,6,9,958.18
1,0.0001,0,6,9,15874.8
0,0.0001,0,6,9,844.83
1,0.0001,0,6,9,6256.74
0,0.0001,0,6,9,1393.94
1,0.0001,0,6,9,29822.7
0,0.0001,0,6,9,1284.8
1,0.0001,0,6,9,28368.9
0,0.0001,0,6,9,776.751
1,0.0001,0,6,9,142762
0,0.0001,0,6,9,1077.39
1,0.0001,0,6,9,98863.9
0,0.0001,0,6,9,1414.27
1,0.0001,0,6,9,102831
0,0.0001,0,6,9,728.134
1,0.0001,0,6,9,19128
0,0.0001,0,6,9,1558.19
1,0.0001,0,6,9,38126
0,0.0001,0,6,9,429.373
1,0.0001,0,6,9,3620.17
0,0.0001,0,6,9,916.783
1,0.0001,0,6,9,137118
0,0.0001,0,6,9,878.341
1,0.0001,0,6,9,41979.7
0,0.0001,0,6,9,506.9
1,0.0001,0,6,9,29205.7
0,0.0001,0,6,9,2109.75
1,0.0001,0,6,9,133780
0,0.0001,0,6,9,1142.06
1,0.0001,0,6,9,135387
0,0.0001,0,6,9,2136.88
1,0.0001,0,6,9,46113.5
0,0.0001,0,6,9,960.742
1,0.0001,0,6,9,69691.7
0,0.0001,0,6,9,2152.45
1,0.0001,0,6,9,5499.32
0,0.0001,0,6,9,810.787
1,0.0001,0,6,9,71806.4
0,0.0001,0,6,9,2162.22
1,0.0001,0,6,9,9058.24
0,0.0001,0,6,9,983.161
1,0.0001,0,6,9,22242.3
0,0.0001,0,6,9,1639.1
1,0.0001,0,6,9,43780.7
0,0.0001,0,6,9,1155.9
1,0.0001,0,6,9,154595
0,0.0001,0,6,9,714.867
1,0.0001,0,6,9,45435.4
0,0.0001,0,6,9,817.153
1,0.0001,0,6,9,17952.6
0,0.0001,0,6,9,1074.31
1,0.0001,0,6,9,60867.2
0,0.0001,0,6,9,736.658
1,0.0001,0,6,9,46453.9
0,0.0001,0,6,9,1482.39
1,0.0001,0,6,9,67473.5
0,0.0001,0,6,9,603.278
1,0.0001,0,6,9,60779
0,0.0001,0,6,9,1560.07
1,0.0001,0,6,9,97707.2
0,0.0001,0,6,9,1213.21
1,0.0001,0,6,9,108879
0,0.0001,0,6,9,1206.16
1,0.0001,0,6,9,280008
0,0.0001,0,6,9,457.44
1,0.0001,0,6,9,37669.1
0,0.0001,0,6,9,657.176
1,0.0001,0,6,9,34970.9
0,0.0001,0,6,9,627.068
1,0.0001,0,6,9,155084
0,0.0001,0,6,9,1391.14
1,0.0001,0,6,9,188079
0,0.0001,0,6,9,531.495
1,0.0001,0,6,9,21138.6
0,0.0001,0,6,9,2079.86
1,0.0001,0,6,9,312575
0,0.0001,0,6,9,2166.09
1,0.0001,0,6,9,106433
0,0.0001,0,6,9,908.232
1,0.0001,0,6,9,48332.4
0,0.0001,0,6,9,1061.05
1,0.0001,0,6,9,235649
0,0.0001,0,6,9,600.191
1,0.0001,0,6,9,108874
0,0.0001,0,6,9,1214.55
1,0.0001,0,6,9,118718
0,0.0001,0,6,9,963.462
1,0.0001,0,6,9,122709
0,0.0001,0,6,9,623.252
1,0.0001,0,6,9,154219
0,0.0001,0,6,9,472.824
1,0.0001,0,6,9,39779
0,0.0001,0,6,9,1953.75
1,0.0001,0,6,9,22221.8
0,0.0001,0,6,9,729.317
1,0.0001,0,6,9,7324.14
0,0.0001,0,6,9,1852.15
1,0.0001,0,6,9,43006.2
0,0.0001,0,6,9,559.171
1,0.0001,0,6,9,152396
0,0.0001,0,6,9,530.331
1,0.0001,0,6,9,255077
0,0.0001,0,6,9,1541.04
1,0.0001,0,6,9,16932
0,0.0001,0,6,9,920.309
1,0.0001,0,6,9,44896.3
0,0.0001,0,6,9,1247.3
1,0.0001,0,6,9,16520.4
0,0.0001,0,6,9,1798.31
1,0.0001,0,6,9,208506
0,0.0001,0,6,9,1536.71
1,0.0001,0,6,9,74854.6
0,0.0001,0,6,9,424.961
1,0.0001,0,6,9,89031.6
0,0.0001,0,6,9,488.692
1,0.0001,0,6,9,42973.1
0,0.0001,0,6,9,814.715
1,0.0001,0,6,9,48196.7
0,0.0001,0,6,9,1438.71
1,0.0001,0,6,9,38805.2
0,0.0001,0,6,9,505.336
1,0.0001,0,6,9,1655.36
0,0.0001,0,6,9,1089.02
1,0.0001,0,6,9,187735
0,0.0001,0,6,9,2255.28
1,0.0001,0,6,9,19408.8
0,0.0001,0,6,9,787.498
1,0.0001,0,6,9,2055.18
0,0.0001,0,6,9,1382.29
1,0.0001,0,6,9,199987
0,0.0001,0,6,9,1252.81
1,0.0001,0,6,9,285351
0,0.0001,0,6,9,1416.62
1,0.0001,0,6,9,66256.5
0,0.0001,0,6,9,1411.36
1,0.0001,0,6,9,54908.2
0,0.0001,0,6,9,841.03
1,0.0001,0,6,9,207649
0,0.0001,0,6,9,912.199
1,0.0001,0,6,9,29525.1
0,0.0001,0,6,9,656.744
1,0.0001,0,6,9,7686.53
0,0.0001,0,6,9,637.916
1,0.0001,0,6,9,107212
0,0.0001,0,6,9,558.023
1,0.0001,0,6,9,12062
0,0.0001,0,6,9,639.591
1,0.0001,0,6,9,44383.5
0,0.0001,0,6,9,901.661
1,0.0001,0,6,9,31158.3
0,0.0001,0,6,9,573.33
1,0.0001,0,6,9,72807.9
0,0.0001,0,6,9,269.284
1,0.0001,0,6,9,178746
0,0.0001,0,6,9,1237.05
1,0.0001,0,6,9,33754.7
0,0.0001,0,6,9,806.309
1,0.0001,0,6,9,3500.62
0,0.0001,0,6,9,611.026
1,0.0001,0,6,9,9401.23
0,0.0001,0,6,9,716.712
1,0.0001,0,6,9,10791.9
0,0.0001,0,6,9,810.276
1,0.0001,0,6,9,1480.36
0,0.0001,0,6,9,2272.94
1,0.0001,0,6,9,31828.1
0,0.0001,0,6,9,1177.17
1,0.0001,0,6,9,32671.8
0,0.0001,0,6,9,947.786
1,0.0001,0,6,9,54237.6
0,0.0001,0,6,9,816.521
1,0.0001,0,6,9,91832.2
0,0.0001,0,6,9,928.945
1,0.0001,0,6,9,97790.1
0,0.0001,0,6,9,1175.05
1,0.0001,0,6,9,81285.7
0,0.0001,0,6,9,1100.4
1,0.0001,0,6,9,45795.1
0,0.0001,0,6,9,1203.63
1,0.0001,0,6,9,3614.14
0,0.0001,0,6,9,399.529
1,0.0001,0,6,9,19969.4
0,0.0001,0,6,9,1659.02
1,0.0001,0,6,9,132218
0,0.0001,0,6,9,2173.76
1,0.0001,0,6,9,27882.8
0,0.0001,0,6,9,1181.45
1,0.0001,0,6,9,31693.2
0,0.0001,0,6,9,1181.21
1,0.0001,0,6,9,118991
0,0.0001,0,6,9,906.248
1,0.0001,0,6,9,24290.1
0,0.0001,0,6,9,1585.74
1,0.0001,0,6,9,40287.6
0,0.0001,0,6,9,862.694
1,0.0001,0,6,9,15074.9
0,0.0001,0,6,9,1102.22
1,0.0001,0,6,9,94072.8
0,0.0001,0,6,9,1643.06
1,0.0001,0,6,9,30279.9
0,0.0001,0,6,9,1186.72
1,0.0001,0,6,9,45603.1
0,0.0001,0,6,9,849.697
1,0.0001,0,6,9,30695.2
0,0.0001,0,6,9,771.988
1,0.0001,0,6,9,92793.4
0,0.0001,0,6,9,1610.27
1,0.0001,0,6,9,11775.4
0,0.0001,0,6,9,609.479
1,0.0001,0,6,9,174749
0,0.0001,0,6,9,1506.41
1,0.0001,0,6,9,182164
0,0.0001,0,6,9,1505.52
1,0.0001,0,6,9,96220.3
0,0.0001,0,6,9,752.054
1,0.0001,0,6,9,11213.4
0,0.0001,0,6,9,1066.23
1,0.0001,0,6,9,56720.9
0,0.0001,0,6,9,1690.07
1,0.0001,0,6,9,91482.2
0,0.0001,0,6,9,992.543
1,0.0001,0,6,9,54711.1
0,0.0001,0,6,9,1745.96
1,0.0001,0,6,9,77735.1
0,0.0001,0,6,9,1576.44
1,0.0001,0,6,9,169625
0,0.0001,0,6,9,428.604
1,0.0001,0,6,9,19226
0,0.0001,0,6,9,896.234
1,0.0001,0,6,9,142525
0,0.0001,0,6,9,1541.19
1,0.0001,0,6,9,23364.6
0,0.0001,0,6,9,830.862
1,0.0001,0,6,9,130905
0,0.0001,0,6,9,820.55
1,0.0001,0,6,9,7359.69
0,0.0001,0,6,9,769.05
1,0.0001,0,6,9,54338.7
0,0.0001,0,6,9,1133.81
1,0.0001,0,6,9,54376.7
0,0.0001,0,6,9,1662.07
1,0.0001,0,6,9,24937.2
0,0.0001,0,6,9,847.218
1,0.0001,0,6,9,11204.9
0,0.0001,0,6,9,811.457
1,0.0001,0,6,9,134751
0,0.0001,0,6,9,1582.76
1,0.0001,0,6,9,2957.19
0,0.0001,0,6,9,1671.6
1,0.0001,0,6,9,25086.1
0,0.0001,0,6,9,1493.41
1,0.0001,0,6,9,54166.9
0,0.0001,0,6,9,793.186
1,0.0001,0,6,9,134630
0,0.0001,0,6,9,777.832
1,0.0001,0,6,9,39449.2
0,0.0001,0,6,9,1574.78
1,0.0001,0,6,9,167326
0,0.0001,0,6,9,1378.52
1,0.0001,0,6,9,58323.5
0,0.0001,0,6,9,1032.94
1,0.0001,0,6,9,141538
0,0.0001,0,6,9,974.31
1,0.0001,0,6,9,28548.4
0,0.0001,0,6,9,1151.98
1,0.0001,0,6,9,9197.34
0,0.0001,0,6,9,1123.12
1,0.0001,0,6,9,7714.87
0,0.0001,0,6,9,2559.61
1,0.0001,0,6,9,76308.5
0,0.0001,0,6,9,473.476
1,0.0001,0,6,9,178720
0,0.0001,0,6,9,1169.74
1,0.0001,0,6,9,157668
0,0.0001,0,6,9,1217.12
1,0.0001,0,6,9,122695
0,0.0001,0,6,9,1421.01
1,0.0001,0,6,9,112403
0,0.0001,0,6,9,1254.83
1,0.0001,0,6,9,55907.8
0,0.0001,0,6,9,1362.93
1,0.0001,0,6,9,66775.3
0,0.0001,0,6,9,1263.34
1,0.0001,0,6,9,299504
0,0.0001,0,6,9,1121.03
1,0.0001,0,6,9,9972.27
0,0.0001,0,6,9,523.321
1,0.0001,0,6,9,94176.8
0,0.0001,0,6,9,2107.04
1,0.0001,0,6,9,97105.7
0,0.0001,0,6,9,481.835
1,0.0001,0,6,9,131379
0,0.0001,0,6,9,366.546
1,0.0001,0,6,9,132818
0,0.0001,0,6,9,1364.4
1,0.0001,0,6,9,17919.7
0,0.0001,0,6,9,240.41
1,0.0001,0,6,9,60518.5
0,0.0001,0,6,9,680.065
1,0.0001,0,6,9,15743
0,0.0001,0,6,9,920.162
1,0.0001,0,6,9,56527.4
0,0.0001,0,6,9,1206.29
1,0.0001,0,6,9,281444
0,0.0001,0,6,9,1105.55
1,0.0001,0,6,9,175529
0,0.0001,0,6,9,1366.29
1,0.0001,0,6,9,274077
0,0.0001,0,6,9,751.215
1,0.0001,0,6,9,44325.1
0,0.0001,0,6,9,568.199
1,0.0001,0,6,9,42265.5
0,0.0001,0,6,9,773.05
1,0.0001,0,6,9,12528.2
0,0.0001,0,6,9,612.949
1,0.0001,0,6,9,71482.8
0,0.0001,0,6,9,1080.45
1,0.0001,0,6,9,20788.6
0,0.0001,0,6,9,1025.79
1,0.0001,0,6,9,55967.3
0,0.0001,0,6,9,1238.5
1,0.0001,0,6,9,56718.7
0,0.0001,0,6,9,1185.39
1,0.0001,0,6,9,193479
0,0.0001,0,6,9,442.56
1,0.0001,0,6,9,67493.8
0,0.0001,0,6,9,1076.34
1,0.0001,0,6,9,72914.2
0,0.0001,0,6,9,370.411
1,0.0001,0,6,9,29062
0,0.0001,0,6,9,750.541
1,0.0001,0,6,9,129195
0,0.0001,0,6,9,501.345
1,0.0001,0,6,9,42326.6
0,0.0001,0,6,9,1849.39
1,0.0001,0,6,9,12355.9
0,0.0001,0,6,9,1141.61
1,0.0001,0,6,9,46624.3
0,0.0001,0,6,9,1328.31
1,0.0001,0,6,9,70052.7
0,0.0001,0,6,9,980.429
1,0.0001,0,6,9,8454.26
0,0.0001,0,6,9,557.595
1,0.0001,0,6,9,37981.9
0,0.0001,0,6,9,527.989
1,0.0001,0,6,9,52595.6
0,0.0001,0,6,9,1044.12
1,0.0001,0,6,9,42761.6
0,0.0001,0,6,9,1015.22
1,0.0001,0,6,9,36742.6
0,0.0001,0,6,9,635.772
1,0.0001,0,6,9,46286.6
0,0.0001,0,6,9,1040.38
1,0.0001,0,6,9,68340.8
0,0.0001,0,6,9,1190.62
1,0.0001,0,6,9,205361
0,0.0001,0,6,9,1337.84
1,0.0001,0,6,9,21454.1
0,0.0001,0,6,9,1148.47
1,0.0001,0,6,9,155190
0,0.0001,0,6,9,1058.86
1,0.0001,0,6,9,13450.5
0,0.0001,0,6,9,1367.58
1,0.0001,0,6,9,110626
0,0.0001,0,6,9,1073.54
1,0.0001,0,6,9,70484.8
0,0.0001,0,6,9,838.024
1,0.0001,0,6,9,59076.8
0,0.0001,0,6,9,943.824
1,0.0001,0,6,9,48641.2
0,0.0001,0,6,9,717.566
1,0.0001,0,6,9,190707
0,0.0001,0,6,9,889.98
1,0.0001,0,6,9,165351
0,0.0001,0,6,9,1567.48
1,0.0001,0,6,9,12869.7
0,0.0001,0,6,9,1218.63
1,0.0001,0,6,9,71518.9
0,0.0001,0,6,9,846.654
1,0.0001,0,6,9,16968.2
0,0.0001,0,6,9,590.511
1,0.0001,0,6,9,157447
0,0.0001,0,6,9,752.669
1,0.0001,0,6,9,3310.85
0,0.0001,0,6,9,850.442
1,0.0001,0,6,9,13131.9
0,0.0001,0,6,9,1415.09
1,0.0001,0,6,9,50827.1
0,0.0001,0,6,9,336.038
1,0.0001,0,6,9,46080.4
0,0.0001,0,6,9,1618.9
1,0.0001,0,6,9,55595
0,0.0001,0,6,9,490.23
1,0.0001,0,6,9,57342.1
0,0.0001,0,6,9,975.227
1,0.0001,0,6,9,146282
0,0.0001,0,6,9,798.064
1,0.0001,0,6,9,29885.6
0,0.0001,0,6,9,2100.81
1,0.0001,0,6,9,27732.2
0,0.0001,0,6,9,1078.71
1,0.0001,0,6,9,21407.7
0,0.0001,0,6,9,865.219
1,0.0001,0,6,9,289654
0,0.0001,0,6,9,417.675
1,0.0001,0,6,9,81867.8
0,0.0001,0,6,9,1074.51
1,0.0001,0,6,9,80323.4
0,0.0001,0,6,9,797.709
1,0.0001,0,6,9,118670
0,0.0001,0,6,9,1440.45
1,0.0001,0,6,9,88671.7
0,0.0001,0,6,9,1393.62
1,0.0001,0,6,9,10283.2
0,0.0001,0,6,9,1186.51
1,0.0001,0,6,9,159295
0,0.0001,0,6,9,629.589
1,0.0001,0,6,9,91940.4
0,0.0001,0,6,9,2360.2
1,0.0001,0,6,9,22744.4
0,0.0001,0,6,9,1198.83
1,0.0001,0,6,9,163666
0,0.0001,0,6,9,897.666
1,0.0001,0,6,9,283771
0,0.0001,0,6,9,1047.41
1,0.0001,0,6,9,135247
0,0.0001,0,6,9,1380.81
1,0.0001,0,6,9,50913.7
0,0.0001,0,6,9,257.871
1,0.0001,0,6,9,44944.3
0,0.0001,0,6,9,1069.11
1,0.0001,0,6,9,31721.7
0,0.0001,0,6,9,890.012
1,0.0001,0,6,9,104208
0,0.0001,0,6,9,529.096
1,0.0001,0,6,9,151301
0,0.0001,0,6,9,268.559
1,0.0001,0,6,9,33722.3
0,0.0001,0,6,9,1537.36
1,0.0001,0,6,9,71446
0,0.0001,0,6,9,592.87
1,0.0001,0,6,9,55863.5
0,0.0001,0,6,9,581.441
1,0.0001,0,6,9,32282.1
0,0.0001,0,6,9,1436.67
1,0.0001,0,6,9,91915.4
0,0.0001,0,6,9,1772.66
1,0.0001,0,6,9,13618.3
0,0.0001,0,6,9,1674.61
1,0.0001,0,6,9,13304.2
0,0.0001,0,6,9,1018.15
1,0.0001,0,6,9,77608.9
0,0.0001,0,6,9,1032.1
1,0.0001,0,6,9,125551
0,0.0001,0,6,9,936.71
1,0.0001,0,6,9,9081.57
0,0.0001,0,6,9,1453.51
1,0.0001,0,6,9,191743
0,0.0001,0,6,9,1091.43
1,0.0001,0,6,9,4823.71
0,0.0001,0,6,9,643.695
1,0.0001,0,6,9,120348
0,0.0001,0,6,9,1609.68
1,0.0001,0,6,9,2053.23
0,0.0001,0,6,9,1434.46
1,0.0001,0,6,9,53367.8
0,0.0001,0,6,9,519.447
1,0.0001,0,6,9,15739.8
0,0.0001,0,6,9,1427.34
1,0.0001,0,6,9,25327.6
0,0.0001,0,6,9,1271.38
1,0.0001,0,6,9,39908
0,0.0001,0,6,9,1143
1,0.0001,0,6,9,110983
0,0.0001,0,6,9,475.285
1,0.0001,0,6,9,112040
0,0.0001,0,6,9,1145.66
1,0.0001,0,6,9,52597.4
0,0.0001,0,6,9,1135.07
1,0.0001,0,6,9,73970.3
0,0.0001,0,6,9,1745.38
1,0.0001,0,6,9,95024
0,0.0001,0,6,9,1123.59
1,0.0001,0,6,9,42143.8
0,0.0001,0,6,9,1489.42
1,0.0001,0,6,9,915.655
0,0.0001,0,6,9,1478.91
1,0.0001,0,6,9,158864
0,0.0001,0,6,9,844.707
1,0.0001,0,6,9,80405.1
0,0.0001,0,6,9,1007.05
1,0.0001,0,6,9,223520
0,0.0001,0,6,9,995.721
1,0.0001,0,6,9,138135
0,0.0001,0,6,9,856.166
1,0.0001,0,6,9,41374.8
0,0.0001,0,6,9,1206.12
1,0.0001,0,6,9,19609
0,0.0001,0,6,9,2231.24
1,0.0001,0,6,9,35998.3
0,0.0001,0,6,9,878.001
1,0.0001,0,6,9,156672
0,0.0001,0,6,9,514.87
1,0.0001,0,6,9,2886.93
0,0.0001,0,6,9,912.993
1,0.0001,0,6,9,24683.9
0,0.0001,0,6,9,1610.78
1,0.0001,0,6,9,30453.7
0,0.0001,0,6,9,2464.76
1,0.0001,0,6,9,75620.4
0,0.0001,0,6,9,727.668
1,0.0001,0,6,9,150721
0,0.0001,0,6,9,1093.69
1,0.0001,0,6,9,44691.4
0,0.0001,0,6,9,1697.67
1,0.0001,0,6,9,89179.8
0,0.0001,0,6,9,729.021
1,0.0001,0,6,9,187993
0,0.0001,0,6,9,477.143
1,0.0001,0,6,9,12886.5
0,0.0001,0,6,9,1292.04
1,0.0001,0,6,9,511305
0,0.0001,0,6,9,942.061
1,0.0001,0,6,9,51294.7
0,0.0001,0,6,9,1376.48
1,0.0001,0,6,9,26865.1
0,0.0001,0,6,9,1168.01
1,0.0001,0,6,9,62936.9
0,0.0001,0,6,9,588.833
1,0.0001,0,6,9,77156.2
0,0.0001,0,6,9,775.222
1,0.0001,0,6,9,17210.8
0,0.0001,0,6,9,732.13
1,0.0001,0,6,9,192766
0,0.0001,0,6,9,1503.14
1,0.0001,0,6,9,88320.3
0,0.0001,0,6,9,1167.51
1,0.0001,0,6,9,18567.6
0,0.0001,0,6,9,836.265
1,0.0001,0,6,9,27093
0,0.0001,0,6,9,2623
1,0.0001,0,6,9,44937.1
0,0.0001,0,6,9,1370.68
1,0.0001,0,6,9,86089.3
0,0.0001,0,6,9,572.529
1,0.0001,0,6,9,123871
0,0.0001,0,6,9,950.579
1,0.0001,0,6,9,63714.7
0,0.0001,0,6,9,886.588
1,0.0001,0,6,9,3108.27
0,0.0001,0,6,9,1430.32
1,0.0001,0,6,9,8917.62
0,0.0001,0,6,9,490.519
1,0.0001,0,6,9,17205.9
0,0.0001,0,6,9,1060.84
1,0.0001,0,6,9,21748.2
0,0.0001,0,6,9,1154.09
1,0.0001,0,6,9,153778
0,0.0001,0,6,9,1638.99
1,0.0001,0,6,9,67689.7
0,0.0001,0,6,9,735.271
1,0.0001,0,6,9,15234.3
0,0.0001,0,6,9,851.613
1,0.0001,0,6,9,994.75
0,0.0001,0,6,9,531.889
1,0.0001,0,6,9,32374.7
0,0.0001,0,6,9,1276.94
1,0.0001,0,6,9,7451.14
0,0.0001,0,6,9,746.48
1,0.0001,0,6,9,81912.4
0,0.0001,0,6,9,1193.5
1,0.0001,0,6,9,27127.3
0,0.0001,0,6,9,511.557
1,0.0001,0,6,9,44362.3
0,0.0001,0,6,9,1035.5
1,0.0001,0,6,9,5134.41
0,0.0001,0,6,9,1035.96
1,0.0001,0,6,9,165712
0,0.0001,0,6,9,536.317
1,0.0001,0,6,9,89136.5
0,0.0001,0,6,9,1300.83
1,0.0001,0,6,9,252516
0,0.0001,0,6,9,2155.52
1,0.0001,0,6,9,120857
0,0.0001,0,6,9,1321.65
1,0.0001,0,6,9,189108
0,0.0001,0,6,9,505.276
1,0.0001,0,6,9,88425.6
0,0.0001,0,6,9,1144.31
1,0.0001,0,6,9,148250
0,0.0001,0,6,9,346.038
1,0.0001,0,6,9,39001.9
0,0.0001,0,6,9,1399.5
1,0.0001,0,6,9,138831
0,0.0001,0,6,9,481.3
1,0.0001,0,6,9,70291
0,0.0001,0,6,9,799.234
1,0.0001,0,6,9,308877
0,0.0001,0,6,9,1440.25
1,0.0001,0,6,9,48544.3
0,0.0001,0,6,9,927.554
1,0.0001,0,6,9,311393
0,0.0001,0,6,9,1266
1,0.0001,0,6,9,117792
0,0.0001,0,6,9,972.829
1,0.0001,0,6,9,132883
0,0.0001,0,6,9,1289.68
1,0.0001,0,6,9,260900
0,0.0001,0,6,9,754.05
1,0.0001,0,6,9,23575.1
0,0.0001,0,6,9,547.197
1,0.0001,0,6,9,54947.4
0,0.0001,0,6,9,525.06
1,0.0001,0,6,9,70599.3
0,0.0001,0,6,9,485.258
1,0.0001,0,6,9,148147
0,0.0001,0,6,9,934.894
1,0.0001,0,6,9,7505.71
0,0.0001,0,6,9,1267.43
1,0.0001,0,6,9,170229
0,0.0001,0,6,9,2859.11
1,0.0001,0,6,9,15117.3
0,0.0001,0,6,9,954.591
1,0.0001,0,6,9,84542.1
0,0.0001,0,6,9,2164.23
1,0.0001,0,6,9,84716.1
0,0.0001,0,6,9,847.279
1,0.0001,0,6,9,146712
0,0.0001,0,6,9,2609.86
1,0.0001,0,6,9,44312.2
0,0.0001,0,6,9,697.173
1,0.0001,0,6,9,107048
0,0.0001,0,6,9,926.38
1,0.0001,0,6,9,86347
0,0.0001,0,6,9,844.001
1,0.0001,0,6,9,40441.3
0,0.0001,0,6,9,754.353
1,0.0001,0,6,9,184458
0,0.0001,0,6,9,1624.2
1,0.0001,0,6,9,123875
0,0.0001,0,6,9,981.74
1,0.0001,0,6,9,62764.4
0,0.0001,0,6,9,652.831
1,0.0001,0,6,9,1134.68
0,0.0001,0,6,9,1159.65
1,0.0001,0,6,9,211335
0,0.0001,0,6,9,646.169
1,0.0001,0,6,9,57631.3
0,0.0001,0,6,9,1186.09
1,0.0001,0,6,9,17622.2
0,0.0001,0,6,9,1090.78
1,0.0001,0,6,9,101520
0,0.0001,0,6,9,1452.72
1,0.0001,0,6,9,75889.9
0,0.0001,0,6,9,2599.89
1,0.0001,0,6,9,66748.7
0,0.0001,0,6,9,2638.49
1,0.0001,0,6,9,13334.1
0,0.0001,0,6,9,252.638
1,0.0001,0,6,9,28411.2
0,0.0001,0,6,9,1514.56
1,0.0001,0,6,9,5938.35
0,0.0001,0,6,9,1362.72
1,0.0001,0,6,9,23846.3
0,0.0001,0,6,9,849.662
1,0.0001,0,6,9,181343
0,0.0001,0,6,9,866.336
1,0.0001,0,6,9,93820.8
0,0.0001,0,6,9,698.473
1,0.0001,0,6,9,19551.7
0,0.0001,0,6,9,559.008
1,0.0001,0,6,9,82968.4
0,0.0001,0,6,9,634.933
1,0.0001,0,6,9,37233.7
0,0.0001,0,6,9,743.002
1,0.0001,0,6,9,62574.1
0,0.0001,0,6,9,1488.3
1,0.0001,0,6,9,2043.64
0,0.0001,0,6,9,1018.03
1,0.0001,0,6,9,42161.5
0,0.0001,0,6,9,1275.12
1,0.0001,0,6,9,59585.2
0,0.0001,0,6,9,1418.95
1,0.0001,0,6,9,20968.6
0,0.0001,0,6,9,471.55
1,0.0001,0,6,9,1399.86
0,0.0001,0,6,9,839.449
1,0.0001,0,6,9,114599
0,0.0001,0,6,9,1261.77
1,0.0001,0,6,9,38250.6
0,0.0001,0,6,9,516.445
1,0.0001,0,6,9,18907.9
0,0.0001,0,6,9,654.177
1,0.0001,0,6,9,152081
0,0.0001,0,6,9,1977.53
1,0.0001,0,6,9,12839.2
0,0.0001,0,6,9,873.408
1,0.0001,0,6,9,86615
0,0.0001,0,6,9,1094.96
1,0.0001,0,6,9,233289
0,0.0001,0,6,9,1221.47
1,0.0001,0,6,9,34318.5
0,0.0001,0,6,9,1215.59
1,0.0001,0,6,9,33524.8
0,0.0001,0,6,9,593.06
1,0.0001,0,6,9,27242
0,0.0001,0,6,9,1462.27
1,0.0001,0,6,9,370089
0,0.0001,0,6,9,1121.27
1,0.0001,0,6,9,68836.9
0,0.0001,0,6,9,1203.71
1,0.0001,0,6,9,165223
0,0.0001,0,6,9,1552.25
1,0.0001,0,6,9,27389.4
0,0.0001,0,6,9,980.465
1,0.0001,0,6,9,17498.5
0,0.0001,0,6,9,468.264
1,0.0001,0,6,9,58532.8
0,0.0001,0,6,9,547.531
1,0.0001,0,6,9,46660.1
0,0.0001,0,6,9,1145.23
1,0.0001,0,6,9,14118.4
0,0.0001,0,6,9,323.871
1,0.0001,0,6,9,184544
0,0.0001,0,6,9,1444.43
1,0.0001,0,6,9,2215.73
0,0.0001,0,6,9,604.902
1,0.0001,0,6,9,202861
0,0.0001,0,6,9,1143.34
1,0.0001,0,6,9,274007
0,0.0001,0,6,9,635.281
1,0.0001,0,6,9,282990
0,0.0001,0,6,9,581.945
1,0.0001,0,6,9,97913
0,0.0001,0,6,9,481.479
1,0.0001,0,6,9,54317.6
0,0.0001,0,6,9,542.351
1,0.0001,0,6,9,9320.47
0,0.0001,0,6,9,722.864
1,0.0001,0,6,9,6126.79
0,0.0001,0,6,9,1099.69
1,0.0001,0,6,9,10314.3
0,0.0001,0,6,9,1079.15
1,0.0001,0,6,9,32926.9
0,0.0001,0,6,9,870.923
1,0.0001,0,6,9,76268.8
0,0.0001,0,6,9,544.46
1,0.0001,0,6,9,184.322
0,0.0001,0,6,9,1474.1
1,0.0001,0,6,9,8021.17
0,0.0001,0,6,9,791.707
1,0.0001,0,6,9,24930.9
0,0.0001,0,6,9,863.714
1,0.0001,0,6,9,140411
0,0.0001,0,6,9,388.349
1,0.0001,0,6,9,2469.58
0,0.0001,0,6,9,990.295
1,0.0001,0,6,9,11209.9
0,0.0001,0,6,9,2159.32
1,0.0001,0,6,9,103092
0,0.0001,0,6,9,548.221
1,0.0001,0,6,9,206375
0,0.0001,0,6,9,722.137
1,0.0001,0,6,9,37438.4
0,0.0001,0,6,9,1002.73
1,0.0001,0,6,9,60544.3
0,0.0001,0,6,9,408.159
1,0.0001,0,6,9,29483.9
0,0.0001,0,6,9,1140.86
1,0.0001,0,6,9,46585.8
0,0.0001,0,6,9,978.357
1,0.0001,0,6,9,84612.3
0,0.0001,0,6,9,2283.66
1,0.0001,0,6,9,52141.2
0,0.0001,0,6,9,527.084
1,0.0001,0,6,9,59897.7
0,0.0001,0,6,9,964.356
1,0.0001,0,6,9,20735.7
0,0.0001,0,6,9,1463.25
1,0.0001,0,6,9,104997
0,0.0001,0,6,9,921.935
1,0.0001,0,6,9,48040.6
0,0.0001,0,6,9,1675.31
1,0.0001,0,6,9,5014.03
0,0.0001,0,6,9,584.397
1,0.0001,0,6,9,4996.96
0,0.0001,0,6,9,550.899
1,0.0001,0,6,9,79791.6
0,0.0001,0,6,9,1059.81
1,0.0001,0,6,9,1165.29
0,0.0001,0,6,9,1921.65
1,0.0001,0,6,9,41016.6
0,0.0001,0,6,9,2802.3
1,0.0001,0,6,9,51884.1
0,0.0001,0,6,9,1502.39
1,0.0001,0,6,9,116742
0,0.0001,0,6,9,1186.56
1,0.0001,0,6,9,7937.97
0,0.0001,0,6,9,1956.69
1,0.0001,0,6,9,25332.9
0,0.0001,0,6,9,1135.5
1,0.0001,0,6,9,5018.57
0,0.0001,0,6,9,1171.37
1,0.0001,0,6,9,37878.8
0,0.0001,0,6,9,890.838
1,0.0001,0,6,9,52458.5
0,0.0001,0,6,9,1866.68
1,0.0001,0,6,9,21806.9
0,0.0001,0,6,9,1299.78
1,0.0001,0,6,9,96905.9
0,0.0001,0,6,9,2243.35
1,0.0001,0,6,9,62116.4
0,0.0001,0,6,9,1078.42
1,0.0001,0,6,9,360156
0,0.0001,0,6,9,992.812
1,0.0001,0,6,9,11771.2
0,0.0001,0,6,9,2082.52
1,0.0001,0,6,9,121270
0,0.0001,0,6,9,1641.6
1,0.0001,0,6,9,1304.91
0,0.0001,0,6,9,2216.6
1,0.0001,0,6,9,72330.4
0,0.0001,0,6,9,552.736
1,0.0001,0,6,9,133293
0,0.0001,0,6,9,1561.99
1,0.0001,0,6,9,9687.74
0,0.0001,0,6,9,1540.46
1,0.0001,0,6,9,19168.9
0,0.0001,0,6,9,2093.45
1,0.0001,0,6,9,16161.6
0,0.0001,0,6,9,1267.84
1,0.0001,0,6,9,103867
0,0.0001,0,6,9,2546.08
1,0.0001,0,6,9,36596.4
0,0.0001,0,6,9,2949.71
1,0.0001,0,6,9,63602.8
0,0.0001,0,6,9,501.177
1,0.0001,0,6,9,264741
0,0.0001,0,6,9,557.42
1,0.0001,0,6,9,90082.7
0,0.0001,0,6,9,1020.42
1,0.0001,0,6,9,4913.68
0,0.0001,0,6,9,903.443
1,0.0001,0,6,9,59421.8
0,0.0001,0,6,9,876.332
1,0.0001,0,6,9,435441
0,0.0001,0,6,9,1935.8
1,0.0001,0,6,9,117035
0,0.0001,0,6,9,1039.79
1,0.0001,0,6,9,3870.99
0,0.0001,0,6,9,503.787
1,0.0001,0,6,9,44583.4
0,0.0001,0,6,9,602.832
1,0.0001,0,6,9,149659
0,0.0001,0,6,9,882.076
1,0.0001,0,6,9,123978
0,0.0001,0,6,9,378.577
1,0.0001,0,6,9,228669
0,0.0001,0,6,9,1851.55
1,0.0001,0,6,9,222271
0,0.0001,0,6,9,516.572
1,0.0001,0,6,9,3830.03
0,0.0001,0,6,9,1090.03
1,0.0001,0,6,9,140142
0,0.0001,0,6,9,681.38
1,0.0001,0,6,9,149482
0,0.0001,0,6,9,1479.03
1,0.0001,0,6,9,33410.9
0,0.0001,0,6,9,772.806
1,0.0001,0,6,9,1468.88
0,0.0001,0,6,9,1260.69
1,0.0001,0,6,9,379564
0,0.0001,0,6,9,925.08
1,0.0001,0,6,9,35360.2
0,0.0001,0,6,9,1081.71
1,0.0001,0,6,9,87106.8
0,0.0001,0,6,9,772.396
1,0.0001,0,6,9,36082.9
0,0.0001,0,6,9,1706.8
1,0.0001,0,6,9,86463.2
0,0.0001,0,6,9,985.651
1,0.0001,0,6,9,116662
0,0.0001,0,6,9,526.822
1,0.0001,0,6,9,711.268
0,0.0001,0,6,9,1070.62
1,0.0001,0,6,9,80690.6
0,0.0001,0,6,9,719.591
1,0.0001,0,6,9,216063
0,0.0001,0,6,9,1286.82
1,0.0001,0,6,9,58708.3
0,0.0001,0,6,9,2209.66
1,0.0001,0,6,9,64201.8
0,0.0001,0,6,9,1367.33
1,0.0001,0,6,9,15694.9
0,0.0001,0,6,9,1299.16
1,0.0001,0,6,9,49263.8
0,0.0001,0,6,9,765.716
1,0.0001,0,6,9,33723.6
0,0.0001,0,6,9,2011.87
1,0.0001,0,6,9,24532.1
0,0.0001,0,6,9,835.063
1,0.0001,0,6,9,38936.1
0,0.0001,0,6,9,875.065
1,0.0001,0,6,9,8635.17
0,0.0001,0,6,9,680.106
1,0.0001,0,6,9,378285
0,0.0001,0,6,9,649.001
1,0.0001,0,6,9,10875.5
0,0.0001,0,6,9,272.524
1,0.0001,0,6,9,61996.7
0,0.0001,0,6,9,559.227
1,0.0001,0,6,9,25902.4
0,0.0001,0,6,9,508.311
1,0.0001,0,6,9,160046
0,0.0001,0,6,9,816.023
1,0.0001,0,6,9,66420
0,0.0001,0,6,9,1220.13
1,0.0001,0,6,9,14833.3
0,0.0001,0,6,9,1004.23
1,0.0001,0,6,9,140626
0,0.0001,0,6,9,1145.18
1,0.0001,0,6,9,82006.5
0,0.0001,0,6,9,2375.89
1,0.0001,0,6,9,42888
0,0.0001,0,6,9,547.958
1,0.0001,0,6,9,18250.9
0,0.0001,0,6,9,511.157
1,0.0001,0,6,9,16366.7
0,0.0001,0,6,9,634.46
1,0.0001,0,6,9,66532.4
0,0.0001,0,6,9,572.392
1,0.0001,0,6,9,116508
0,0.0001,0,6,9,1935.92
1,0.0001,0,6,9,692.525
0,0.0001,0,6,9,946.956
1,0.0001,0,6,9,56320.3
0,0.0001,0,6,9,999.706
1,0.0001,0,6,9,3122.8
0,0.0001,0,6,9,1436.41
1,0.0001,0,6,9,89309.9
0,0.0001,0,6,9,670.635
1,0.0001,0,6,9,84581
0,0.0001,0,6,9,1656.03
1,0.0001,0,6,9,2676.87
0,0.0001,0,6,9,1736.28
1,0.0001,0,6,9,13046.1
0,0.0001,0,6,9,1322.79
1,0.0001,0,6,9,33006.8
0,0.0001,0,6,9,832.975
1,0.0001,0,6,9,20734.7
0,0.0001,0,6,9,906.746
1,0.0001,0,6,9,25819
0,0.0001,0,6,9,772.272
1,0.0001,0,6,9,122599
0,0.0001,0,6,9,1810.61
1,0.0001,0,6,9,6063.43
0,0.0001,0,6,9,882.918
1,0.0001,0,6,9,55123.6
0,0.0001,0,6,9,1638.68
1,0.0001,0,6,9,5654.9
0,0.0001,0,6,9,443.175
1,0.0001,0,6,9,91921
0,0.0001,0,6,9,1043.34
1,0.0001,0,6,9,5294.27
0,0.0001,0,6,9,823.618
1,0.0001,0,6,9,77782.1
0,0.0001,0,6,9,871.234
1,0.0001,5e-06,6,9,907.89
0,0.0001,5e-06,6,9,1032.43
1,0.0001,5e-06,6,9,1449.42
0,0.0001,5e-06,6,9,957.481
1,0.0001,5e-06,6,9,853.001
0,0.0001,5e-06,6,9,1277.03
1,0.0001,5e-06,6,9,2466.41
0,0.0001,5e-06,6,9,1775.92
1,0.0001,5e-06,6,9,766.17
0,0.0001,5e-06,6,9,1069.93
1,0.0001,5e-06,6,9,3425.28
0,0.0001,5e-06,6,9,712.693
1,0.0001,5e-06,6,9,3631.69
0,0.0001,5e-06,6,9,1207.99
1,0.0001,5e-06,6,9,7095.8
0,0.0001,5e-06,6,9,1170.87
1,0.0001,5e-06,6,9,525.001
0,0.0001,5e-06,6,9,1042.68
1,0.0001,5e-06,6,9,2830.7
0,0.0001,5e-06,6,9,2163.87
1,0.0001,5e-06,6,9,1371.3
0,0.0001,5e-06,6,9,618.755
1,0.0001,5e-06,6,9,351.196
0,0.0001,5e-06,6,9,1407.5
1,0.0001,5e-06,6,9,1531.11
0,0.0001,5e-06,6,9,810.611
1,0.0001,5e-06,6,9,5357.57
0,0.0001,5e-06,6,9,849.789
1,0.0001,5e-06,6,9,1764.02
0,0.0001,5e-06,6,9,597.715
1,0.0001,5e-06,6,9,4071.48
0,0.0001,5e-06,6,9,912.199
1,0.0001,5e-06,6,9,3569.05
0,0.0001,5e-06,6,9,658.108
1,0.0001,5e-06,6,9,1258.53
0,0.0001,5e-06,6,9,1770.81
1,0.0001,5e-06,6,9,2132.69
0,0.0001,5e-06,6,9,583.161
1,0.0001,5e-06,6,9,4307.47
0,0.0001,5e-06,6,9,1434.89
1,0.0001,5e-06,6,9,857.726
0,0.0001,5e-06,6,9,685.294
1,0.0001,5e-06,6,9,437.189
0,0.0001,5e-06,6,9,653.732
1,0.0001,5e-06,6,9,80.1506
0,0.0001,5e-06,6,9,706.35
1,0.0001,5e-06,6,9,1247.42
0,0.0001,5e-06,6,9,1701.98
1,0.0001,5e-06,6,9,1880.77
0,0.0001,5e-06,6,9,798.813
1,0.0001,5e-06,6,9,282.512
0,0.0001,5e-06,6,9,860.67
1,0.0001,5e-06,6,9,3445.44
0,0.0001,5e-06,6,9,1753.53
1,0.0001,5e-06,6,9,1356.48
0,0.0001,5e-06,6,9,414.271
1,0.0001,5e-06,6,9,675.453
0,0.0001,5e-06,6,9,880.928
1,0.0001,5e-06,6,9,3137.57
0,0.0001,5e-06,6,9,1152.68
1,0.0001,5e-06,6,9,543.85
0,0.0001,5e-06,6,9,822.405
1,0.0001,5e-06,6,9,328.084
0,0.0001,5e-06,6,9,758.046
1,0.0001,5e-06,6,9,1691.19
0,0.0001,5e-06,6,9,2249.13
1,0.0001,5e-06,6,9,424.868
0,0.0001,5e-06,6,9,1102.12
1,0.0001,5e-06,6,9,2715.12
0,0.0001,5e-06,6,9,1090.77
1,0.0001,5e-06,6,9,413.08
0,0.0001,5e-06,6,9,553.306
1,0.0001,5e-06,6,9,2048.15
0,0.0001,5e-06,6,9,1446.44
1,0.0001,5e-06,6,9,3793.76
0,0.0001,5e-06,6,9,1758.29
1,0.0001,5e-06,6,9,989.679
0,0.0001,5e-06,6,9,1007.68
1,0.0001,5e-06,6,9,2445.64
0,0.0001,5e-06,6,9,215.408
1,0.0001,5e-06,6,9,3327.47
0,0.0001,5e-06,6,9,1267.51
1,0.0001,5e-06,6,9,2569.48
0,0.0001,5e-06,6,9,1490.14
1,0.0001,5e-06,6,9,1334.8
0,0.0001,5e-06,6,9,595.365
1,0.0001,5e-06,6,9,3101.83
0,0.0001,5e-06,6,9,1098.57
1,0.0001,5e-06,6,9,233.012
0,0.0001,5e-06,6,9,779.493
1,0.0001,5e-06,6,9,1407.25
0,0.0001,5e-06,6,9,1059.97
1,0.0001,5e-06,6,9,3119.3
0,0.0001,5e-06,6,9,1067.12
1,0.0001,5e-06,6,9,2301.78
0,0.0001,5e-06,6,9,884.199
1,0.0001,5e-06,6,9,3254.64
0,0.0001,5e-06,6,9,1315.25
1,0.0001,5e-06,6,9,1074.8
0,0.0001,5e-06,6,9,1102.96
1,0.0001,5e-06,6,9,5922.24
0,0.0001,5e-06,6,9,1569.73
1,0.0001,5e-06,6,9,1529.69
0,0.0001,5e-06,6,9,1709.04
1,0.0001,5e-06,6,9,2583.4
0,0.0001,5e-06,6,9,1573.72
1,0.0001,5e-06,6,9,304.932
0,0.0001,5e-06,6,9,1517.68
1,0.0001,5e-06,6,9,1283.49
0,0.0001,5e-06,6,9,1489.18
1,0.0001,5e-06,6,9,2098.76
0,0.0001,5e-06,6,9,1070.21
1,0.0001,5e-06,6,9,392.776
0,0.0001,5e-06,6,9,1078.53
1,0.0001,5e-06,6,9,2092.49
0,0.0001,5e-06,6,9,2115.38
1,0.0001,5e-06,6,9,2285.6
0,0.0001,5e-06,6,9,1583.91
1,0.0001,5e-06,6,9,4021.9
0,0.0001,5e-06,6,9,1520.45
1,0.0001,5e-06,6,9,5754.39
0,0.0001,5e-06,6,9,982.896
1,0.0001,5e-06,6,9,1469.95
0,0.0001,5e-06,6,9,627.902
1,0.0001,5e-06,6,9,887.591
0,0.0001,5e-06,6,9,896.208
1,0.0001,5e-06,6,9,1261.83
0,0.0001,5e-06,6,9,1466.77
1,0.0001,5e-06,6,9,6385.72
0,0.0001,5e-06,6,9,579.059
1,0.0001,5e-06,6,9,290.05
0,0.0001,5e-06,6,9,1068.8
1,0.0001,5e-06,6,9,2345.59
0,0.0001,5e-06,6,9,1070.4
1,0.0001,5e-06,6,9,823.073
0,0.0001,5e-06,6,9,1145.94
1,0.0001,5e-06,6,9,1651.18
0,0.0001,5e-06,6,9,1619.7
1,0.0001,5e-06,6,9,3254.75
0,0.0001,5e-06,6,9,1252.76
1,0.0001,5e-06,6,9,1813.18
0,0.0001,5e-06,6,9,960.08
1,0.0001,5e-06,6,9,1811.43
0,0.0001,5e-06,6,9,1219.41
1,0.0001,5e-06,6,9,1051.39
0,0.0001,5e-06,6,9,1316.47
1,0.0001,5e-06,6,9,797.372
0,0.0001,5e-06,6,9,854.995
1,0.0001,5e-06,6,9,656.897
0,0.0001,5e-06,6,9,1576.23
1,0.0001,5e-06,6,9,1257.27
0,0.0001,5e-06,6,9,955.782
1,0.0001,5e-06,6,9,616.653
0,0.0001,5e-06,6,9,1581.37
1,0.0001,5e-06,6,9,1834.91
0,0.0001,5e-06,6,9,784.156
1,0.0001,5e-06,6,9,872.947
0,0.0001,5e-06,6,9,971.208
1,0.0001,5e-06,6,9,1186.88
0,0.0001,5e-06,6,9,782.469
1,0.0001,5e-06,6,9,495.293
0,0.0001,5e-06,6,9,1624.42
1,0.0001,5e-06,6,9,3318.93
0,0.0001,5e-06,6,9,701.744
1,0.0001,5e-06,6,9,804.395
0,0.0001,5e-06,6,9,1542.42
1,0.0001,5e-06,6,9,1734.4
0,0.0001,5e-06,6,9,1194.86
1,0.0001,5e-06,6,9,2312.84
0,0.0001,5e-06,6,9,479.66
1,0.0001,5e-06,6,9,984.283
0,0.0001,5e-06,6,9,1406.75
1,0.0001,5e-06,6,9,1338.98
0,0.0001,5e-06,6,9,947.506
1,0.0001,5e-06,6,9,4047.24
0,0.0001,5e-06,6,9,967.833
1,0.0001,5e-06,6,9,650.326
0,0.0001,5e-06,6,9,1703.56
1,0.0001,5e-06,6,9,3115.45
0,0.0001,5e-06,6,9,1354.74
1,0.0001,5e-06,6,9,814.559
0,0.0001,5e-06,6,9,1465.99
1,0.0001,5e-06,6,9,2182.94
0,0.0001,5e-06,6,9,771.236
1,0.0001,5e-06,6,9,890.584
0,0.0001,5e-06,6,9,1454.01
1,0.0001,5e-06,6,9,1068.01
0,0.0001,5e-06,6,9,593.453
1,0.0001,5e-06,6,9,4398.5
0,0.0001,5e-06,6,9,642.618
1,0.0001,5e-06,6,9,865.934
0,0.0001,5e-06,6,9,979.453
1,0.0001,5e-06,6,9,291.52
0,0.0001,5e-06,6,9,1158.71
1,0.0001,5e-06,6,9,268.446
0,0.0001,5e-06,6,9,1067.74
1,0.0001,5e-06,6,9,822.847
0,0.0001,5e-06,6,9,1670.29
1,0.0001,5e-06,6,9,1698.43
0,0.0001,5e-06,6,9,1617.62
1,0.0001,5e-06,6,9,499.44
0,0.0001,5e-06,6,9,615.499
1,0.0001,5e-06,6,9,712.768
0,0.0001,5e-06,6,9,533.332
1,0.0001,5e-06,6,9,1503.17
0,0.0001,5e-06,6,9,1251.72
1,0.0001,5e-06,6,9,701.751
0,0.0001,5e-06,6,9,286.17
1,0.0001,5e-06,6,9,2798.35
0,0.0001,5e-06,6,9,631.164
1,0.0001,5e-06,6,9,835.142
0,0.0001,5e-06,6,9,1778.52
1,0.0001,5e-06,6,9,2904.99
0,0.0001,5e-06,6,9,508.435
1,0.0001,5e-06,6,9,3254.17
0,0.0001,5e-06,6,9,684.931
1,0.0001,5e-06,6,9,1799.18
0,0.0001,5e-06,6,9,1046.55
1,0.0001,5e-06,6,9,1820.1
0,0.0001,5e-06,6,9,1099.87
1,0.0001,5e-06,6,9,760.499
0,0.0001,5e-06,6,9,687.09
1,0.0001,5e-06,6,9,4847.67
0,0.0001,5e-06,6,9,1262.11
1,0.0001,5e-06,6,9,884.6
0,0.0001,5e-06,6,9,1392.46
1,0.0001,5e-06,6,9,192.118
0,0.0001,5e-06,6,9,1137.76
1,0.0001,5e-06,6,9,4521.57
0,0.0001,5e-06,6,9,582.518
1,0.0001,5e-06,6,9,1735.97
0,0.0001,5e-06,6,9,2592.66
1,0.0001,5e-06,6,9,1515.89
0,0.0001,5e-06,6,9,831.672
1,0.0001,5e-06,6,9,1224.86
0,0.0001,5e-06,6,9,201.552
1,0.0001,5e-06,6,9,2418.51
0,0.0001,5e-06,6,9,1894.83
1,0.0001,5e-06,6,9,1021.24
0,0.0001,5e-06,6,9,2451.45
1,0.0001,5e-06,6,9,7455.7
0,0.0001,5e-06,6,9,1621.4
1,0.0001,5e-06,6,9,3786.81
0,0.0001,5e-06,6,9,519.932
1,0.0001,5e-06,6,9,3637.8
0,0.0001,5e-06,6,9,584.937
1,0.0001,5e-06,6,9,5571.89
0,0.0001,5e-06,6,9,675.08
1,0.0001,5e-06,6,9,3091.86
0,0.0001,5e-06,6,9,1006.05
1,0.0001,5e-06,6,9,3527.34
0,0.0001,5e-06,6,9,130.797
1,0.0001,5e-06,6,9,220.361
0,0.0001,5e-06,6,9,1366.07
1,0.0001,5e-06,6,9,1048.22
0,0.0001,5e-06,6,9,250.561
1,0.0001,5e-06,6,9,655.462
0,0.0001,5e-06,6,9,1210.48
1,0.0001,5e-06,6,9,1971.26
0,0.0001,5e-06,6,9,442.927
1,0.0001,5e-06,6,9,1917.87
0,0.0001,5e-06,6,9,734.403
1,0.0001,5e-06,6,9,4575.91
0,0.0001,5e-06,6,9,2698.04
1,0.0001,5e-06,6,9,1453.8
0,0.0001,5e-06,6,9,1322.3
1,0.0001,5e-06,6,9,1419.57
0,0.0001,5e-06,6,9,936.306
1,0.0001,5e-06,6,9,2533.42
0,0.0001,5e-06,6,9,898.903
1,0.0001,5e-06,6,9,2536.51
0,0.0001,5e-06,6,9,1009.4
1,0.0001,5e-06,6,9,5020.42
0,0.0001,5e-06,6,9,820.433
1,0.0001,5e-06,6,9,411.8
0,0.0001,5e-06,6,9,476.472
1,0.0001,5e-06,6,9,524.664
0,0.0001,5e-06,6,9,356.157
1,0.0001,5e-06,6,9,2646.53
0,0.0001,5e-06,6,9,474.736
1,0.0001,5e-06,6,9,1597.89
0,0.0001,5e-06,6,9,1167.18
1,0.0001,5e-06,6,9,8416.51
0,0.0001,5e-06,6,9,1591.14
1,0.0001,5e-06,6,9,1009.01
0,0.0001,5e-06,6,9,1883.23
1,0.0001,5e-06,6,9,1020.63
0,0.0001,5e-06,6,9,1500.72
1,0.0001,5e-06,6,9,257.12
0,0.0001,5e-06,6,9,838.96
1,0.0001,5e-06,6,9,2009.35
0,0.0001,5e-06,6,9,1597.71
1,0.0001,5e-06,6,9,1508.36
0,0.0001,5e-06,6,9,1409.87
1,0.0001,5e-06,6,9,1343.85
0,0.0001,5e-06,6,9,1399.08
1,0.0001,5e-06,6,9,566.053
0,0.0001,5e-06,6,9,696.931
1,0.0001,5e-06,6,9,2417.19
0,0.0001,5e-06,6,9,1351.63
1,0.0001,5e-06,6,9,3010.81
0,0.0001,5e-06,6,9,553.154
1,0.0001,5e-06,6,9,4247.38
0,0.0001,5e-06,6,9,512.077
1,0.0001,5e-06,6,9,5406.45
0,0.0001,5e-06,6,9,1184.6
1,0.0001,5e-06,6,9,152.523
0,0.0001,5e-06,6,9,890.352
1,0.0001,5e-06,6,9,510.963
0,0.0001,5e-06,6,9,480.839
1,0.0001,5e-06,6,9,1058.28
0,0.0001,5e-06,6,9,1853.78
1,0.0001,5e-06,6,9,5719.04
0,0.0001,5e-06,6,9,471.621
1,0.0001,5e-06,6,9,4661.46
0,0.0001,5e-06,6,9,831.235
1,0.0001,5e-06,6,9,2687.82
0,0.0001,5e-06,6,9,262.915
1,0.0001,5e-06,6,9,5113.27
0,0.0001,5e-06,6,9,853.503
1,0.0001,5e-06,6,9,2929.56
0,0.0001,5e-06,6,9,1550.16
1,0.0001,5e-06,6,9,1173.07
0,0.0001,5e-06,6,9,1062.67
1,0.0001,5e-06,6,9,1131.04
0,0.0001,5e-06,6,9,379.862
1,0.0001,5e-06,6,9,2046.67
0,0.0001,5e-06,6,9,1206.15
1,0.0001,5e-06,6,9,2596.66
0,0.0001,5e-06,6,9,967.026
1,0.0001,5e-06,6,9,1397.65
0,0.0001,5e-06,6,9,980.993
1,0.0001,5e-06,6,9,276.126
0,0.0001,5e-06,6,9,1061.06
1,0.0001,5e-06,6,9,799.072
0,0.0001,5e-06,6,9,687.339
1,0.0001,5e-06,6,9,423.704
0,0.0001,5e-06,6,9,1546.08
1,0.0001,5e-06,6,9,2794.54
0,0.0001,5e-06,6,9,809.27
1,0.0001,5e-06,6,9,1475.17
0,0.0001,5e-06,6,9,1618.32
1,0.0001,5e-06,6,9,2266.65
0,0.0001,5e-06,6,9,1681.79
1,0.0001,5e-06,6,9,353.53
0,0.0001,5e-06,6,9,1376.21
1,0.0001,5e-06,6,9,2981.07
0,0.0001,5e-06,6,9,775.365
1,0.0001,5e-06,6,9,857.244
0,0.0001,5e-06,6,9,994.902
1,0.0001,5e-06,6,9,671.935
0,0.0001,5e-06,6,9,1422.82
1,0.0001,5e-06,6,9,2641.44
0,0.0001,5e-06,6,9,698.669
1,0.0001,5e-06,6,9,1650.09
0,0.0001,5e-06,6,9,1512.14
1,0.0001,5e-06,6,9,4439.38
0,0.0001,5e-06,6,9,875.477
1,0.0001,5e-06,6,9,536.674
0,0.0001,5e-06,6,9,1158.31
1,0.0001,5e-06,6,9,1093.02
0,0.0001,5e-06,6,9,725.325
1,0.0001,5e-06,6,9,1789.69
0,0.0001,5e-06,6,9,1256.82
1,0.0001,5e-06,6,9,709.767
0,0.0001,5e-06,6,9,575.432
1,0.0001,5e-06,6,9,511.999
0,0.0001,5e-06,6,9,446.286
1,0.0001,5e-06,6,9,3053.44
0,0.0001,5e-06,6,9,2509.36
1,0.0001,5e-06,6,9,2450.29
0,0.0001,5e-06,6,9,1017.82
1,0.0001,5e-06,6,9,399.456
0,0.0001,5e-06,6,9,700.463
1,0.0001,5e-06,6,9,2273.55
0,0.0001,5e-06,6,9,1338.2
1,0.0001,5e-06,6,9,1490.73
0,0.0001,5e-06,6,9,1327.67
1,0.0001,5e-06,6,9,1894.15
0,0.0001,5e-06,6,9,302.565
1,0.0001,5e-06,6,9,586.965
0,0.0001,5e-06,6,9,475.647
1,0.0001,5e-06,6,9,3214.47
0,0.0001,5e-06,6,9,2400.68
1,0.0001,5e-06,6,9,1675.77
0,0.0001,5e-06,6,9,446.719
1,0.0001,5e-06,6,9,701.637
0,0.0001,5e-06,6,9,1521.31
1,0.0001,5e-06,6,9,633.693
0,0.0001,5e-06,6,9,1832.23
1,0.0001,5e-06,6,9,2317.43
0,0.0001,5e-06,6,9,419.949
1,0.0001,5e-06,6,9,4579.26
0,0.0001,5e-06,6,9,400.983
1,0.0001,5e-06,6,9,3790.3
0,0.0001,5e-06,6,9,777.001
1,0.0001,5e-06,6,9,1171.48
0,0.0001,5e-06,6,9,1343.49
1,0.0001,5e-06,6,9,1906.14
0,0.0001,5e-06,6,9,1092.34
1,0.0001,5e-06,6,9,195.731
0,0.0001,5e-06,6,9,1012.55
1,0.0001,5e-06,6,9,3993.7
0,0.0001,5e-06,6,9,549.353
1,0.0001,5e-06,6,9,957.152
0,0.0001,5e-06,6,9,878.74
1,0.0001,5e-06,6,9,305.786
0,0.0001,5e-06,6,9,1288.09
1,0.0001,5e-06,6,9,1335.5
0,0.0001,5e-06,6,9,1015.99
1,0.0001,5e-06,6,9,2162.6
0,0.0001,5e-06,6,9,644.188
1,0.0001,5e-06,6,9,1782.23
0,0.0001,5e-06,6,9,784.907
1,0.0001,5e-06,6,9,3291.31
0,0.0001,5e-06,6,9,1085.84
1,0.0001,5e-06,6,9,3663.49
0,0.0001,5e-06,6,9,1418.76
1,0.0001,5e-06,6,9,984.099
0,0.0001,5e-06,6,9,1573.21
1,0.0001,5e-06,6,9,535.221
0,0.0001,5e-06,6,9,414.235
1,0.0001,5e-06,6,9,1594.45
0,0.0001,5e-06,6,9,617.4
1,0.0001,5e-06,6,9,1741.3
0,0.0001,5e-06,6,9,869.422
1,0.0001,5e-06,6,9,2606.32
0,0.0001,5e-06,6,9,897.332
1,0.0001,5e-06,6,9,4624.84
0,0.0001,5e-06,6,9,1790.64
1,0.0001,5e-06,6,9,459.671
0,0.0001,5e-06,6,9,1968.61
1,0.0001,5e-06,6,9,1591.59
0,0.0001,5e-06,6,9,1816.03
1,0.0001,5e-06,6,9,2787.78
0,0.0001,5e-06,6,9,654.839
1,0.0001,5e-06,6,9,864.186
0,0.0001,5e-06,6,9,1156.59
1,0.0001,5e-06,6,9,2184.6
0,0.0001,5e-06,6,9,1172.39
1,0.0001,5e-06,6,9,5356.35
0,0.0001,5e-06,6,9,2235.46
1,0.0001,5e-06,6,9,2075.21
0,0.0001,5e-06,6,9,1489.49
1,0.0001,5e-06,6,9,1938.51
0,0.0001,5e-06,6,9,1605.05
1,0.0001,5e-06,6,9,637.238
0,0.0001,5e-06,6,9,292.738
1,0.0001,5e-06,6,9,2389.26
0,0.0001,5e-06,6,9,607.581
1,0.0001,5e-06,6,9,1227.09
0,0.0001,5e-06,6,9,932.194
1,0.0001,5e-06,6,9,1084.51
0,0.0001,5e-06,6,9,405.828
1,0.0001,5e-06,6,9,212.693
0,0.0001,5e-06,6,9,1513.17
1,0.0001,5e-06,6,9,2307.61
0,0.0001,5e-06,6,9,981.643
1,0.0001,5e-06,6,9,614.013
0,0.0001,5e-06,6,9,996.145
1,0.0001,5e-06,6,9,792.678
0,0.0001,5e-06,6,9,961.518
1,0.0001,5e-06,6,9,79.7901
0,0.0001,5e-06,6,9,1601.3
1,0.0001,5e-06,6,9,2222.16
0,0.0001,5e-06,6,9,956.883
1,0.0001,5e-06,6,9,889.189
0,0.0001,5e-06,6,9,1366.87
1,0.0001,5e-06,6,9,1925.37
0,0.0001,5e-06,6,9,868.098
1,0.0001,5e-06,6,9,2915.3
0,0.0001,5e-06,6,9,1429.31
1,0.0001,5e-06,6,9,1462.32
0,0.0001,5e-06,6,9,1420.94
1,0.0001,5e-06,6,9,1573.4
0,0.0001,5e-06,6,9,796.487
1,0.0001,5e-06,6,9,1053.25
0,0.0001,5e-06,6,9,1354.96
1,0.0001,5e-06,6,9,2872.49
0,0.0001,5e-06,6,9,652.657
1,0.0001,5e-06,6,9,493.243
0,0.0001,5e-06,6,9,665.222
1,0.0001,5e-06,6,9,1321.36
0,0.0001,5e-06,6,9,877.464
1,0.0001,5e-06,6,9,2815.67
0,0.0001,5e-06,6,9,1496.03
1,0.0001,5e-06,6,9,1783.17
0,0.0001,5e-06,6,9,1005.37
1,0.0001,5e-06,6,9,3595.91
0,0.0001,5e-06,6,9,1646.65
1,0.0001,5e-06,6,9,1293.17
0,0.0001,5e-06,6,9,565.817
1,0.0001,5e-06,6,9,1930.69
0,0.0001,5e-06,6,9,1554.09
1,0.0001,5e-06,6,9,2976.73
0,0.0001,5e-06,6,9,482.758
1,0.0001,5e-06,6,9,1611.89
0,0.0001,5e-06,6,9,1090.74
1,0.0001,5e-06,6,9,3764.17
0,0.0001,5e-06,6,9,1741.32
1,0.0001,5e-06,6,9,3991.63
0,0.0001,5e-06,6,9,639.409
1,0.0001,5e-06,6,9,2585.54
0,0.0001,5e-06,6,9,651.687
1,0.0001,5e-06,6,9,2374.12
0,0.0001,5e-06,6,9,499.54
1,0.0001,5e-06,6,9,7075.54
0,0.0001,5e-06,6,9,703.553
1,0.0001,5e-06,6,9,2403.62
0,0.0001,5e-06,6,9,1197.68
1,0.0001,5e-06,6,9,1060.85
0,0.0001,5e-06,6,9,819.525
1,0.0001,5e-06,6,9,664.677
0,0.0001,5e-06,6,9,1431.28
1,0.0001,5e-06,6,9,1006.97
0,0.0001,5e-06,6,9,546.312
1,0.0001,5e-06,6,9,51.9573
0,0.0001,5e-06,6,9,1845.5
1,0.0001,5e-06,6,9,1249.22
0,0.0001,5e-06,6,9,959.376
1,0.0001,5e-06,6,9,465.88
0,0.0001,5e-06,6,9,1333.4
1,0.0001,5e-06,6,9,4193.52
0,0.0001,5e-06,6,9,1326.07
1,0.0001,5e-06,6,9,1394.79
0,0.0001,5e-06,6,9,545.242
1,0.0001,5e-06,6,9,569.254
0,0.0001,5e-06,6,9,978.417
1,0.0001,5e-06,6,9,1808.91
0,0.0001,5e-06,6,9,1297.66
1,0.0001,5e-06,6,9,380.744
0,0.0001,5e-06,6,9,1055.29
1,0.0001,5e-06,6,9,2533.71
0,0.0001,5e-06,6,9,1169.35
1,0.0001,5e-06,6,9,289.827
0,0.0001,5e-06,6,9,1280.55
1,0.0001,5e-06,6,9,788.198
0,0.0001,5e-06,6,9,958.866
1,0.0001,5e-06,6,9,3276.51
0,0.0001,5e-06,6,9,847.402
1,0.0001,5e-06,6,9,152.436
0,0.0001,5e-06,6,9,2428.56
1,0.0001,5e-06,6,9,988.781
0,0.0001,5e-06,6,9,1023.48
1,0.0001,5e-06,6,9,650.542
0,0.0001,5e-06,6,9,1466.75
1,0.0001,5e-06,6,9,6140.23
0,0.0001,5e-06,6,9,1725.04
1,0.0001,5e-06,6,9,1416.48
0,0.0001,5e-06,6,9,1113.38
1,0.0001,5e-06,6,9,667.582
0,0.0001,5e-06,6,9,1173.5
1,0.0001,5e-06,6,9,618.435
0,0.0001,5e-06,6,9,1325.08
1,0.0001,5e-06,6,9,5180.24
0,0.0001,5e-06,6,9,617.474
1,0.0001,5e-06,6,9,269.132
0,0.0001,5e-06,6,9,625.135
1,0.0001,5e-06,6,9,1980.88
0,0.0001,5e-06,6,9,624.588
1,0.0001,5e-06,6,9,3284.28
0,0.0001,5e-06,6,9,2003.19
1,0.0001,5e-06,6,9,771.528
0,0.0001,5e-06,6,9,1220.55
1,0.0001,5e-06,6,9,4229.52
0,0.0001,5e-06,6,9,1663.79
1,0.0001,5e-06,6,9,2105.63
0,0.0001,5e-06,6,9,1457.36
1,0.0001,5e-06,6,9,2181.2
0,0.0001,5e-06,6,9,808.065
1,0.0001,5e-06,6,9,1143.18
0,0.0001,5e-06,6,9,1634
1,0.0001,5e-06,6,9,2621.95
0,0.0001,5e-06,6,9,1874.29
1,0.0001,5e-06,6,9,3675.04
0,0.0001,5e-06,6,9,1577.75
1,0.0001,5e-06,6,9,398.185
0,0.0001,5e-06,6,9,657.12
1,0.0001,5e-06,6,9,206.904
0,0.0001,5e-06,6,9,1054.34
1,0.0001,5e-06,6,9,1837.02
0,0.0001,5e-06,6,9,522.975
1,0.0001,5e-06,6,9,2412.15
0,0.0001,5e-06,6,9,767.056
1,0.0001,5e-06,6,9,2465.67
0,0.0001,5e-06,6,9,1685.77
1,0.0001,5e-06,6,9,2431.71
0,0.0001,5e-06,6,9,1180.24
1,0.0001,5e-06,6,9,704.469
0,0.0001,5e-06,6,9,386.645
1,0.0001,5e-06,6,9,2883.13
0,0.0001,5e-06,6,9,755.977
1,0.0001,5e-06,6,9,5359.45
0,0.0001,5e-06,6,9,1836.17
1,0.0001,5e-06,6,9,812.827
0,0.0001,5e-06,6,9,943.578
1,0.0001,5e-06,6,9,916.033
0,0.0001,5e-06,6,9,735.875
1,0.0001,5e-06,6,9,760.628
0,0.0001,5e-06,6,9,631.978
1,0.0001,5e-06,6,9,950.572
0,0.0001,5e-06,6,9,1164.77
1,0.0001,5e-06,6,9,3064.9
0,0.0001,5e-06,6,9,1384.67
1,0.0001,5e-06,6,9,337.952
0,0.0001,5e-06,6,9,682.91
1,0.0001,5e-06,6,9,1539.4
0,0.0001,5e-06,6,9,971.004
1,0.0001,5e-06,6,9,2570.09
0,0.0001,5e-06,6,9,364.995
1,0.0001,5e-06,6,9,439.923
0,0.0001,5e-06,6,9,1038.82
1,0.0001,5e-06,6,9,3855.96
0,0.0001,5e-06,6,9,562.847
1,0.0001,5e-06,6,9,239.362
0,0.0001,5e-06,6,9,476.305
1,0.0001,5e-06,6,9,525.492
0,0.0001,5e-06,6,9,677.234
1,0.0001,5e-06,6,9,1678.65
0,0.0001,5e-06,6,9,2033.65
1,0.0001,5e-06,6,9,2584.38
0,0.0001,5e-06,6,9,1152.08
1,0.0001,5e-06,6,9,2590.77
0,0.0001,5e-06,6,9,1337.42
1,0.0001,5e-06,6,9,198.769
0,0.0001,5e-06,6,9,1690.19
1,0.0001,5e-06,6,9,918.179
0,0.0001,5e-06,6,9,659.575
1,0.0001,5e-06,6,9,1777.2
0,0.0001,5e-06,6,9,1417.43
1,0.0001,5e-06,6,9,3308.41
0,0.0001,5e-06,6,9,1355.65
1,0.0001,5e-06,6,9,1551.61
0,0.0001,5e-06,6,9,873.514
1,0.0001,5e-06,6,9,577.311
0,0.0001,5e-06,6,9,1517.3
1,0.0001,5e-06,6,9,1592.55
0,0.0001,5e-06,6,9,894.837
1,0.0001,5e-06,6,9,994.33
0,0.0001,5e-06,6,9,557.855
1,0.0001,5e-06,6,9,4363.93
0,0.0001,5e-06,6,9,1347.43
1,0.0001,5e-06,6,9,2323.84
0,0.0001,5e-06,6,9,225.214
1,0.0001,5e-06,6,9,3621.09
0,0.0001,5e-06,6,9,808.914
1,0.0001,5e-06,6,9,2712.47
0,0.0001,5e-06,6,9,394.091
1,0.0001,5e-06,6,9,309.021
0,0.0001,5e-06,6,9,813.606
1,0.0001,5e-06,6,9,1963.4
0,0.0001,5e-06,6,9,905.384
1,0.0001,5e-06,6,9,976.549
0,0.0001,5e-06,6,9,481.991
1,0.0001,5e-06,6,9,975.415
0,0.0001,5e-06,6,9,999.782
1,0.0001,5e-06,6,9,3157.82
0,0.0001,5e-06,6,9,1075.69
1,0.0001,5e-06,6,9,2149.47
0,0.0001,5e-06,6,9,730.317
1,0.0001,5e-06,6,9,2357.55
0,0.0001,5e-06,6,9,456.121
1,0.0001,5e-06,6,9,3467.06
0,0.0001,5e-06,6,9,2270.16
1,0.0001,5e-06,6,9,960.412
0,0.0001,5e-06,6,9,1224.96
1,0.0001,5e-06,6,9,1796.98
0,0.0001,5e-06,6,9,1385.7
1,0.0001,5e-06,6,9,11417.2
0,0.0001,5e-06,6,9,496.857
1,0.0001,5e-06,6,9,942.22
0,0.0001,5e-06,6,9,1042.25
1,0.0001,5e-06,6,9,688.867
0,0.0001,5e-06,6,9,1058.96
1,0.0001,5e-06,6,9,506.533
0,0.0001,5e-06,6,9,1413.49
1,0.0001,5e-06,6,9,142.179
0,0.0001,5e-06,6,9,1293.41
1,0.0001,5e-06,6,9,6151.38
0,0.0001,5e-06,6,9,1559.59
1,0.0001,5e-06,6,9,1697.77
0,0.0001,5e-06,6,9,592.228
1,0.0001,5e-06,6,9,269.018
0,0.0001,5e-06,6,9,1965.48
1,0.0001,5e-06,6,9,1043.39
0,0.0001,5e-06,6,9,1436.16
1,0.0001,5e-06,6,9,643.854
0,0.0001,5e-06,6,9,1241.42
1,0.0001,5e-06,6,9,2321.12
0,0.0001,5e-06,6,9,758.729
1,0.0001,5e-06,6,9,4402.75
0,0.0001,5e-06,6,9,1076.36
1,0.0001,5e-06,6,9,1715.87
0,0.0001,5e-06,6,9,818.67
1,0.0001,5e-06,6,9,1268.25
0,0.0001,5e-06,6,9,432.904
1,0.0001,5e-06,6,9,1300.74
0,0.0001,5e-06,6,9,835.618
1,0.0001,5e-06,6,9,1811.2
0,0.0001,5e-06,6,9,1385.49
1,0.0001,5e-06,6,9,1406.3
0,0.0001,5e-06,6,9,1096.06
1,0.0001,5e-06,6,9,7414.24
0,0.0001,5e-06,6,9,1348.04
1,0.0001,5e-06,6,9,2061.55
0,0.0001,5e-06,6,9,1524.44
1,0.0001,5e-06,6,9,4880.17
0,0.0001,5e-06,6,9,724.604
1,0.0001,5e-06,6,9,2154.8
0,0.0001,5e-06,6,9,652.318
1,0.0001,5e-06,6,9,1656.93
0,0.0001,5e-06,6,9,1060.46
1,0.0001,5e-06,6,9,1282.97
0,0.0001,5e-06,6,9,308.46
1,0.0001,5e-06,6,9,6659.02
0,0.0001,5e-06,6,9,1661.79
1,0.0001,5e-06,6,9,1212.04
0,0.0001,5e-06,6,9,916.025
1,0.0001,5e-06,6,9,3283.29
0,0.0001,5e-06,6,9,595.053
1,0.0001,5e-06,6,9,2332.52
0,0.0001,5e-06,6,9,952.978
1,0.0001,5e-06,6,9,1774.51
0,0.0001,5e-06,6,9,1061.07
1,0.0001,5e-06,6,9,345.675
0,0.0001,5e-06,6,9,607.225
1,0.0001,5e-06,6,9,2753.19
0,0.0001,5e-06,6,9,744.605
1,0.0001,5e-06,6,9,1167.82
0,0.0001,5e-06,6,9,642.3
1,0.0001,5e-06,6,9,4728.19
0,0.0001,5e-06,6,9,1457.04
1,0.0001,5e-06,6,9,447.949
0,0.0001,5e-06,6,9,1918.17
1,0.0001,5e-06,6,9,675.739
0,0.0001,5e-06,6,9,845.644
1,0.0001,5e-06,6,9,904.073
0,0.0001,5e-06,6,9,239.527
1,0.0001,5e-06,6,9,139.016
0,0.0001,5e-06,6,9,2054.64
1,0.0001,5e-06,6,9,1244.74
0,0.0001,5e-06,6,9,878.774
1,0.0001,5e-06,6,9,2398.15
0,0.0001,5e-06,6,9,452.18
1,0.0001,5e-06,6,9,2537.86
0,0.0001,5e-06,6,9,1178.9
1,0.0001,5e-06,6,9,4017.77
0,0.0001,5e-06,6,9,1934.56
1,0.0001,5e-06,6,9,3449.23
0,0.0001,5e-06,6,9,879.546
1,0.0001,5e-06,6,9,2856.46
0,0.0001,5e-06,6,9,1339.77
1,0.0001,5e-06,6,9,2567.81
0,0.0001,5e-06,6,9,1042.39
1,0.0001,5e-06,6,9,793.048
0,0.0001,5e-06,6,9,424.831
1,0.0001,5e-06,6,9,2883.61
0,0.0001,5e-06,6,9,2768.03
1,0.0001,5e-06,6,9,1019.37
0,0.0001,5e-06,6,9,603.221
1,0.0001,5e-06,6,9,1779.77
0,0.0001,5e-06,6,9,362.704
1,0.0001,5e-06,6,9,788.149
0,0.0001,5e-06,6,9,1254.79
1,0.0001,5e-06,6,9,786.327
0,0.0001,5e-06,6,9,1116.95
1,0.0001,5e-06,6,9,2667.82
0,0.0001,5e-06,6,9,1452.85
1,0.0001,5e-06,6,9,3398.81
0,0.0001,5e-06,6,9,1469.13
1,0.0001,5e-06,6,9,780.197
0,0.0001,5e-06,6,9,698.018
1,0.0001,5e-06,6,9,499.978
0,0.0001,5e-06,6,9,1730.83
1,0.0001,5e-06,6,9,305.821
0,0.0001,5e-06,6,9,966.485
1,0.0001,5e-06,6,9,411.863
0,0.0001,5e-06,6,9,547.095
1,0.0001,5e-06,6,9,535.014
0,0.0001,5e-06,6,9,739.916
1,0.0001,5e-06,6,9,3841.01
0,0.0001,5e-06,6,9,1727.85
1,0.0001,5e-06,6,9,4814.95
0,0.0001,5e-06,6,9,761.279
1,0.0001,5e-06,6,9,1937.37
0,0.0001,5e-06,6,9,2232.54
1,0.0001,5e-06,6,9,2315.05
0,0.0001,5e-06,6,9,790.621
1,0.0001,5e-06,6,9,5083.82
0,0.0001,5e-06,6,9,1296.16
1,0.0001,5e-06,6,9,1327.59
0,0.0001,5e-06,6,9,1143.29
1,0.0001,5e-06,6,9,1031.83
0,0.0001,5e-06,6,9,996.357
1,0.0001,5e-06,6,9,494.913
0,0.0001,5e-06,6,9,976.629
1,0.0001,5e-06,6,9,552.384
0,0.0001,5e-06,6,9,1240.44
1,0.0001,5e-06,6,9,329.881
0,0.0001,5e-06,6,9,385.003
1,0.0001,5e-06,6,9,3841.67
0,0.0001,5e-06,6,9,826.379
1,0.0001,5e-06,6,9,3871.4
0,0.0001,5e-06,6,9,1031.92
1,0.0001,5e-06,6,9,2739.82
0,0.0001,5e-06,6,9,1508.03
1,0.0001,5e-06,6,9,872.877
0,0.0001,5e-06,6,9,817.247
1,0.0001,5e-06,6,9,1155.95
0,0.0001,5e-06,6,9,1363.29
1,0.0001,5e-06,6,9,673.437
0,0.0001,5e-06,6,9,893.214
1,0.0001,5e-06,6,9,2462.57
0,0.0001,5e-06,6,9,1153.48
1,0.0001,5e-06,6,9,1437.87
0,0.0001,5e-06,6,9,1076.81
1,0.0001,5e-06,6,9,463.672
0,0.0001,5e-06,6,9,1174.27
1,0.0001,5e-06,6,9,859.419
0,0.0001,5e-06,6,9,2000.7
1,0.0001,5e-06,6,9,623.648
0,0.0001,5e-06,6,9,702.92
1,0.0001,5e-06,6,9,167.037
0,0.0001,5e-06,6,9,1457.06
1,0.0001,5e-06,6,9,1309.21
0,0.0001,5e-06,6,9,1154.64
1,0.0001,5e-06,6,9,4086.3
0,0.0001,5e-06,6,9,688.877
1,0.0001,5e-06,6,9,1459.29
0,0.0001,5e-06,6,9,1685.79
1,0.0001,5e-06,6,9,220.486
0,0.0001,5e-06,6,9,1098.38
1,0.0001,5e-06,6,9,3000.54
0,0.0001,5e-06,6,9,820.807
1,0.0001,5e-06,6,9,1305.59
0,0.0001,5e-06,6,9,758.621
1,0.0001,5e-06,6,9,4642.38
0,0.0001,5e-06,6,9,2539.14
1,0.0001,5e-06,6,9,301.326
0,0.0001,5e-06,6,9,1241.16
1,0.0001,5e-06,6,9,1010.45
0,0.0001,5e-06,6,9,1677.83
1,0.0001,5e-06,6,9,205.378
0,0.0001,5e-06,6,9,842.407
1,0.0001,5e-06,6,9,1593.98
0,0.0001,5e-06,6,9,1324.03
1,0.0001,5e-06,6,9,1153.05
0,0.0001,5e-06,6,9,327.61
1,0.0001,5e-06,6,9,2142.13
0,0.0001,5e-06,6,9,1123.05
1,0.0001,5e-06,6,9,672.889
0,0.0001,5e-06,6,9,723.141
1,0.0001,5e-06,6,9,5186.34
0,0.0001,5e-06,6,9,477.628
1,0.0001,5e-06,6,9,5782.82
0,0.0001,5e-06,6,9,1046.33
1,0.0001,5e-06,6,9,1167.38
0,0.0001,5e-06,6,9,733.064
1,0.0001,5e-06,6,9,2888.17
0,0.0001,5e-06,6,9,1004.6
1,0.0001,5e-06,6,9,2275.03
0,0.0001,5e-06,6,9,1342.27
1,0.0001,5e-06,6,9,2861.8
0,0.0001,5e-06,6,9,1366.73
1,0.0001,5e-06,6,9,3031.61
0,0.0001,5e-06,6,9,613.052
1,0.0001,5e-06,6,9,314.332
0,0.0001,5e-06,6,9,1024.58
1,0.0001,5e-06,6,9,756.535
0,0.0001,5e-06,6,9,821.754
1,0.0001,5e-06,6,9,1442.53
0,0.0001,5e-06,6,9,1077.4
1,0.0001,5e-06,6,9,1039.1
0,0.0001,5e-06,6,9,1310.6
1,0.0001,5e-06,6,9,1883.25
0,0.0001,5e-06,6,9,1397.2
1,0.0001,5e-06,6,9,1820.88
0,0.0001,5e-06,6,9,2213.94
1,0.0001,5e-06,6,9,2572.48
0,0.0001,5e-06,6,9,1144.08
1,0.0001,5e-06,6,9,609.482
0,0.0001,5e-06,6,9,679.421
1,0.0001,5e-06,6,9,42.0107
0,0.0001,5e-06,6,9,1886.3
1,0.0001,5e-06,6,9,1884.23
0,0.0001,5e-06,6,9,527.881
1,0.0001,5e-06,6,9,1204.58
0,0.0001,5e-06,6,9,971.531
1,0.0001,5e-06,6,9,598.745
0,0.0001,5e-06,6,9,1061.22
1,0.0001,5e-06,6,9,1726
0,0.0001,5e-06,6,9,829.601
1,0.0001,5e-06,6,9,764.91
0,0.0001,5e-06,6,9,1566
1,0.0001,5e-06,6,9,380.265
0,0.0001,5e-06,6,9,505.44
1,0.0001,5e-06,6,9,4067.74
0,0.0001,5e-06,6,9,1183.23
1,0.0001,5e-06,6,9,390.197
0,0.0001,5e-06,6,9,367.491
1,0.0001,5e-06,6,9,1387.94
0,0.0001,5e-06,6,9,543.204
1,0.0001,5e-06,6,9,521.794
0,0.0001,5e-06,6,9,709.277
1,0.0001,5e-06,6,9,2037.49
0,0.0001,5e-06,6,9,1055.67
1,0.0001,5e-06,6,9,1489.9
0,0.0001,5e-06,6,9,763.293
1,0.0001,5e-06,6,9,748.751
0,0.0001,5e-06,6,9,502.273
1,0.0001,5e-06,6,9,1667.92
0,0.0001,5e-06,6,9,573.212
1,0.0001,5e-06,6,9,4208.15
0,0.0001,5e-06,6,9,716.855
1,0.0001,5e-06,6,9,348.873
0,0.0001,5e-06,6,9,563.751
1,0.0001,5e-06,6,9,128.151
0,0.0001,5e-06,6,9,1360.55
1,0.0001,5e-06,6,9,429.447
0,0.0001,5e-06,6,9,1307.59
1,0.0001,5e-06,6,9,1173.74
0,0.0001,5e-06,6,9,519.796
1,0.0001,5e-06,6,9,3434.34
0,0.0001,5e-06,6,9,692.857
1,0.0001,5e-06,6,9,491.207
0,0.0001,5e-06,6,9,775.338
1,0.0001,5e-06,6,9,728.578
0,0.0001,5e-06,6,9,223.581
1,0.0001,5e-06,6,9,2207.75
0,0.0001,5e-06,6,9,959.602
1,0.0001,5e-06,6,9,1947.53
0,0.0001,5e-06,6,9,596.878
1,0.0001,5e-06,6,9,4693.99
0,0.0001,5e-06,6,9,2585.49
1,0.0001,5e-06,6,9,862.389
0,0.0001,5e-06,6,9,1322.99
1,0.0001,5e-06,6,9,2423.16
0,0.0001,5e-06,6,9,702.034
1,0.0001,5e-06,6,9,1775.79
0,0.0001,5e-06,6,9,1020.62
1,0.0001,5e-06,6,9,1078.79
0,0.0001,5e-06,6,9,1136.55
1,0.0001,5e-06,6,9,1981.92
0,0.0001,5e-06,6,9,999.981
1,0.0001,5e-06,6,9,1278.07
0,0.0001,5e-06,6,9,1517.4
1,0.0001,5e-06,6,9,3868.28
0,0.0001,5e-06,6,9,808.816
1,0.0001,5e-06,6,9,1568.18
0,0.0001,5e-06,6,9,1307.31
1,0.0001,5e-06,6,9,1191.9
0,0.0001,5e-06,6,9,1524.23
1,0.0001,5e-06,6,9,784.706
0,0.0001,5e-06,6,9,1594.77
1,0.0001,5e-06,6,9,1606.62
0,0.0001,5e-06,6,9,1402.62
1,0.0001,5e-06,6,9,1034.88
0,0.0001,5e-06,6,9,758.177
1,0.0001,5e-06,6,9,737.085
0,0.0001,5e-06,6,9,932.495
1,0.0001,5e-06,6,9,3231.05
0,0.0001,5e-06,6,9,335.742
1,0.0001,5e-06,6,9,554.832
0,0.0001,5e-06,6,9,1045.03
1,0.0001,5e-06,6,9,3188.99
0,0.0001,5e-06,6,9,1354.77
1,0.0001,5e-06,6,9,1328.22
0,0.0001,5e-06,6,9,626.241
1,0.0001,5e-06,6,9,2121.37
0,0.0001,5e-06,6,9,905.201
1,0.0001,5e-06,6,9,1783.62
0,0.0001,5e-06,6,9,525.985
1,0.0001,5e-06,6,9,923.956
0,0.0001,5e-06,6,9,1636.84
1,0.0001,5e-06,6,9,2313.15
0,0.0001,5e-06,6,9,972.989
1,0.0001,5e-06,6,9,5526.56
0,0.0001,5e-06,6,9,1424.63
1,0.0001,5e-06,6,9,1156.16
0,0.0001,5e-06,6,9,1001.37
1,0.0001,5e-06,6,9,2798.74
0,0.0001,5e-06,6,9,518.452
1,0.0001,5e-06,6,9,535.073
0,0.0001,5e-06,6,9,1518.56
1,0.0001,5e-06,6,9,5373.95
0,0.0001,5e-06,6,9,415.855
1,0.0001,5e-06,6,9,1373.8
0,0.0001,5e-06,6,9,985.037
1,0.0001,5e-06,6,9,3485.83
0,0.0001,5e-06,6,9,1060.79
1,0.0001,5e-06,6,9,1955.51
0,0.0001,5e-06,6,9,1077.32
1,0.0001,5e-06,6,9,2559.14
0,0.0001,5e-06,6,9,761.229
1,0.0001,5e-06,6,9,5290.36
0,0.0001,5e-06,6,9,1116.1
1,0.0001,5e-06,6,9,676.239
0,0.0001,5e-06,6,9,1216.39
1,0.0001,5e-06,6,9,560.594
0,0.0001,5e-06,6,9,776.686
1,0.0001,5e-06,6,9,2489.97
0,0.0001,5e-06,6,9,865.949
1,0.0001,5e-06,6,9,4802.99
0,0.0001,5e-06,6,9,1153
1,0.0001,5e-06,6,9,2532.9
0,0.0001,5e-06,6,9,1395.16
1,0.0001,5e-06,6,9,1057.8
0,0.0001,5e-06,6,9,1592.64
1,0.0001,5e-06,6,9,2179.93
0,0.0001,5e-06,6,9,1567.68
1,0.0001,5e-06,6,9,554.31
0,0.0001,5e-06,6,9,1230.59
1,0.0001,5e-06,6,9,1458.7
0,0.0001,5e-06,6,9,1545.83
1,0.0001,5e-06,6,9,349.822
0,0.0001,5e-06,6,9,694.81
1,0.0001,5e-06,6,9,4954.84
0,0.0001,5e-06,6,9,1169.86
1,0.0001,5e-06,6,9,3194.37
0,0.0001,5e-06,6,9,714.321
1,0.0001,5e-06,6,9,615.031
0,0.0001,5e-06,6,9,489.314
1,0.0001,5e-06,6,9,1487.74
0,0.0001,5e-06,6,9,2282.27
1,0.0001,5e-06,6,9,3723.48
0,0.0001,5e-06,6,9,1079.91
1,0.0001,5e-06,6,9,5538.64
0,0.0001,5e-06,6,9,960.808
1,0.0001,5e-06,6,9,1425.72
0,0.0001,5e-06,6,9,1056.13
1,0.0001,5e-06,6,9,6636.72
0,0.0001,5e-06,6,9,1325.61
1,0.0001,5e-06,6,9,3115.32
0,0.0001,5e-06,6,9,823.478
1,0.0001,5e-06,6,9,4716.07
0,0.0001,5e-06,6,9,1072.29
1,0.0001,5e-06,6,9,60.7763
0,0.0001,5e-06,6,9,989.307
1,0.0001,5e-06,6,9,2245.17
0,0.0001,5e-06,6,9,724.905
1,0.0001,5e-06,6,9,914.752
0,0.0001,5e-06,6,9,545.178
1,0.0001,5e-06,6,9,1902.04
0,0.0001,5e-06,6,9,1107.45
1,0.0001,5e-06,6,9,901.394
0,0.0001,5e-06,6,9,1846.68
1,0.0001,5e-06,6,9,3331.15
0,0.0001,5e-06,6,9,1206.76
1,0.0001,5e-06,6,9,1040.35
0,0.0001,5e-06,6,9,1422.48
1,0.0001,5e-06,6,9,2720.06
0,0.0001,5e-06,6,9,599.038
1,0.0001,5e-06,6,9,3149.61
0,0.0001,5e-06,6,9,1208.67
1,0.0001,5e-06,6,9,1163.51
0,0.0001,5e-06,6,9,1713.39
1,0.0001,5e-06,6,9,400.02
0,0.0001,5e-06,6,9,975.812
1,0.0001,5e-06,6,9,633.207
0,0.0001,5e-06,6,9,1411.9
1,0.0001,5e-06,6,9,328.794
0,0.0001,5e-06,6,9,324.569
1,0.0001,5e-06,6,9,2065.25
0,0.0001,5e-06,6,9,1201.81
1,0.0001,5e-06,6,9,1602.96
0,0.0001,5e-06,6,9,1007.81
1,0.0001,5e-06,6,9,1278.01
0,0.0001,5e-06,6,9,1178.53
1,0.0001,5e-06,6,9,1988.78
0,0.0001,5e-06,6,9,2152.12
1,0.0001,5e-06,6,9,1302.76
0,0.0001,5e-06,6,9,709.755
1,0.0001,5e-06,6,9,967.864
0,0.0001,5e-06,6,9,1548.2
1,0.0001,5e-06,6,9,480.286
0,0.0001,5e-06,6,9,1036.61
1,0.0001,5e-06,6,9,297.304
0,0.0001,5e-06,6,9,504.055
1,0.0001,5e-06,6,9,42.6992
0,0.0001,5e-06,6,9,1281.78
1,0.0001,5e-06,6,9,786.929
0,0.0001,5e-06,6,9,1037.27
1,0.0001,5e-06,6,9,2666.61
0,0.0001,5e-06,6,9,1252.54
1,0.0001,5e-06,6,9,1111.33
0,0.0001,5e-06,6,9,1651.51
1,0.0001,5e-06,6,9,462.04
0,0.0001,5e-06,6,9,1527.48
1,0.0001,5e-06,6,9,293.234
0,0.0001,5e-06,6,9,931.657
1,0.0001,5e-06,6,9,606.061
0,0.0001,5e-06,6,9,1233.27
1,0.0001,5e-06,6,9,513.024
0,0.0001,5e-06,6,9,1294.13
1,0.0001,5e-06,6,9,182.88
0,0.0001,5e-06,6,9,494.592
1,0.0001,5e-06,6,9,3081.03
0,0.0001,5e-06,6,9,917.004
1,0.0001,5e-06,6,9,326.922
0,0.0001,5e-06,6,9,831.175
1,0.0001,5e-06,6,9,621.377
0,0.0001,5e-06,6,9,703.753
1,0.0001,5e-06,6,9,1402.11
0,0.0001,5e-06,6,9,1684.01
1,0.0001,5e-06,6,9,291.499
0,0.0001,5e-06,6,9,1242.25
1,0.0001,5e-06,6,9,3089.97
0,0.0001,5e-06,6,9,518.283
1,0.0001,5e-06,6,9,2136.24
0,0.0001,5e-06,6,9,1130.72
1,0.0001,5e-06,6,9,1675.42
0,0.0001,5e-06,6,9,709.939
1,0.0001,5e-06,6,9,831.449
0,0.0001,5e-06,6,9,549.64
1,0.0001,5e-06,6,9,2110.72
0,0.0001,5e-06,6,9,1533.56
1,0.0001,5e-06,6,9,90.0196
0,0.0001,5e-06,6,9,1055.13
1,0.0001,5e-06,6,9,2757.64
0,0.0001,5e-06,6,9,1747.27
1,0.0001,5e-06,6,9,4330.75
0,0.0001,5e-06,6,9,912.781
1,0.0001,5e-06,6,9,4969.07
0,0.0001,5e-06,6,9,2041.9
1,0.0001,5e-06,6,9,6751.37
0,0.0001,5e-06,6,9,468.69
1,0.0001,5e-06,6,9,4919.04
0,0.0001,5e-06,6,9,1497.1
1,0.0001,5e-06,6,9,2693.02
0,0.0001,5e-06,6,9,369.673
1,0.0001,5e-06,6,9,742.025
0,0.0001,5e-06,6,9,1097.03
1,0.0001,5e-06,6,9,2391.99
0,0.0001,5e-06,6,9,873.82
1,0.0001,5e-06,6,9,181.522
0,0.0001,5e-06,6,9,728.318
1,0.0001,5e-06,6,9,762.601
0,0.0001,5e-06,6,9,880.207
1,0.0001,5e-06,6,9,3281.27
0,0.0001,5e-06,6,9,887.85
1,0.0001,5e-06,6,9,1174.9
0,0.0001,5e-06,6,9,381.743
1,0.0001,5e-06,6,9,690.184
0,0.0001,5e-06,6,9,1937.73
1,0.0001,5e-06,6,9,2941.26
0,0.0001,5e-06,6,9,1042.08
1,0.0001,5e-06,6,9,821.778
0,0.0001,5e-06,6,9,1833.91
1,0.0001,5e-06,6,9,600.683
0,0.0001,5e-06,6,9,1278.61
1,0.0001,5e-06,6,9,1115.53
0,0.0001,5e-06,6,9,404.133
1,0.0001,5e-06,6,9,165.241
0,0.0001,5e-06,6,9,1754.83
1,0.0001,5e-06,6,9,575.355
0,0.0001,5e-06,6,9,1813.43
1,0.0001,5e-06,6,9,483.532
0,0.0001,5e-06,6,9,423.35
1,0.0001,5e-06,6,9,5389.12
0,0.0001,5e-06,6,9,568.951
1,0.0001,5e-06,6,9,718.15
0,0.0001,5e-06,6,9,1852.21
1,0.0001,5e-06,6,9,4382.07
0,0.0001,5e-06,6,9,2149.11
1,0.0001,5e-06,6,9,488.165
0,0.0001,5e-06,6,9,1183.08
1,0.0001,5e-06,6,9,530.286
0,0.0001,5e-06,6,9,976.708
1,0.0001,5e-06,6,9,792.3
0,0.0001,5e-06,6,9,1089.29
1,0.0001,5e-06,6,9,5300.13
0,0.0001,5e-06,6,9,1180.35
1,0.0001,5e-06,6,9,705.048
0,0.0001,5e-06,6,9,1681.83
1,0.0001,5e-06,6,9,1090.01
0,0.0001,5e-06,6,9,1357.29
1,0.0001,5e-06,6,9,240.983
0,0.0001,5e-06,6,9,1101.89
1,0.0001,5e-06,6,9,229.465
0,0.0001,5e-06,6,9,1309.13
1,0.0001,5e-06,6,9,2729.59
0,0.0001,5e-06,6,9,1511.91
1,0.0001,5e-06,6,9,444.137
0,0.0001,5e-06,6,9,1724
1,0.0001,5e-06,6,9,1616.86
0,0.0001,5e-06,6,9,2431.13
1,0.0001,5e-06,6,9,358.648
0,0.0001,5e-06,6,9,580.703
1,0.0001,5e-06,6,9,5940.56
0,0.0001,5e-06,6,9,515.197
1,0.0001,5e-06,6,9,754.486
0,0.0001,5e-06,6,9,389.125
1,0.0001,5e-06,6,9,1436.1
0,0.0001,5e-06,6,9,1821.99
1,0.0001,5e-06,6,9,1834.33
0,0.0001,5e-06,6,9,684.807
1,0.0001,5e-06,6,9,178.1
0,0.0001,5e-06,6,9,2295.07
1,0.0001,5e-06,6,9,507.858
0,0.0001,5e-06,6,9,353.489
1,0.0001,5e-06,6,9,361.179
0,0.0001,5e-06,6,9,1447.28
1,0.0001,5e-06,6,9,1820.54
0,0.0001,5e-06,6,9,1321.63
1,0.0001,5e-06,6,9,1105.3
0,0.0001,5e-06,6,9,574.628
1,0.0001,5e-06,6,9,626.199
0,0.0001,5e-06,6,9,1306.63
1,0.0001,5e-06,6,9,2498.42
0,0.0001,5e-06,6,9,1062.82
1,0.0001,5e-06,6,9,932.201
0,0.0001,5e-06,6,9,911.338
1,0.0001,5e-06,6,9,621.577
0,0.0001,5e-06,6,9,746.601
1,0.0001,5e-06,6,9,2596.96
0,0.0001,5e-06,6,9,948.211
1,0.0001,5e-06,6,9,3937.84
0,0.0001,5e-06,6,9,686.158
1,0.0001,5e-06,6,9,1491.74
0,0.0001,5e-06,6,9,1229.88
1,0.0001,5e-06,6,9,254.167
0,0.0001,5e-06,6,9,1684.53
1,0.0001,5e-06,6,9,1439.83
0,0.0001,5e-06,6,9,513.934
1,0.0001,5e-06,6,9,3002.57
0,0.0001,5e-06,6,9,715.869
1,0.0001,5e-06,6,9,2064.19
0,0.0001,5e-06,6,9,1990.63
1,0.0001,5e-06,6,9,313.145
0,0.0001,5e-06,6,9,954.588
1,0.0001,5e-06,6,9,1853.79
0,0.0001,5e-06,6,9,1133.81
1,0.0001,5e-06,6,9,337.353
0,0.0001,5e-06,6,9,1878.03
1,0.0001,5e-06,6,9,1123.05
0,0.0001,5e-06,6,9,920.655
1,0.0001,5e-06,6,9,655.347
0,0.0001,5e-06,6,9,1700.81
1,0.0001,5e-06,6,9,392.355
0,0.0001,5e-06,6,9,1418.45
1,0.0001,5e-06,6,9,2070.2
0,0.0001,5e-06,6,9,678.748
1,0.0001,5e-06,6,9,88.3768
0,0.0001,5e-06,6,9,1137.81
1,0.0001,5e-06,6,9,401.705
0,0.0001,5e-06,6,9,701.13
1,0.0001,5e-06,6,9,594.849
0,0.0001,5e-06,6,9,1630.08
1,0.0001,5e-06,6,9,1019.99
0,0.0001,5e-06,6,9,626.596
1,0.0001,5e-06,6,9,3910.92
0,0.0001,5e-06,6,9,926.873
1,0.0001,5e-06,6,9,354.711
0,0.0001,5e-06,6,9,737.816
1,0.0001,5e-06,6,9,919.167
0,0.0001,5e-06,6,9,1463.79
1,0.0001,5e-06,6,9,1538.78
0,0.0001,5e-06,6,9,1187.08
1,0.0001,5e-06,6,9,349.33
0,0.0001,5e-06,6,9,1361.49
1,0.0001,5e-06,6,9,2792.63
0,0.0001,5e-06,6,9,928.8
1,0.0001,5e-06,6,9,1025.62
0,0.0001,5e-06,6,9,667.112
1,0.0001,5e-06,6,9,1287.12
0,0.0001,5e-06,6,9,1454.14
1,0.0001,5e-06,6,9,4940.8
0,0.0001,5e-06,6,9,949.227
1,0.0001,5e-06,6,9,10.1023
0,0.0001,5e-06,6,9,1003.64
1,0.0001,5e-06,6,9,1744.84
0,0.0001,5e-06,6,9,165.695
1,0.0001,5e-06,6,9,3399.6
0,0.0001,5e-06,6,9,1329.99
1,0.0001,5e-06,6,9,436.622
0,0.0001,5e-06,6,9,546.142
1,0.0001,5e-06,6,9,652.702
0,0.0001,5e-06,6,9,2161.76
1,0.0001,5e-06,6,9,257.07
0,0.0001,5e-06,6,9,1367.1
1,0.0001,5e-06,6,9,2307.64
0,0.0001,5e-06,6,9,1361.89
1,0.0001,5e-06,6,9,810.512
0,0.0001,5e-06,6,9,898.502
1,0.0001,5e-06,6,9,4431.98
0,0.0001,5e-06,6,9,654.775
1,0.0001,5e-06,6,9,1709.71
0,0.0001,5e-06,6,9,419.821
1,0.0001,5e-06,6,9,739.714
0,0.0001,5e-06,6,9,844.144
1,0.0001,5e-06,6,9,8904.08
0,0.0001,5e-06,6,9,1312.78
1,0.0001,5e-06,6,9,1305.24
0,0.0001,5e-06,6,9,1504.22
1,0.0001,5e-06,6,9,1995.9
0,0.0001,5e-06,6,9,1136.02
1,0.0001,5e-06,6,9,5365.69
0,0.0001,5e-06,6,9,1321.49
1,0.0001,5e-06,6,9,308.379
0,0.0001,5e-06,6,9,348.507
1,0.0001,5e-06,6,9,7971.85
0,0.0001,5e-06,6,9,1391.47
1,0.0001,5e-06,6,9,6760.93
0,0.0001,5e-06,6,9,1656.57
1,0.0001,5e-06,6,9,4667.41
0,0.0001,5e-06,6,9,2096.68
1,0.0001,5e-06,6,9,5288.85
0,0.0001,5e-06,6,9,760.407
1,0.0001,5e-06,6,9,846.261
0,0.0001,5e-06,6,9,634.943
1,0.0001,5e-06,6,9,5392.23
0,0.0001,5e-06,6,9,676.642
1,0.0001,5e-06,6,9,349.402
0,0.0001,5e-06,6,9,843.551
1,0.0001,5e-06,6,9,1522.37
0,0.0001,5e-06,6,9,1470.51
1,0.0001,5e-06,6,9,1749.44
0,0.0001,5e-06,6,9,823.53
1,0.0001,5e-06,6,9,394.201
0,0.0001,5e-06,6,9,1339.13
1,0.0001,5e-06,6,9,1354.58
0,0.0001,5e-06,6,9,999.487
1,0.0001,5e-06,6,9,882.209
0,0.0001,5e-06,6,9,496.034
1,0.0001,5e-06,6,9,4884.68
0,0.0001,5e-06,6,9,1501.63
1,0.0001,5e-06,6,9,488.493
0,0.0001,5e-06,6,9,483.584
1,0.0001,5e-06,6,9,5568.45
0,0.0001,5e-06,6,9,438.104
1,0.0001,5e-06,6,9,687.568
0,0.0001,5e-06,6,9,1303.58
1,0.0001,5e-06,6,9,6105.13
0,0.0001,5e-06,6,9,800.959
1,0.0001,5e-06,6,9,4388.77
0,0.0001,5e-06,6,9,643.431
1,0.0001,5e-06,6,9,409.149
0,0.0001,5e-06,6,9,1833.73
1,0.0001,5e-06,6,9,3478.58
0,0.0001,5e-06,6,9,1468.78
1,0.0001,5e-06,6,9,566.262
0,0.0001,5e-06,6,9,1824.18
1,0.0001,5e-06,6,9,154.999
0,0.0001,5e-06,6,9,581.735
1,0.0001,5e-06,6,9,1253.67
0,0.0001,5e-06,6,9,693.01
1,0.0001,5e-06,6,9,2150.05
0,0.0001,5e-06,6,9,1489.43
1,0.0001,5e-06,6,9,133.606
0,0.0001,5e-06,6,9,1979.97
1,0.0001,5e-06,6,9,4834.97
0,0.0001,5e-06,6,9,888.65
1,0.0001,5e-06,6,9,4046.96
0,0.0001,5e-06,6,9,1246.71
1,0.0001,5e-06,6,9,2044.22
0,0.0001,5e-06,6,9,951.678
1,0.0001,5e-06,6,9,1323.81
0,0.0001,5e-06,6,9,1619.12
1,0.0001,5e-06,6,9,1980.12
0,0.0001,5e-06,6,9,485.465
1,0.0001,5e-06,6,9,3403.95
0,0.0001,5e-06,6,9,1184.82
1,0.0001,5e-06,6,9,14382.1
0,0.0001,5e-06,6,9,789.686
1,0.0001,5e-06,6,9,610.144
0,0.0001,5e-06,6,9,513.139
1,0.0001,5e-06,6,9,4027.02
0,0.0001,5e-06,6,9,2019.6
1,0.0001,5e-06,6,9,1300.32
0,0.0001,5e-06,6,9,1051.67
1,0.0001,5e-06,6,9,295.591
0,0.0001,5e-06,6,9,749.887
1,0.0001,5e-06,6,9,1745.04
0,0.0001,5e-06,6,9,1897.45
1,0.0001,5e-06,6,9,1774.14
0,0.0001,5e-06,6,9,999.215
1,0.0001,5e-06,6,9,179.54
0,0.0001,5e-06,6,9,970.963
1,0.0001,5e-06,6,9,635.515
0,0.0001,5e-06,6,9,1058.92
1,0.0001,5e-06,6,9,668.996
0,0.0001,5e-06,6,9,716.277
1,0.0001,5e-06,6,9,1289.31
0,0.0001,5e-06,6,9,1169.78
1,0.0001,5e-06,6,9,3865.79
0,0.0001,5e-06,6,9,485.795
1,0.0001,5e-06,6,9,2592.03
0,0.0001,5e-06,6,9,699.618
1,0.0001,5e-06,6,9,748.713
0,0.0001,5e-06,6,9,755.776
1,0.0001,5e-06,6,9,2148.16
0,0.0001,5e-06,6,9,1552.33
1,0.0001,5e-06,6,9,866.57
0,0.0001,5e-06,6,9,877.548
1,0.0001,5e-06,6,9,3326.87
0,0.0001,5e-06,6,9,961.052
1,0.0001,5e-06,6,9,295.667
0,0.0001,5e-06,6,9,1217.86
1,0.0001,5e-06,6,9,1470.43
0,0.0001,5e-06,6,9,992.873
1,0.0001,5e-06,6,9,1015.94
0,0.0001,5e-06,6,9,680.047
1,0.0001,5e-06,6,9,1732.2
0,0.0001,5e-06,6,9,388.14
1,0.0001,5e-06,6,9,951.39
0,0.0001,5e-06,6,9,1115.86
1,0.0001,5e-06,6,9,504.382
0,0.0001,5e-06,6,9,960.873
1,0.0001,5e-06,6,9,1863.72
0,0.0001,5e-06,6,9,2026.88
1,0.0001,5e-06,6,9,558.025
0,0.0001,5e-06,6,9,1230.87
1,0.0001,5e-06,6,9,617.306
0,0.0001,5e-06,6,9,722.865
1,0.0001,5e-06,6,9,475.019
0,0.0001,5e-06,6,9,1707.02
1,0.0001,5e-06,6,9,2010.06
0,0.0001,5e-06,6,9,1350.15
1,0.0001,5e-06,6,9,365.597
0,0.0001,5e-06,6,9,945.908
1,0.0001,5e-06,6,9,193.616
0,0.0001,5e-06,6,9,1281.29
1,0.0001,5e-06,6,9,342.438
0,0.0001,5e-06,6,9,546.52
1,0.0001,5e-06,6,9,2541.17
0,0.0001,5e-06,6,9,632.658
1,0.0001,5e-06,6,9,301.849
0,0.0001,5e-06,6,9,1034.37
1,0.0001,5e-06,6,9,401.703
0,0.0001,5e-06,6,9,1085.15
1,0.0001,5e-06,6,9,315.466
0,0.0001,5e-06,6,9,1601.08
1,0.0001,5e-06,6,9,804.477
0,0.0001,5e-06,6,9,1668.96
1,0.0001,5e-06,6,9,2210.46
0,0.0001,5e-06,6,9,720.418
1,0.0001,5e-06,6,9,49.5844
0,0.0001,5e-06,6,9,638.789
1,0.0001,5e-06,6,9,4327.27
0,0.0001,5e-06,6,9,1200.47
1,0.0001,5e-06,6,9,1657.28
0,0.0001,5e-06,6,9,1706.25
1,0.0001,5e-06,6,9,1890.71
0,0.0001,5e-06,6,9,2122.82
1,0.0001,5e-06,6,9,734.852
0,0.0001,5e-06,6,9,642.564
1,0.0001,5e-06,6,9,4996.59
0,0.0001,5e-06,6,9,821.667
1,0.0001,5e-06,6,9,2211.97
0,0.0001,5e-06,6,9,1540.99
1,0.0001,5e-06,6,9,339.749
0,0.0001,5e-06,6,9,892.003
1,0.0001,5e-06,6,9,2926.44
0,0.0001,5e-06,6,9,1158.6
1,0.0001,5e-06,6,9,3140.72
0,0.0001,5e-06,6,9,787.769
1,0.0001,5e-06,6,9,1743.95
0,0.0001,5e-06,6,9,2245.4
1,0.0001,5e-06,6,9,405.19
0,0.0001,5e-06,6,9,904.076
1,0.0001,5e-06,6,9,1471.4
0,0.0001,5e-06,6,9,1098.78
1,0.0001,5e-06,6,9,3950.61
0,0.0001,5e-06,6,9,1226.2
1,0.0001,5e-06,6,9,3060.29
0,0.0001,5e-06,6,9,1074.98
1,0.0001,5e-06,6,9,714.391
0,0.0001,5e-06,6,9,1078.19
1,0.0001,5e-06,6,9,4563.65
0,0.0001,5e-06,6,9,1092.61
1,0.0001,5e-06,6,9,1809.95
0,0.0001,5e-06,6,9,1885.72
1,0.0001,5e-06,6,9,956.846
0,0.0001,5e-06,6,9,1008.57
1,0.0001,5e-06,6,9,754.518
0,0.0001,5e-06,6,9,739.083
1,0.0001,5e-06,6,9,377.873
0,0.0001,5e-06,6,9,712.162
1,0.0001,5e-06,6,9,171.751
0,0.0001,5e-06,6,9,1151.48
1,0.0001,5e-06,6,9,1701.55
0,0.0001,5e-06,6,9,1767.68
1,0.0001,5e-06,6,9,1049.58
0,0.0001,5e-06,6,9,386.757
1,0.0001,5e-06,6,9,1230.27
0,0.0001,5e-06,6,9,479.788
1,0.0001,5e-06,6,9,250.257
0,0.0001,5e-06,6,9,926.892
1,0.0001,5e-06,6,9,532.844
0,0.0001,5e-06,6,9,913.631
1,0.0001,5e-06,6,9,506.659
0,0.0001,5e-06,6,9,2253.5
1,0.0001,5e-06,6,9,1126.28
0,0.0001,5e-06,6,9,1665.4
1,0.0001,5e-06,6,9,5414.03
0,0.0001,5e-06,6,9,1684.16
1,0.0001,5e-06,6,9,590.849
0,0.0001,5e-06,6,9,1456
1,0.0001,5e-06,6,9,2718.29
0,0.0001,5e-06,6,9,1207.53
1,0.0001,5e-06,6,9,2863.57
0,0.0001,5e-06,6,9,1768.9
1,0.0001,5e-06,6,9,2015.05
0,0.0001,5e-06,6,9,843.855
1,0.0001,5e-06,6,9,647.619
0,0.0001,5e-06,6,9,331.206
1,0.0001,5e-06,6,9,3461.71
0,0.0001,5e-06,6,9,1275.59
1,0.0001,5e-06,6,9,500.565
0,0.0001,5e-06,6,9,611.703
1,0.0001,5e-06,6,9,6187.51
0,0.0001,5e-06,6,9,574.98
1,0.0001,5e-06,6,9,1602.78
0,0.0001,5e-06,6,9,1416
1,0.0001,5e-06,6,9,526.718
0,0.0001,5e-06,6,9,995.814
1,0.0001,5e-06,6,9,520.289
0,0.0001,5e-06,6,9,1417.48
1,0.0001,5e-06,6,9,1396.05
0,0.0001,5e-06,6,9,1198.76
1,0.0001,5e-06,6,9,1518.19
0,0.0001,5e-06,6,9,714.786
1,0.0001,5e-06,6,9,3904.85
0,0.0001,5e-06,6,9,1114.17
1,0.0001,5e-06,6,9,2422.14
0,0.0001,5e-06,6,9,1933.62
1,0.0001,5e-06,6,9,5869.02
0,0.0001,5e-06,6,9,1601.23
1,0.0001,5e-06,6,9,1719.94
0,0.0001,5e-06,6,9,555.264
1,0.0001,5e-06,6,9,4743.96
0,0.0001,5e-06,6,9,1888.77
1,0.0001,5e-06,6,9,2408.78
0,0.0001,5e-06,6,9,571.507
1,0.0001,5e-06,6,9,539.686
0,0.0001,5e-06,6,9,748.662
1,0.0001,5e-06,6,9,386.168
0,0.0001,5e-06,6,9,1453.57
1,0.0001,5e-06,6,9,1960.81
0,0.0001,5e-06,6,9,1050.21
1,0.0001,5e-06,6,9,5259.08
0,0.0001,5e-06,6,9,1504.86
1,0.0001,5e-06,6,9,2323.74
0,0.0001,5e-06,6,9,1255.91
1,0.0001,5e-06,6,9,1616.71
0,0.0001,5e-06,6,9,2293.22
1,0.0001,5e-06,6,9,1261.65
0,0.0001,5e-06,6,9,938.857
1,0.0001,5e-06,6,9,812.139
0,0.0001,5e-06,6,9,727.864
1,0.0001,5e-06,6,9,372.206
0,0.0001,5e-06,6,9,1006.26
1,0.0001,5e-06,6,9,331.191
0,0.0001,5e-06,6,9,1123.8
1,0.0001,5e-06,6,9,4352.84
0,0.0001,5e-06,6,9,1165.03
1,0.0001,5e-06,6,9,918.216
0,0.0001,5e-06,6,9,627.117
1,0.0001,5e-06,6,9,2073.22
0,0.0001,5e-06,6,9,1061.28
1,0.0001,5e-06,6,9,1640.83
0,0.0001,5e-06,6,9,2283.5
1,0.0001,5e-06,6,9,2072.06
0,0.0001,5e-06,6,9,211.02
1,0.0001,5e-06,6,9,4979.05
0,0.0001,5e-06,6,9,959.295
1,0.0001,5e-06,6,9,2562.71
0,0.0001,5e-06,6,9,1805.32
1,0.0001,5e-06,6,9,5630.65
0,0.0001,5e-06,6,9,250.602
1,0.0001,5e-06,6,9,1367.05
0,0.0001,5e-06,6,9,593.066
1,0.0001,5e-06,6,9,2143.28
0,0.0001,5e-06,6,9,1868.96
1,0.0001,5e-06,6,9,1040.35
0,0.0001,5e-06,6,9,595.693
1,0.0001,5e-06,6,9,1354.84
0,0.0001,5e-06,6,9,678.719
1,0.0001,5e-06,6,9,1981.48
0,0.0001,5e-06,6,9,1141.39
1,0.0001,5e-06,6,9,1883.18
0,0.0001,5e-06,6,9,1453.96
1,0.0001,5e-06,6,9,205.487
0,0.0001,5e-06,6,9,1195.51
1,0.0001,5e-06,6,9,5082.27
0,0.0001,5e-06,6,9,646.04
1,0.0001,5e-06,6,9,827.849
0,0.0001,5e-06,6,9,668.2
1,0.0001,5e-06,6,9,1530.53
0,0.0001,5e-06,6,9,1125.17
1,0.0001,5e-06,6,9,3416.84
0,0.0001,5e-06,6,9,519.274
1,0.0001,5e-06,6,9,191.638
0,0.0001,5e-06,6,9,934.461
1,0.0001,5e-06,6,9,1776.19
0,0.0001,5e-06,6,9,1237.63
1,0.0001,5e-06,6,9,1466.41
0,0.0001,5e-06,6,9,843.504
1,0.0001,5e-06,6,9,1515.49
0,0.0001,5e-06,6,9,2482.74
1,0.0001,5e-06,6,9,2914.58
0,0.0001,5e-06,6,9,1511.56
1,0.0001,5e-06,6,9,2402.95
0,0.0001,5e-06,6,9,893.325
1,0.0001,5e-06,6,9,1346.51
0,0.0001,5e-06,6,9,915.59
1,0.0001,5e-06,6,9,2222.07
0,0.0001,5e-06,6,9,784.88
1,0.0001,5e-06,6,9,2823.17
0,0.0001,5e-06,6,9,942.261
1,0.0001,5e-06,6,9,1968.78
0,0.0001,5e-06,6,9,470.608
1,0.0001,5e-06,6,9,173.799
0,0.0001,5e-06,6,9,1444.73
1,0.0001,5e-06,6,9,1319.81
0,0.0001,5e-06,6,9,926.158
1,0.0001,5e-06,6,9,358.68
0,0.0001,5e-06,6,9,1460.09
1,0.0001,5e-06,6,9,1470.72
0,0.0001,5e-06,6,9,1166.62
1,0.0001,5e-06,6,9,115.929
0,0.0001,5e-06,6,9,1761.59
1,0.0001,5e-06,6,9,11107.6
0,0.0001,5e-06,6,9,1025.56
1,0.0001,5e-06,6,9,372.601
0,0.0001,5e-06,6,9,647.647
1,0.0001,5e-06,6,9,344.885
0,0.0001,5e-06,6,9,643.942
1,0.0001,5e-06,6,9,3780.33
0,0.0001,5e-06,6,9,759.258
1,0.0001,5e-06,6,9,527.017
0,0.0001,5e-06,6,9,887.292
1,0.0001,5e-06,6,9,155.128
0,0.0001,5e-06,6,9,1435.27
1,0.0001,5e-06,6,9,1367.62
0,0.0001,5e-06,6,9,1057.61
1,0.0001,5e-06,6,9,55.5395
0,0.0001,5e-06,6,9,688.717
1,0.0001,5e-06,6,9,895.31
0,0.0001,5e-06,6,9,737.954
1,0.0001,5e-06,6,9,2617.11
0,0.0001,5e-06,6,9,1299.54
1,0.0001,5e-06,6,9,2315.97
0,0.0001,5e-06,6,9,1226.87
1,0.0001,5e-06,6,9,260.766
0,0.0001,5e-06,6,9,924.113
1,0.0001,5e-06,6,9,1954.48
0,0.0001,5e-06,6,9,363.696
1,0.0001,5e-06,6,9,3139.93
0,0.0001,5e-06,6,9,1627.97
1,0.0001,5e-06,6,9,222.309
0,0.0001,5e-06,6,9,513.948
1,0.0001,5e-06,6,9,2269.93
0,0.0001,5e-06,6,9,1221.73
1,0.0001,5e-06,6,9,1014.05
0,0.0001,5e-06,6,9,1549.18
1,0.0001,5e-06,6,9,1654.87
0,0.0001,5e-06,6,9,458.577
1,0.0001,5e-06,6,9,2735.44
0,0.0001,5e-06,6,9,685.345
1,0.0001,5e-06,6,9,2240.45
0,0.0001,5e-06,6,9,722.696
1,0.0001,5e-06,6,9,1006.76
0,0.0001,5e-06,6,9,659.213
1,0.0001,5e-06,6,9,3992.53
0,0.0001,5e-06,6,9,686.497
1,0.0001,5e-06,6,9,326.572
0,0.0001,5e-06,6,9,1196.39
1,0.0001,5e-06,6,9,4646.14
0,0.0001,5e-06,6,9,1020.78
1,0.0001,5e-06,6,9,425.032
0,0.0001,5e-06,6,9,3038.76
1,0.0001,5e-06,6,9,2975.5
0,0.0001,5e-06,6,9,482.411
1,0.0001,5e-06,6,9,3069.86
0,0.0001,5e-06,6,9,1021.45
1,0.0001,5e-06,6,9,4713.54
0,0.0001,5e-06,6,9,1378.71
1,0.0001,5e-06,6,9,326.032
0,0.0001,5e-06,6,9,1189.52
1,0.0001,5e-06,6,9,330.847
0,0.0001,5e-06,6,9,1060.81
1,0.0001,5e-06,6,9,2352.36
0,0.0001,5e-06,6,9,269.643
1,0.0001,5e-06,6,9,5907.74
0,0.0001,5e-06,6,9,1326.13
1,0.0001,5e-06,6,9,4369.63
0,0.0001,5e-06,6,9,1520.96
1,0.0001,5e-06,6,9,1603.58
0,0.0001,5e-06,6,9,1018.46
1,0.0001,5e-06,6,9,352.092
0,0.0001,5e-06,6,9,1080.93
1,0.0001,5e-06,6,9,641.07
0,0.0001,5e-06,6,9,1698.4
1,0.0001,5e-06,6,9,2219.25
0,0.0001,5e-06,6,9,1071.89
1,0.0001,5e-06,6,9,671.661
0,0.0001,5e-06,6,9,1397.65
1,0.0001,5e-06,6,9,3244.71
0,0.0001,5e-06,6,9,846.057
1,0.0001,5e-06,6,9,10109
0,0.0001,5e-06,6,9,1371.5
1,0.0001,5e-06,6,9,926.683
0,0.0001,5e-06,6,9,1917.43
1,0.0001,5e-06,6,9,1296.68
0,0.0001,5e-06,6,9,721.874
1,0.0001,5e-06,6,9,359.795
0,0.0001,5e-06,6,9,1153.63
1,0.0001,5e-06,6,9,1272.37
0,0.0001,5e-06,6,9,1222.56
1,0.0001,5e-06,6,9,1071.12
0,0.0001,5e-06,6,9,1345.48
1,0.0001,5e-06,6,9,758.241
0,0.0001,5e-06,6,9,1263.03
1,0.0001,5e-06,6,9,731.065
0,0.0001,5e-06,6,9,1047.27
1,0.0001,5e-06,6,9,445.777
0,0.0001,5e-06,6,9,1854.27
1,0.0001,5e-06,6,9,173.938
0,0.0001,5e-06,6,9,1320.42
1,0.0001,5e-06,6,9,1846.18
0,0.0001,5e-06,6,9,2003.49
1,0.0001,5e-06,6,9,1067.85
0,0.0001,5e-06,6,9,943.565
1,0.0001,5e-06,6,9,1259.95
0,0.0001,5e-06,6,9,340.483
1,0.0001,5e-06,6,9,992.574
0,0.0001,5e-06,6,9,524.312
1,0.0001,5e-06,6,9,626.771
0,0.0001,5e-06,6,9,831.553
1,0.0001,5e-06,6,9,782.929
0,0.0001,5e-06,6,9,1187.91
1,0.0001,5e-06,6,9,896.73
0,0.0001,5e-06,6,9,1668.24
1,0.0001,5e-06,6,9,295.367
0,0.0001,5e-06,6,9,898.44
1,0.0001,5e-06,6,9,3726.33
0,0.0001,5e-06,6,9,907.779
1,0.0001,5e-06,6,9,355.607
0,0.0001,5e-06,6,9,813.34
1,0.0001,5e-06,6,9,845.832
0,0.0001,5e-06,6,9,1212.14
1,0.0001,5e-06,6,9,1548.5
0,0.0001,5e-06,6,9,939.893
1,0.0001,5e-06,6,9,4279.15
0,0.0001,5e-06,6,9,799.37
1,0.0001,5e-06,6,9,6627.82
0,0.0001,5e-06,6,9,1095.78
1,0.0001,5e-06,6,9,495.415
0,0.0001,5e-06,6,9,1098.99
1,0.0001,5e-06,6,9,1928.05
0,0.0001,5e-06,6,9,1017.65
1,0.0001,5e-06,6,9,478.865
0,0.0001,5e-06,6,9,962.253
1,0.0001,5e-06,6,9,3073.75
0,0.0001,5e-06,6,9,963.686
1,0.0001,5e-06,6,9,2671.44
0,0.0001,5e-06,6,9,1043.71
1,0.0001,5e-06,6,9,1489.67
0,0.0001,5e-06,6,9,2160.9
1,0.0001,5e-06,6,9,888.963
0,0.0001,5e-06,6,9,644.81
1,0.0001,5e-06,6,9,2168.65
0,0.0001,5e-06,6,9,1295.25
1,0.0001,5e-06,6,9,1067.62
0,0.0001,5e-06,6,9,1123.42
1,0.0001,5e-06,6,9,414.054
0,0.0001,5e-06,6,9,1145.44
1,0.0001,5e-06,6,9,2793.01
0,0.0001,5e-06,6,9,729.422
1,0.0001,5e-06,6,9,1243.01
0,0.0001,5e-06,6,9,1138.09
1,0.0001,5e-06,6,9,1699.06
0,0.0001,5e-06,6,9,1678.77
1,0.0001,5e-06,6,9,5970.85
0,0.0001,5e-06,6,9,887.678
1,0.0001,5e-06,6,9,2300.55
0,0.0001,5e-06,6,9,831.681
1,0.0001,5e-06,6,9,1317.09
0,0.0001,5e-06,6,9,682.396
1,0.0001,5e-06,6,9,2062.27
0,0.0001,5e-06,6,9,1561.76
1,0.0001,5e-06,6,9,1184.25
0,0.0001,5e-06,6,9,931.521
1,0.0001,5e-06,6,9,467.771
0,0.0001,5e-06,6,9,2237.2
1,0.0001,5e-06,6,9,744.71
0,0.0001,5e-06,6,9,1217.19
1,0.0001,5e-06,6,9,286.315
0,0.0001,5e-06,6,9,912.129
1,0.0001,5e-06,6,9,1149.06
0,0.0001,5e-06,6,9,1369.09
1,0.0001,5e-06,6,9,960.011
0,0.0001,5e-06,6,9,1151.8
1,0.0001,5e-06,6,9,434.446
0,0.0001,5e-06,6,9,301.178
1,0.0001,5e-06,6,9,541.371
0,0.0001,5e-06,6,9,689.008
1,0.0001,5e-06,6,9,3786.2
0,0.0001,5e-06,6,9,619.776
1,0.0001,5e-06,6,9,115.851
0,0.0001,5e-06,6,9,1894.46
1,0.0001,5e-06,6,9,947.696
0,0.0001,5e-06,6,9,1253.44
1,0.0001,5e-06,6,9,642.339
0,0.0001,5e-06,6,9,607.133
1,0.0001,5e-06,6,9,3344.32
0,0.0001,5e-06,6,9,1181.61
1,0.0001,5e-06,6,9,1015.7
0,0.0001,5e-06,6,9,1064.68
1,0.0001,5e-06,6,9,848.55
0,0.0001,5e-06,6,9,776.607
1,0.0001,5e-06,6,9,812.309
0,0.0001,5e-06,6,9,544.582
1,0.0001,5e-06,6,9,661.682
0,0.0001,5e-06,6,9,721.668
1,0.0001,5e-06,6,9,450.703
0,0.0001,5e-06,6,9,1015.29
1,0.0001,5e-06,6,9,1618.32
0,0.0001,5e-06,6,9,1355.96
1,0.0001,5e-06,6,9,718.926
0,0.0001,5e-06,6,9,1439.77
1,0.0001,5e-06,6,9,156.077
0,0.0001,5e-06,6,9,1291.79
1,0.0001,5e-06,6,9,1524.47
0,0.0001,5e-06,6,9,1417.6
1,0.0001,5e-06,6,9,2180.67
0,0.0001,5e-06,6,9,1118.54
1,0.0001,5e-06,6,9,2580.44
0,0.0001,5e-06,6,9,925.502
1,0.0001,5e-06,6,9,1343.35
0,0.0001,5e-06,6,9,752.295
1,0.0001,5e-06,6,9,873.708
0,0.0001,5e-06,6,9,562.436
1,0.0001,5e-06,6,9,79.9011
0,0.0001,5e-06,6,9,1928.01
1,0.0001,5e-06,6,9,1597.54
0,0.0001,5e-06,6,9,573.643
1,0.0001,5e-06,6,9,3048.2
0,0.0001,5e-06,6,9,2198.01
1,0.0001,5e-06,6,9,3957.76
0,0.0001,5e-06,6,9,1036.09
1,0.0001,5e-06,6,9,2199.73
0,0.0001,5e-06,6,9,1187.18
1,0.0001,5e-06,6,9,2934.39
0,0.0001,5e-06,6,9,903.265
1,0.0001,5e-06,6,9,5300.98
0,0.0001,5e-06,6,9,1484.4
1,0.0001,5e-06,6,9,6485.18
0,0.0001,5e-06,6,9,1715.7
1,0.0001,5e-06,6,9,626.926
0,0.0001,5e-06,6,9,989.824
1,0.0001,5e-06,6,9,4772.64
0,0.0001,5e-06,6,9,795.446
1,0.0001,5e-06,6,9,1278.45
0,0.0001,5e-06,6,9,729.381
1,0.0001,5e-06,6,9,845.051
0,0.0001,5e-06,6,9,593.09
1,0.0001,5e-06,6,9,478.286
0,0.0001,5e-06,6,9,1808.74
1,0.0001,5e-06,6,9,383.603
0,0.0001,5e-06,6,9,859.591
1,0.0001,5e-06,6,9,2197.07
0,0.0001,5e-06,6,9,274.973
1,0.0001,5e-06,6,9,2529.72
0,0.0001,5e-06,6,9,916.031
1,0.0001,5e-06,6,9,2253.9
0,0.0001,5e-06,6,9,371.788
1,0.0001,5e-06,6,9,3174.68
0,0.0001,5e-06,6,9,1086.98
1,0.0001,5e-06,6,9,1821.97
0,0.0001,5e-06,6,9,953.559
1,0.0001,5e-06,6,9,529.077
0,0.0001,5e-06,6,9,2604.06
1,0.0001,5e-06,6,9,2225.61
0,0.0001,5e-06,6,9,888.125
1,0.0001,5e-06,6,9,770.432
0,0.0001,5e-06,6,9,1392.21
1,0.0001,5e-06,6,9,1917.92
0,0.0001,5e-06,6,9,1391.02
1,0.0001,5e-06,6,9,912.573
0,0.0001,5e-06,6,9,1864.66
1,0.0001,5e-06,6,9,3740.24
0,0.0001,5e-06,6,9,1079.6
1,0.0001,5e-06,6,9,6869.71
0,0.0001,5e-06,6,9,1053.02
1,0.0001,5e-06,6,9,1396.44
0,0.0001,5e-06,6,9,687.53
1,0.0001,5e-06,6,9,1942.12
0,0.0001,5e-06,6,9,1301.4
1,0.0001,5e-06,6,9,1140.36
0,0.0001,5e-06,6,9,1518.74
1,0.0001,5e-06,6,9,722.498
0,0.0001,5e-06,6,9,704.585
1,0.0001,5e-06,6,9,1934.3
0,0.0001,5e-06,6,9,885.321
1,0.0001,5e-06,6,9,1906.97
0,0.0001,5e-06,6,9,888.398
1,0.0001,5e-06,6,9,1188.54
0,0.0001,5e-06,6,9,1648.66
1,0.0001,5e-06,6,9,3976.82
0,0.0001,5e-06,6,9,507.589
1,0.0001,5e-06,6,9,1144.87
0,0.0001,5e-06,6,9,834.828
1,0.0001,5e-06,6,9,371.543
0,0.0001,5e-06,6,9,604.033
1,0.0001,5e-06,6,9,1580.22
0,0.0001,5e-06,6,9,835.837
1,0.0001,5e-06,6,9,1054.04
0,0.0001,5e-06,6,9,1129.06
1,0.0001,5e-06,6,9,1785.99
0,0.0001,5e-06,6,9,1074.42
1,0.0001,5e-06,6,9,2942.44
0,0.0001,5e-06,6,9,1322.05
1,0.0001,5e-06,6,9,1636.05
0,0.0001,5e-06,6,9,975.525
1,0.0001,5e-06,6,9,806.859
0,0.0001,5e-06,6,9,526.053
1,0.0001,5e-06,6,9,2145.52
0,0.0001,5e-06,6,9,973.396
1,0.0001,5e-06,6,9,1663.94
0,0.0001,5e-06,6,9,1311.88
1,0.0001,5e-06,6,9,749.791
0,0.0001,5e-06,6,9,2050.95
1,0.0001,5e-06,6,9,580.686
0,0.0001,5e-06,6,9,1055.25
1,0.0001,5e-06,6,9,329.357
0,0.0001,5e-06,6,9,785.152
1,0.0001,5e-06,6,9,1058.29
0,0.0001,5e-06,6,9,1109.06
1,0.0001,5e-06,6,9,2950.51
0,0.0001,5e-06,6,9,1987.33
1,0.0001,5e-06,6,9,2204.74
0,0.0001,5e-06,6,9,1297.82
1,0.0001,5e-06,6,9,1175.54
0,0.0001,5e-06,6,9,929.782
1,0.0001,5e-06,6,9,2302.92
0,0.0001,5e-06,6,9,1229.83
1,0.0001,5e-06,6,9,2846.58
0,0.0001,5e-06,6,9,1548.82
1,0.0001,5e-06,6,9,1664.07
0,0.0001,5e-06,6,9,1178.55
1,0.0001,5e-06,6,9,2716.2
0,0.0001,5e-06,6,9,1736.07
1,0.0001,5e-06,6,9,3322.25
0,0.0001,5e-06,6,9,718.87
1,0.0001,5e-06,6,9,5673.69
0,0.0001,5e-06,6,9,868.123
1,0.0001,5e-06,6,9,8339.98
0,0.0001,5e-06,6,9,1739.14
1,0.0001,5e-06,6,9,592.838
0,0.0001,5e-06,6,9,1416.69
1,0.0001,5e-06,6,9,1545.18
0,0.0001,5e-06,6,9,1857.07
1,0.0001,5e-06,6,9,925.926
0,0.0001,5e-06,6,9,1913.71
1,0.0001,5e-06,6,9,6932.78
0,0.0001,5e-06,6,9,665.034
1,0.0001,5e-06,6,9,989.858
0,0.0001,5e-06,6,9,962.624
1,0.0001,5e-06,6,9,2856.97
0,0.0001,5e-06,6,9,1633.88
1,0.0001,5e-06,6,9,1081.63
0,0.0001,5e-06,6,9,1155.31
1,0.0001,5e-06,6,9,214.715
0,0.0001,5e-06,6,9,1157.55
1,0.0001,5e-06,6,9,1726.27
0,0.0001,5e-06,6,9,977.903
1,0.0001,5e-06,6,9,1468.33
0,0.0001,5e-06,6,9,609.709
1,0.0001,5e-06,6,9,626.994
0,0.0001,5e-06,6,9,1399.08
1,0.0001,5e-06,6,9,1691
0,0.0001,5e-06,6,9,1064.44
1,0.0001,5e-06,6,9,264.36
0,0.0001,5e-06,6,9,1692.51
1,0.0001,5e-06,6,9,576.427
0,0.0001,5e-06,6,9,1382.07
1,0.0001,5e-06,6,9,461.44
0,0.0001,5e-06,6,9,492.664
1,0.0001,5e-06,6,9,1810.35
0,0.0001,5e-06,6,9,1336.94
1,0.0001,5e-06,6,9,1224.25
0,0.0001,5e-06,6,9,1289.36
1,0.0001,5e-06,6,9,1922.48
0,0.0001,5e-06,6,9,1127.89
1,0.0001,5e-06,6,9,310.709
0,0.0001,5e-06,6,9,508.659
1,0.0001,5e-06,6,9,1177.89
0,0.0001,5e-06,6,9,1844.33
1,0.0001,5e-06,6,9,1087.81
0,0.0001,5e-06,6,9,935.672
1,0.0001,5e-06,6,9,771.678
0,0.0001,5e-06,6,9,1011.51
1,0.0001,5e-06,6,9,1440.62
0,0.0001,5e-06,6,9,1326.37
1,0.0001,5e-06,6,9,157.53
0,0.0001,5e-06,6,9,861.136
1,0.0001,5e-06,6,9,651.079
0,0.0001,5e-06,6,9,693.566
1,0.0001,1e-05,6,9,473.182
0,0.0001,1e-05,6,9,807.137
1,0.0001,1e-05,6,9,2186.15
0,0.0001,1e-05,6,9,227.107
1,0.0001,1e-05,6,9,516.354
0,0.0001,1e-05,6,9,1902.22
1,0.0001,1e-05,6,9,1610.73
0,0.0001,1e-05,6,9,1115.34
1,0.0001,1e-05,6,9,280.092
0,0.0001,1e-05,6,9,755.625
1,0.0001,1e-05,6,9,2057.63
0,0.0001,1e-05,6,9,2117.38
1,0.0001,1e-05,6,9,459.647
0,0.0001,1e-05,6,9,917.893
1,0.0001,1e-05,6,9,2112.05
0,0.0001,1e-05,6,9,1725.91
1,0.0001,1e-05,6,9,897.343
0,0.0001,1e-05,6,9,509.805
1,0.0001,1e-05,6,9,1073.99
0,0.0001,1e-05,6,9,681.455
1,0.0001,1e-05,6,9,269.23
0,0.0001,1e-05,6,9,722.461
1,0.0001,1e-05,6,9,418.879
0,0.0001,1e-05,6,9,659.786
1,0.0001,1e-05,6,9,1106.14
0,0.0001,1e-05,6,9,1425.12
1,0.0001,1e-05,6,9,953.48
0,0.0001,1e-05,6,9,976.77
1,0.0001,1e-05,6,9,429.813
0,0.0001,1e-05,6,9,515.293
1,0.0001,1e-05,6,9,774.447
0,0.0001,1e-05,6,9,1444.73
1,0.0001,1e-05,6,9,207.385
0,0.0001,1e-05,6,9,589.858
1,0.0001,1e-05,6,9,901.009
0,0.0001,1e-05,6,9,1066.33
1,0.0001,1e-05,6,9,838.107
0,0.0001,1e-05,6,9,922.858
1,0.0001,1e-05,6,9,1197.57
0,0.0001,1e-05,6,9,1177.14
1,0.0001,1e-05,6,9,1293.25
0,0.0001,1e-05,6,9,559.266
1,0.0001,1e-05,6,9,1056.2
0,0.0001,1e-05,6,9,660.597
1,0.0001,1e-05,6,9,465.183
0,0.0001,1e-05,6,9,1081.23
1,0.0001,1e-05,6,9,1258.84
0,0.0001,1e-05,6,9,787.999
1,0.0001,1e-05,6,9,1363.22
0,0.0001,1e-05,6,9,629.823
1,0.0001,1e-05,6,9,1564.99
0,0.0001,1e-05,6,9,1036.04
1,0.0001,1e-05,6,9,1857.8
0,0.0001,1e-05,6,9,1082.4
1,0.0001,1e-05,6,9,386.299
0,0.0001,1e-05,6,9,1152.05
1,0.0001,1e-05,6,9,1698.95
0,0.0001,1e-05,6,9,1294.69
1,0.0001,1e-05,6,9,138.24
0,0.0001,1e-05,6,9,354.593
1,0.0001,1e-05,6,9,645.694
0,0.0001,1e-05,6,9,448.347
1,0.0001,1e-05,6,9,678.994
0,0.0001,1e-05,6,9,282.145
1,0.0001,1e-05,6,9,1679.2
0,0.0001,1e-05,6,9,1379.86
1,0.0001,1e-05,6,9,278.839
0,0.0001,1e-05,6,9,700.567
1,0.0001,1e-05,6,9,1945.11
0,0.0001,1e-05,6,9,625.345
1,0.0001,1e-05,6,9,1367.14
0,0.0001,1e-05,6,9,454.367
1,0.0001,1e-05,6,9,906.437
0,0.0001,1e-05,6,9,1376.37
1,0.0001,1e-05,6,9,1098.62
0,0.0001,1e-05,6,9,386.859
1,0.0001,1e-05,6,9,286.646
0,0.0001,1e-05,6,9,972.633
1,0.0001,1e-05,6,9,1996.53
0,0.0001,1e-05,6,9,988.046
1,0.0001,1e-05,6,9,428.211
0,0.0001,1e-05,6,9,1253.88
1,0.0001,1e-05,6,9,654.749
0,0.0001,1e-05,6,9,832.288
1,0.0001,1e-05,6,9,5529.98
0,0.0001,1e-05,6,9,1016.76
1,0.0001,1e-05,6,9,526.23
0,0.0001,1e-05,6,9,782.877
1,0.0001,1e-05,6,9,3901.14
0,0.0001,1e-05,6,9,675.514
1,0.0001,1e-05,6,9,2166
0,0.0001,1e-05,6,9,1327.08
1,0.0001,1e-05,6,9,757.678
0,0.0001,1e-05,6,9,419.72
1,0.0001,1e-05,6,9,135.651
0,0.0001,1e-05,6,9,446.303
1,0.0001,1e-05,6,9,2346.04
0,0.0001,1e-05,6,9,405.748
1,0.0001,1e-05,6,9,3354.04
0,0.0001,1e-05,6,9,1356.23
1,0.0001,1e-05,6,9,728.736
0,0.0001,1e-05,6,9,921.751
1,0.0001,1e-05,6,9,136.484
0,0.0001,1e-05,6,9,481.651
1,0.0001,1e-05,6,9,508.757
0,0.0001,1e-05,6,9,1821.58
1,0.0001,1e-05,6,9,528.488
0,0.0001,1e-05,6,9,561.48
1,0.0001,1e-05,6,9,168.672
0,0.0001,1e-05,6,9,720.45
1,0.0001,1e-05,6,9,1323.63
0,0.0001,1e-05,6,9,1029.61
1,0.0001,1e-05,6,9,3836.94
0,0.0001,1e-05,6,9,1065.89
1,0.0001,1e-05,6,9,285.602
0,0.0001,1e-05,6,9,1505.63
1,0.0001,1e-05,6,9,283.892
0,0.0001,1e-05,6,9,977.129
1,0.0001,1e-05,6,9,592.569
0,0.0001,1e-05,6,9,453.59
1,0.0001,1e-05,6,9,746.324
0,0.0001,1e-05,6,9,635.769
1,0.0001,1e-05,6,9,531.504
0,0.0001,1e-05,6,9,944.076
1,0.0001,1e-05,6,9,1581.33
0,0.0001,1e-05,6,9,1163.22
1,0.0001,1e-05,6,9,755.235
0,0.0001,1e-05,6,9,546.467
1,0.0001,1e-05,6,9,3674.48
0,0.0001,1e-05,6,9,437.378
1,0.0001,1e-05,6,9,452.311
0,0.0001,1e-05,6,9,760.683
1,0.0001,1e-05,6,9,578.11
0,0.0001,1e-05,6,9,1170.33
1,0.0001,1e-05,6,9,1045.83
0,0.0001,1e-05,6,9,1271.63
1,0.0001,1e-05,6,9,216.86
0,0.0001,1e-05,6,9,1736.88
1,0.0001,1e-05,6,9,1896.14
0,0.0001,1e-05,6,9,1116.92
1,0.0001,1e-05,6,9,787.796
0,0.0001,1e-05,6,9,511.433
1,0.0001,1e-05,6,9,587.359
0,0.0001,1e-05,6,9,677.622
1,0.0001,1e-05,6,9,1246.96
0,0.0001,1e-05,6,9,2452.84
1,0.0001,1e-05,6,9,721.118
0,0.0001,1e-05,6,9,668.497
1,0.0001,1e-05,6,9,1301.1
0,0.0001,1e-05,6,9,1033.63
1,0.0001,1e-05,6,9,201.485
0,0.0001,1e-05,6,9,1078.09
1,0.0001,1e-05,6,9,29.2109
0,0.0001,1e-05,6,9,635.994
1,0.0001,1e-05,6,9,992.77
0,0.0001,1e-05,6,9,1152.37
1,0.0001,1e-05,6,9,779.7
0,0.0001,1e-05,6,9,1967.96
1,0.0001,1e-05,6,9,1345.25
0,0.0001,1e-05,6,9,1143.24
1,0.0001,1e-05,6,9,1191.01
0,0.0001,1e-05,6,9,716.831
1,0.0001,1e-05,6,9,1314.77
0,0.0001,1e-05,6,9,756.145
1,0.0001,1e-05,6,9,1249.48
0,0.0001,1e-05,6,9,891.838
1,0.0001,1e-05,6,9,1620.09
0,0.0001,1e-05,6,9,396.575
1,0.0001,1e-05,6,9,700.723
0,0.0001,1e-05,6,9,968.525
1,0.0001,1e-05,6,9,711.768
0,0.0001,1e-05,6,9,1202.29
1,0.0001,1e-05,6,9,718.939
0,0.0001,1e-05,6,9,1168.94
1,0.0001,1e-05,6,9,260.476
0,0.0001,1e-05,6,9,413.442
1,0.0001,1e-05,6,9,5299.91
0,0.0001,1e-05,6,9,950.375
1,0.0001,1e-05,6,9,814.47
0,0.0001,1e-05,6,9,346.489
1,0.0001,1e-05,6,9,677.005
0,0.0001,1e-05,6,9,885.526
1,0.0001,1e-05,6,9,981.5
0,0.0001,1e-05,6,9,1214.57
1,0.0001,1e-05,6,9,2781.41
0,0.0001,1e-05,6,9,591.885
1,0.0001,1e-05,6,9,312.248
0,0.0001,1e-05,6,9,720.892
1,0.0001,1e-05,6,9,900.277
0,0.0001,1e-05,6,9,1512.32
1,0.0001,1e-05,6,9,344.899
0,0.0001,1e-05,6,9,1806.7
1,0.0001,1e-05,6,9,1051.09
0,0.0001,1e-05,6,9,1023.88
1,0.0001,1e-05,6,9,712.202
0,0.0001,1e-05,6,9,658.948
1,0.0001,1e-05,6,9,830.967
0,0.0001,1e-05,6,9,1664.15
1,0.0001,1e-05,6,9,2532.93
0,0.0001,1e-05,6,9,1354.61
1,0.0001,1e-05,6,9,376.373
0,0.0001,1e-05,6,9,856.24
1,0.0001,1e-05,6,9,306.744
0,0.0001,1e-05,6,9,972.086
1,0.0001,1e-05,6,9,842.464
0,0.0001,1e-05,6,9,624.303
1,0.0001,1e-05,6,9,588.493
0,0.0001,1e-05,6,9,421.693
1,0.0001,1e-05,6,9,981.235
0,0.0001,1e-05,6,9,1269.21
1,0.0001,1e-05,6,9,997.133
0,0.0001,1e-05,6,9,694.471
1,0.0001,1e-05,6,9,220.075
0,0.0001,1e-05,6,9,614.44
1,0.0001,1e-05,6,9,1057.06
0,0.0001,1e-05,6,9,1875.98
1,0.0001,1e-05,6,9,562.783
0,0.0001,1e-05,6,9,1331.16
1,0.0001,1e-05,6,9,1574.99
0,0.0001,1e-05,6,9,1737.36
1,0.0001,1e-05,6,9,2583
0,0.0001,1e-05,6,9,1136.71
1,0.0001,1e-05,6,9,567.916
0,0.0001,1e-05,6,9,960.762
1,0.0001,1e-05,6,9,1666.18
0,0.0001,1e-05,6,9,347.821
1,0.0001,1e-05,6,9,1573.58
0,0.0001,1e-05,6,9,1270.92
1,0.0001,1e-05,6,9,1811.47
0,0.0001,1e-05,6,9,923.441
1,0.0001,1e-05,6,9,390.693
0,0.0001,1e-05,6,9,2279.17
1,0.0001,1e-05,6,9,2564.73
0,0.0001,1e-05,6,9,1194.81
1,0.0001,1e-05,6,9,988.016
0,0.0001,1e-05,6,9,1849.24
1,0.0001,1e-05,6,9,560.804
0,0.0001,1e-05,6,9,940.281
1,0.0001,1e-05,6,9,710.578
0,0.0001,1e-05,6,9,1275.13
1,0.0001,1e-05,6,9,1160.57
0,0.0001,1e-05,6,9,610.827
1,0.0001,1e-05,6,9,890.313
0,0.0001,1e-05,6,9,1148.19
1,0.0001,1e-05,6,9,2625
0,0.0001,1e-05,6,9,1103.13
1,0.0001,1e-05,6,9,720.5
0,0.0001,1e-05,6,9,484.879
1,0.0001,1e-05,6,9,275.984
0,0.0001,1e-05,6,9,762.325
1,0.0001,1e-05,6,9,2399.22
0,0.0001,1e-05,6,9,539.252
1,0.0001,1e-05,6,9,1175.12
0,0.0001,1e-05,6,9,1516.62
1,0.0001,1e-05,6,9,655.067
0,0.0001,1e-05,6,9,1319.18
1,0.0001,1e-05,6,9,526.858
0,0.0001,1e-05,6,9,740.294
1,0.0001,1e-05,6,9,2164.77
0,0.0001,1e-05,6,9,652.955
1,0.0001,1e-05,6,9,1168.2
0,0.0001,1e-05,6,9,1228.49
1,0.0001,1e-05,6,9,1098.05
0,0.0001,1e-05,6,9,724.413
1,0.0001,1e-05,6,9,219.415
0,0.0001,1e-05,6,9,339.611
1,0.0001,1e-05,6,9,567.102
0,0.0001,1e-05,6,9,750.54
1,0.0001,1e-05,6,9,1504.92
0,0.0001,1e-05,6,9,1142.46
1,0.0001,1e-05,6,9,314.296
0,0.0001,1e-05,6,9,1340.46
1,0.0001,1e-05,6,9,791.062
0,0.0001,1e-05,6,9,1314.09
1,0.0001,1e-05,6,9,520.83
0,0.0001,1e-05,6,9,684.423
1,0.0001,1e-05,6,9,1004.88
0,0.0001,1e-05,6,9,268.746
1,0.0001,1e-05,6,9,481.249
0,0.0001,1e-05,6,9,1909.25
1,0.0001,1e-05,6,9,2190.6
0,0.0001,1e-05,6,9,464.549
1,0.0001,1e-05,6,9,473.254
0,0.0001,1e-05,6,9,1651.23
1,0.0001,1e-05,6,9,1233.51
0,0.0001,1e-05,6,9,452.649
1,0.0001,1e-05,6,9,800.726
0,0.0001,1e-05,6,9,792.598
1,0.0001,1e-05,6,9,112.814
0,0.0001,1e-05,6,9,1091.38
1,0.0001,1e-05,6,9,1888.32
0,0.0001,1e-05,6,9,606.618
1,0.0001,1e-05,6,9,812.923
0,0.0001,1e-05,6,9,1460.71
1,0.0001,1e-05,6,9,85.5011
0,0.0001,1e-05,6,9,1429.1
1,0.0001,1e-05,6,9,654.451
0,0.0001,1e-05,6,9,895.927
1,0.0001,1e-05,6,9,839.966
0,0.0001,1e-05,6,9,774.602
1,0.0001,1e-05,6,9,2096.99
0,0.0001,1e-05,6,9,1539.66
1,0.0001,1e-05,6,9,1548.34
0,0.0001,1e-05,6,9,2086.89
1,0.0001,1e-05,6,9,489.454
0,0.0001,1e-05,6,9,1398.48
1,0.0001,1e-05,6,9,1333.43
0,0.0001,1e-05,6,9,1010.43
1,0.0001,1e-05,6,9,2128.28
0,0.0001,1e-05,6,9,1361.23
1,0.0001,1e-05,6,9,234.899
0,0.0001,1e-05,6,9,511.435
1,0.0001,1e-05,6,9,440.009
0,0.0001,1e-05,6,9,869.785
1,0.0001,1e-05,6,9,4020.09
0,0.0001,1e-05,6,9,3123.93
1,0.0001,1e-05,6,9,1941.21
0,0.0001,1e-05,6,9,1287.71
1,0.0001,1e-05,6,9,1674.01
0,0.0001,1e-05,6,9,1570.57
1,0.0001,1e-05,6,9,167.092
0,0.0001,1e-05,6,9,1281.02
1,0.0001,1e-05,6,9,362.199
0,0.0001,1e-05,6,9,451.305
1,0.0001,1e-05,6,9,540.42
0,0.0001,1e-05,6,9,1127.99
1,0.0001,1e-05,6,9,2605.46
0,0.0001,1e-05,6,9,1182.42
1,0.0001,1e-05,6,9,601.795
0,0.0001,1e-05,6,9,320.914
1,0.0001,1e-05,6,9,797.218
0,0.0001,1e-05,6,9,1321.67
1,0.0001,1e-05,6,9,1423.93
0,0.0001,1e-05,6,9,1234.1
1,0.0001,1e-05,6,9,615.051
0,0.0001,1e-05,6,9,660.609
1,0.0001,1e-05,6,9,1136.24
0,0.0001,1e-05,6,9,993.475
1,0.0001,1e-05,6,9,224.267
0,0.0001,1e-05,6,9,1018.19
1,0.0001,1e-05,6,9,3348.22
0,0.0001,1e-05,6,9,709.175
1,0.0001,1e-05,6,9,3273.89
0,0.0001,1e-05,6,9,1300.61
1,0.0001,1e-05,6,9,886.316
0,0.0001,1e-05,6,9,660.519
1,0.0001,1e-05,6,9,3126.21
0,0.0001,1e-05,6,9,570.17
1,0.0001,1e-05,6,9,123.977
0,0.0001,1e-05,6,9,1610.84
1,0.0001,1e-05,6,9,802.385
0,0.0001,1e-05,6,9,760.041
1,0.0001,1e-05,6,9,2310.91
0,0.0001,1e-05,6,9,1443.29
1,0.0001,1e-05,6,9,4153.96
0,0.0001,1e-05,6,9,832.132
1,0.0001,1e-05,6,9,3196.53
0,0.0001,1e-05,6,9,1687.06
1,0.0001,1e-05,6,9,1440.55
0,0.0001,1e-05,6,9,1063.42
1,0.0001,1e-05,6,9,261.034
0,0.0001,1e-05,6,9,675.804
1,0.0001,1e-05,6,9,2076.47
0,0.0001,1e-05,6,9,1534.2
1,0.0001,1e-05,6,9,1447.99
0,0.0001,1e-05,6,9,560.499
1,0.0001,1e-05,6,9,1152.29
0,0.0001,1e-05,6,9,1052.8
1,0.0001,1e-05,6,9,713.726
0,0.0001,1e-05,6,9,1298.37
1,0.0001,1e-05,6,9,345.729
0,0.0001,1e-05,6,9,858.576
1,0.0001,1e-05,6,9,1279.31
0,0.0001,1e-05,6,9,1695.91
1,0.0001,1e-05,6,9,1113.56
0,0.0001,1e-05,6,9,1659.98
1,0.0001,1e-05,6,9,711.81
0,0.0001,1e-05,6,9,807.467
1,0.0001,1e-05,6,9,1321.19
0,0.0001,1e-05,6,9,1041.47
1,0.0001,1e-05,6,9,408.316
0,0.0001,1e-05,6,9,956.755
1,0.0001,1e-05,6,9,734.475
0,0.0001,1e-05,6,9,711.405
1,0.0001,1e-05,6,9,280.596
0,0.0001,1e-05,6,9,1222.66
1,0.0001,1e-05,6,9,1166.04
0,0.0001,1e-05,6,9,882.138
1,0.0001,1e-05,6,9,192.553
0,0.0001,1e-05,6,9,1255.29
1,0.0001,1e-05,6,9,3802.34
0,0.0001,1e-05,6,9,877.191
1,0.0001,1e-05,6,9,3139.52
0,0.0001,1e-05,6,9,872.189
1,0.0001,1e-05,6,9,357.49
0,0.0001,1e-05,6,9,1004.44
1,0.0001,1e-05,6,9,1553.41
0,0.0001,1e-05,6,9,393.433
1,0.0001,1e-05,6,9,172.476
0,0.0001,1e-05,6,9,846.494
1,0.0001,1e-05,6,9,117.638
0,0.0001,1e-05,6,9,746.624
1,0.0001,1e-05,6,9,618.379
0,0.0001,1e-05,6,9,1097.94
1,0.0001,1e-05,6,9,1889.6
0,0.0001,1e-05,6,9,533.876
1,0.0001,1e-05,6,9,303.799
0,0.0001,1e-05,6,9,968.934
1,0.0001,1e-05,6,9,314.431
0,0.0001,1e-05,6,9,1515.31
1,0.0001,1e-05,6,9,373.956
0,0.0001,1e-05,6,9,985.108
1,0.0001,1e-05,6,9,1945.06
0,0.0001,1e-05,6,9,1705.31
1,0.0001,1e-05,6,9,444.725
0,0.0001,1e-05,6,9,1220.99
1,0.0001,1e-05,6,9,712.244
0,0.0001,1e-05,6,9,818.923
1,0.0001,1e-05,6,9,342.126
0,0.0001,1e-05,6,9,1129.64
1,0.0001,1e-05,6,9,1537.09
0,0.0001,1e-05,6,9,649.964
1,0.0001,1e-05,6,9,1849.05
0,0.0001,1e-05,6,9,1517.27
1,0.0001,1e-05,6,9,393.69
0,0.0001,1e-05,6,9,1150.91
1,0.0001,1e-05,6,9,647.81
0,0.0001,1e-05,6,9,1338.52
1,0.0001,1e-05,6,9,167.871
0,0.0001,1e-05,6,9,808.319
1,0.0001,1e-05,6,9,967.927
0,0.0001,1e-05,6,9,1417.64
1,0.0001,1e-05,6,9,353.421
0,0.0001,1e-05,6,9,1528.97
1,0.0001,1e-05,6,9,3885.47
0,0.0001,1e-05,6,9,715.737
1,0.0001,1e-05,6,9,4407.67
0,0.0001,1e-05,6,9,1412.51
1,0.0001,1e-05,6,9,558.795
0,0.0001,1e-05,6,9,398.251
1,0.0001,1e-05,6,9,404.277
0,0.0001,1e-05,6,9,431.319
1,0.0001,1e-05,6,9,1110.44
0,0.0001,1e-05,6,9,667.175
1,0.0001,1e-05,6,9,351.264
0,0.0001,1e-05,6,9,1717.15
1,0.0001,1e-05,6,9,4272.99
0,0.0001,1e-05,6,9,807.844
1,0.0001,1e-05,6,9,3503.2
0,0.0001,1e-05,6,9,2033.7
1,0.0001,1e-05,6,9,667.074
0,0.0001,1e-05,6,9,994.04
1,0.0001,1e-05,6,9,242.683
0,0.0001,1e-05,6,9,1226.05
1,0.0001,1e-05,6,9,2184.14
0,0.0001,1e-05,6,9,1682.31
1,0.0001,1e-05,6,9,5913.69
0,0.0001,1e-05,6,9,969.901
1,0.0001,1e-05,6,9,975.979
0,0.0001,1e-05,6,9,1281.32
1,0.0001,1e-05,6,9,440.013
0,0.0001,1e-05,6,9,1616.71
1,0.0001,1e-05,6,9,804.41
0,0.0001,1e-05,6,9,1068.12
1,0.0001,1e-05,6,9,137.136
0,0.0001,1e-05,6,9,848.555
1,0.0001,1e-05,6,9,481.116
0,0.0001,1e-05,6,9,942.753
1,0.0001,1e-05,6,9,1771.65
0,0.0001,1e-05,6,9,743.368
1,0.0001,1e-05,6,9,2314.87
0,0.0001,1e-05,6,9,1106.59
1,0.0001,1e-05,6,9,155.583
0,0.0001,1e-05,6,9,1351.52
1,0.0001,1e-05,6,9,339.519
0,0.0001,1e-05,6,9,784.79
1,0.0001,1e-05,6,9,125.441
0,0.0001,1e-05,6,9,1263.58
1,0.0001,1e-05,6,9,1003.26
0,0.0001,1e-05,6,9,1610.14
1,0.0001,1e-05,6,9,812.977
0,0.0001,1e-05,6,9,946.744
1,0.0001,1e-05,6,9,722.649
0,0.0001,1e-05,6,9,1263.33
1,0.0001,1e-05,6,9,486.68
0,0.0001,1e-05,6,9,635.042
1,0.0001,1e-05,6,9,379.57
0,0.0001,1e-05,6,9,1377.61
1,0.0001,1e-05,6,9,68.898
0,0.0001,1e-05,6,9,1027.55
1,0.0001,1e-05,6,9,911.882
0,0.0001,1e-05,6,9,455.055
1,0.0001,1e-05,6,9,556.812
0,0.0001,1e-05,6,9,1501.18
1,0.0001,1e-05,6,9,736.391
0,0.0001,1e-05,6,9,1157.8
1,0.0001,1e-05,6,9,401.301
0,0.0001,1e-05,6,9,1670.14
1,0.0001,1e-05,6,9,178.657
0,0.0001,1e-05,6,9,490.514
1,0.0001,1e-05,6,9,763.471
0,0.0001,1e-05,6,9,988.889
1,0.0001,1e-05,6,9,711.243
0,0.0001,1e-05,6,9,442.372
1,0.0001,1e-05,6,9,597.706
0,0.0001,1e-05,6,9,1209.04
1,0.0001,1e-05,6,9,392.283
0,0.0001,1e-05,6,9,1074.94
1,0.0001,1e-05,6,9,515.788
0,0.0001,1e-05,6,9,799.373
1,0.0001,1e-05,6,9,549.679
0,0.0001,1e-05,6,9,849.905
1,0.0001,1e-05,6,9,1990.84
0,0.0001,1e-05,6,9,856.951
1,0.0001,1e-05,6,9,198.119
0,0.0001,1e-05,6,9,801.779
1,0.0001,1e-05,6,9,1418.77
0,0.0001,1e-05,6,9,751.088
1,0.0001,1e-05,6,9,1952.66
0,0.0001,1e-05,6,9,1190.51
1,0.0001,1e-05,6,9,1859.48
0,0.0001,1e-05,6,9,1417.46
1,0.0001,1e-05,6,9,357.654
0,0.0001,1e-05,6,9,1204.52
1,0.0001,1e-05,6,9,1263.33
0,0.0001,1e-05,6,9,1358.7
1,0.0001,1e-05,6,9,1306.22
0,0.0001,1e-05,6,9,1339.55
1,0.0001,1e-05,6,9,583.953
0,0.0001,1e-05,6,9,727.376
1,0.0001,1e-05,6,9,863.449
0,0.0001,1e-05,6,9,949.49
1,0.0001,1e-05,6,9,2360.95
0,0.0001,1e-05,6,9,649.404
1,0.0001,1e-05,6,9,1046.74
0,0.0001,1e-05,6,9,1736.84
1,0.0001,1e-05,6,9,432.555
0,0.0001,1e-05,6,9,1287.32
1,0.0001,1e-05,6,9,675.178
0,0.0001,1e-05,6,9,557.574
1,0.0001,1e-05,6,9,208.907
0,0.0001,1e-05,6,9,1411.14
1,0.0001,1e-05,6,9,1609.04
0,0.0001,1e-05,6,9,1713.49
1,0.0001,1e-05,6,9,1758.18
0,0.0001,1e-05,6,9,958.004
1,0.0001,1e-05,6,9,414.47
0,0.0001,1e-05,6,9,803.83
1,0.0001,1e-05,6,9,1015.72
0,0.0001,1e-05,6,9,877.684
1,0.0001,1e-05,6,9,727.13
0,0.0001,1e-05,6,9,1639.29
1,0.0001,1e-05,6,9,1345.42
0,0.0001,1e-05,6,9,1085.99
1,0.0001,1e-05,6,9,6509.21
0,0.0001,1e-05,6,9,342.596
1,0.0001,1e-05,6,9,2197.4
0,0.0001,1e-05,6,9,833.982
1,0.0001,1e-05,6,9,1264.34
0,0.0001,1e-05,6,9,918.631
1,0.0001,1e-05,6,9,871.557
0,0.0001,1e-05,6,9,1781.29
1,0.0001,1e-05,6,9,865.907
0,0.0001,1e-05,6,9,1560.63
1,0.0001,1e-05,6,9,2023.79
0,0.0001,1e-05,6,9,1322.67
1,0.0001,1e-05,6,9,1027.26
0,0.0001,1e-05,6,9,1331.01
1,0.0001,1e-05,6,9,1630.63
0,0.0001,1e-05,6,9,1826.4
1,0.0001,1e-05,6,9,1167.46
0,0.0001,1e-05,6,9,1211.64
1,0.0001,1e-05,6,9,1183.82
0,0.0001,1e-05,6,9,951.689
1,0.0001,1e-05,6,9,4051.1
0,0.0001,1e-05,6,9,1108.42
1,0.0001,1e-05,6,9,703.17
0,0.0001,1e-05,6,9,113.041
1,0.0001,1e-05,6,9,423.227
0,0.0001,1e-05,6,9,2628.34
1,0.0001,1e-05,6,9,507.534
0,0.0001,1e-05,6,9,928.66
1,0.0001,1e-05,6,9,275.701
0,0.0001,1e-05,6,9,1159.67
1,0.0001,1e-05,6,9,1049.42
0,0.0001,1e-05,6,9,601.745
1,0.0001,1e-05,6,9,696.14
0,0.0001,1e-05,6,9,1007.74
1,0.0001,1e-05,6,9,500.066
0,0.0001,1e-05,6,9,877.294
1,0.0001,1e-05,6,9,493.395
0,0.0001,1e-05,6,9,1313.56
1,0.0001,1e-05,6,9,847.055
0,0.0001,1e-05,6,9,740.885
1,0.0001,1e-05,6,9,1628.44
0,0.0001,1e-05,6,9,953.423
1,0.0001,1e-05,6,9,1353.39
0,0.0001,1e-05,6,9,555.356
1,0.0001,1e-05,6,9,446.15
0,0.0001,1e-05,6,9,605.48
1,0.0001,1e-05,6,9,1417.81
0,0.0001,1e-05,6,9,1374.69
1,0.0001,1e-05,6,9,746.199
0,0.0001,1e-05,6,9,1783.65
1,0.0001,1e-05,6,9,1859.27
0,0.0001,1e-05,6,9,1497.62
1,0.0001,1e-05,6,9,472.175
0,0.0001,1e-05,6,9,1034.41
1,0.0001,1e-05,6,9,5082.77
0,0.0001,1e-05,6,9,1353.33
1,0.0001,1e-05,6,9,537.633
0,0.0001,1e-05,6,9,754.383
1,0.0001,1e-05,6,9,3162.8
0,0.0001,1e-05,6,9,902.23
1,0.0001,1e-05,6,9,575.612
0,0.0001,1e-05,6,9,592.839
1,0.0001,1e-05,6,9,1247.69
0,0.0001,1e-05,6,9,1341.58
1,0.0001,1e-05,6,9,1145.74
0,0.0001,1e-05,6,9,641.242
1,0.0001,1e-05,6,9,627.503
0,0.0001,1e-05,6,9,1948.47
1,0.0001,1e-05,6,9,3680.11
0,0.0001,1e-05,6,9,658.031
1,0.0001,1e-05,6,9,1070.51
0,0.0001,1e-05,6,9,1096.44
1,0.0001,1e-05,6,9,596.829
0,0.0001,1e-05,6,9,955.071
1,0.0001,1e-05,6,9,976.383
0,0.0001,1e-05,6,9,571.726
1,0.0001,1e-05,6,9,1036.07
0,0.0001,1e-05,6,9,1694.4
1,0.0001,1e-05,6,9,829.607
0,0.0001,1e-05,6,9,985.551
1,0.0001,1e-05,6,9,169.871
0,0.0001,1e-05,6,9,1094.92
1,0.0001,1e-05,6,9,515.862
0,0.0001,1e-05,6,9,520.336
1,0.0001,1e-05,6,9,1066.87
0,0.0001,1e-05,6,9,1461.56
1,0.0001,1e-05,6,9,2048.63
0,0.0001,1e-05,6,9,552.715
1,0.0001,1e-05,6,9,598.498
0,0.0001,1e-05,6,9,729.027
1,0.0001,1e-05,6,9,200.004
0,0.0001,1e-05,6,9,661.887
1,0.0001,1e-05,6,9,492.053
0,0.0001,1e-05,6,9,524.864
1,0.0001,1e-05,6,9,365.438
0,0.0001,1e-05,6,9,1830.79
1,0.0001,1e-05,6,9,337.547
0,0.0001,1e-05,6,9,772.046
1,0.0001,1e-05,6,9,303.919
0,0.0001,1e-05,6,9,1645.19
1,0.0001,1e-05,6,9,279.264
0,0.0001,1e-05,6,9,1468.81
1,0.0001,1e-05,6,9,222.969
0,0.0001,1e-05,6,9,1242.96
1,0.0001,1e-05,6,9,3548.19
0,0.0001,1e-05,6,9,1121.97
1,0.0001,1e-05,6,9,747.564
0,0.0001,1e-05,6,9,566.826
1,0.0001,1e-05,6,9,668.915
0,0.0001,1e-05,6,9,993.514
1,0.0001,1e-05,6,9,294.096
0,0.0001,1e-05,6,9,1730.09
1,0.0001,1e-05,6,9,266.154
0,0.0001,1e-05,6,9,511.465
1,0.0001,1e-05,6,9,99.0057
0,0.0001,1e-05,6,9,1906.11
1,0.0001,1e-05,6,9,995.007
0,0.0001,1e-05,6,9,491.446
1,0.0001,1e-05,6,9,928.9
0,0.0001,1e-05,6,9,510.393
1,0.0001,1e-05,6,9,224.322
0,0.0001,1e-05,6,9,522.242
1,0.0001,1e-05,6,9,227.438
0,0.0001,1e-05,6,9,406.66
1,0.0001,1e-05,6,9,1310.36
0,0.0001,1e-05,6,9,1656.84
1,0.0001,1e-05,6,9,1507.29
0,0.0001,1e-05,6,9,757.873
1,0.0001,1e-05,6,9,951.553
0,0.0001,1e-05,6,9,754.581
1,0.0001,1e-05,6,9,719.462
0,0.0001,1e-05,6,9,1663.25
1,0.0001,1e-05,6,9,1706.71
0,0.0001,1e-05,6,9,1401.36
1,0.0001,1e-05,6,9,855.604
0,0.0001,1e-05,6,9,852.973
1,0.0001,1e-05,6,9,969.784
0,0.0001,1e-05,6,9,1465.44
1,0.0001,1e-05,6,9,337.766
0,0.0001,1e-05,6,9,676.409
1,0.0001,1e-05,6,9,766.745
0,0.0001,1e-05,6,9,701.189
1,0.0001,1e-05,6,9,407.409
0,0.0001,1e-05,6,9,1244.13
1,0.0001,1e-05,6,9,1713.12
0,0.0001,1e-05,6,9,719.688
1,0.0001,1e-05,6,9,1489.98
0,0.0001,1e-05,6,9,694.662
1,0.0001,1e-05,6,9,632.829
0,0.0001,1e-05,6,9,878.128
1,0.0001,1e-05,6,9,1170.07
0,0.0001,1e-05,6,9,665.057
1,0.0001,1e-05,6,9,258.74
0,0.0001,1e-05,6,9,919.131
1,0.0001,1e-05,6,9,503.069
0,0.0001,1e-05,6,9,926.587
1,0.0001,1e-05,6,9,147.678
0,0.0001,1e-05,6,9,1304.89
1,0.0001,1e-05,6,9,1436.18
0,0.0001,1e-05,6,9,1628.87
1,0.0001,1e-05,6,9,328.582
0,0.0001,1e-05,6,9,683.708
1,0.0001,1e-05,6,9,1051.74
0,0.0001,1e-05,6,9,1224.11
1,0.0001,1e-05,6,9,353.77
0,0.0001,1e-05,6,9,2000.4
1,0.0001,1e-05,6,9,1361.07
0,0.0001,1e-05,6,9,1259.24
1,0.0001,1e-05,6,9,669.738
0,0.0001,1e-05,6,9,543.721
1,0.0001,1e-05,6,9,3578.98
0,0.0001,1e-05,6,9,2175.1
1,0.0001,1e-05,6,9,1755.78
0,0.0001,1e-05,6,9,1570.71
1,0.0001,1e-05,6,9,408.586
0,0.0001,1e-05,6,9,514.966
1,0.0001,1e-05,6,9,526.541
0,0.0001,1e-05,6,9,426.972
1,0.0001,1e-05,6,9,367.348
0,0.0001,1e-05,6,9,1431.71
1,0.0001,1e-05,6,9,344.606
0,0.0001,1e-05,6,9,481.334
1,0.0001,1e-05,6,9,795.922
0,0.0001,1e-05,6,9,301.529
1,0.0001,1e-05,6,9,1829.58
0,0.0001,1e-05,6,9,1656.11
1,0.0001,1e-05,6,9,728.271
0,0.0001,1e-05,6,9,1083.51
1,0.0001,1e-05,6,9,844.905
0,0.0001,1e-05,6,9,251.087
1,0.0001,1e-05,6,9,869.581
0,0.0001,1e-05,6,9,978.375
1,0.0001,1e-05,6,9,2781.44
0,0.0001,1e-05,6,9,540.562
1,0.0001,1e-05,6,9,313.225
0,0.0001,1e-05,6,9,590.014
1,0.0001,1e-05,6,9,2909.04
0,0.0001,1e-05,6,9,1091.01
1,0.0001,1e-05,6,9,310.009
0,0.0001,1e-05,6,9,947.688
1,0.0001,1e-05,6,9,387.736
0,0.0001,1e-05,6,9,782.535
1,0.0001,1e-05,6,9,906.907
0,0.0001,1e-05,6,9,1280.14
1,0.0001,1e-05,6,9,40.4716
0,0.0001,1e-05,6,9,1359.41
1,0.0001,1e-05,6,9,954.462
0,0.0001,1e-05,6,9,216.339
1,0.0001,1e-05,6,9,248.628
0,0.0001,1e-05,6,9,926.085
1,0.0001,1e-05,6,9,1057.9
0,0.0001,1e-05,6,9,1749.18
1,0.0001,1e-05,6,9,1534.84
0,0.0001,1e-05,6,9,1874.16
1,0.0001,1e-05,6,9,144.849
0,0.0001,1e-05,6,9,822.946
1,0.0001,1e-05,6,9,1445.84
0,0.0001,1e-05,6,9,1114.9
1,0.0001,1e-05,6,9,463.213
0,0.0001,1e-05,6,9,1462.38
1,0.0001,1e-05,6,9,836.693
0,0.0001,1e-05,6,9,800.055
1,0.0001,1e-05,6,9,531.265
0,0.0001,1e-05,6,9,1236.15
1,0.0001,1e-05,6,9,816.765
0,0.0001,1e-05,6,9,411.493
1,0.0001,1e-05,6,9,400.363
0,0.0001,1e-05,6,9,558.824
1,0.0001,1e-05,6,9,1250.2
0,0.0001,1e-05,6,9,668.023
1,0.0001,1e-05,6,9,100.872
0,0.0001,1e-05,6,9,653.689
1,0.0001,1e-05,6,9,1876.14
0,0.0001,1e-05,6,9,859.613
1,0.0001,1e-05,6,9,976.976
0,0.0001,1e-05,6,9,1189.36
1,0.0001,1e-05,6,9,351.179
0,0.0001,1e-05,6,9,760.103
1,0.0001,1e-05,6,9,714.573
0,0.0001,1e-05,6,9,569.352
1,0.0001,1e-05,6,9,817.848
0,0.0001,1e-05,6,9,1313.45
1,0.0001,1e-05,6,9,511.721
0,0.0001,1e-05,6,9,836.425
1,0.0001,1e-05,6,9,893.805
0,0.0001,1e-05,6,9,1312.7
1,0.0001,1e-05,6,9,1399.36
0,0.0001,1e-05,6,9,1277.17
1,0.0001,1e-05,6,9,364.106
0,0.0001,1e-05,6,9,957.199
1,0.0001,1e-05,6,9,390.16
0,0.0001,1e-05,6,9,1197.73
1,0.0001,1e-05,6,9,1979.04
0,0.0001,1e-05,6,9,1391
1,0.0001,1e-05,6,9,1807.04
0,0.0001,1e-05,6,9,587.591
1,0.0001,1e-05,6,9,1485.35
0,0.0001,1e-05,6,9,952.952
1,0.0001,1e-05,6,9,74.0938
0,0.0001,1e-05,6,9,862.622
1,0.0001,1e-05,6,9,242.459
0,0.0001,1e-05,6,9,715.211
1,0.0001,1e-05,6,9,388.659
0,0.0001,1e-05,6,9,1108.18
1,0.0001,1e-05,6,9,827.278
0,0.0001,1e-05,6,9,1356.44
1,0.0001,1e-05,6,9,817.806
0,0.0001,1e-05,6,9,856.415
1,0.0001,1e-05,6,9,1691.33
0,0.0001,1e-05,6,9,1414.73
1,0.0001,1e-05,6,9,1053.84
0,0.0001,1e-05,6,9,1315.58
1,0.0001,1e-05,6,9,118.504
0,0.0001,1e-05,6,9,798.887
1,0.0001,1e-05,6,9,1755.57
0,0.0001,1e-05,6,9,1263.32
1,0.0001,1e-05,6,9,339.353
0,0.0001,1e-05,6,9,1991.07
1,0.0001,1e-05,6,9,225.363
0,0.0001,1e-05,6,9,506.472
1,0.0001,1e-05,6,9,141.136
0,0.0001,1e-05,6,9,1042.38
1,0.0001,1e-05,6,9,676.571
0,0.0001,1e-05,6,9,1396.42
1,0.0001,1e-05,6,9,2339.13
0,0.0001,1e-05,6,9,466.926
1,0.0001,1e-05,6,9,682.601
0,0.0001,1e-05,6,9,595.313
1,0.0001,1e-05,6,9,2901.88
0,0.0001,1e-05,6,9,973.323
1,0.0001,1e-05,6,9,823.117
0,0.0001,1e-05,6,9,1279.29
1,0.0001,1e-05,6,9,1989.32
0,0.0001,1e-05,6,9,1116.18
1,0.0001,1e-05,6,9,1757.82
0,0.0001,1e-05,6,9,1065.24
1,0.0001,1e-05,6,9,1253.77
0,0.0001,1e-05,6,9,859.927
1,0.0001,1e-05,6,9,2430.66
0,0.0001,1e-05,6,9,376.291
1,0.0001,1e-05,6,9,567.201
0,0.0001,1e-05,6,9,597.732
1,0.0001,1e-05,6,9,271.826
0,0.0001,1e-05,6,9,573.995
1,0.0001,1e-05,6,9,2079.14
0,0.0001,1e-05,6,9,725.987
1,0.0001,1e-05,6,9,1228.33
0,0.0001,1e-05,6,9,544.667
1,0.0001,1e-05,6,9,500.068
0,0.0001,1e-05,6,9,1836.24
1,0.0001,1e-05,6,9,1539.85
0,0.0001,1e-05,6,9,570.482
1,0.0001,1e-05,6,9,315.838
0,0.0001,1e-05,6,9,1429.96
1,0.0001,1e-05,6,9,105.512
0,0.0001,1e-05,6,9,971.123
1,0.0001,1e-05,6,9,1466.85
0,0.0001,1e-05,6,9,1921.09
1,0.0001,1e-05,6,9,956.984
0,0.0001,1e-05,6,9,1562.1
1,0.0001,1e-05,6,9,455.798
0,0.0001,1e-05,6,9,869.282
1,0.0001,1e-05,6,9,3040.49
0,0.0001,1e-05,6,9,554.333
1,0.0001,1e-05,6,9,174.254
0,0.0001,1e-05,6,9,997.466
1,0.0001,1e-05,6,9,312.858
0,0.0001,1e-05,6,9,1103.83
1,0.0001,1e-05,6,9,1775.31
0,0.0001,1e-05,6,9,1100.22
1,0.0001,1e-05,6,9,1877.64
0,0.0001,1e-05,6,9,455.786
1,0.0001,1e-05,6,9,878.58
0,0.0001,1e-05,6,9,461.42
1,0.0001,1e-05,6,9,706.296
0,0.0001,1e-05,6,9,838.848
1,0.0001,1e-05,6,9,1199.25
0,0.0001,1e-05,6,9,1008.92
1,0.0001,1e-05,6,9,577.633
0,0.0001,1e-05,6,9,839.941
1,0.0001,1e-05,6,9,524.408
0,0.0001,1e-05,6,9,1032.65
1,0.0001,1e-05,6,9,3344.61
0,0.0001,1e-05,6,9,416.851
1,0.0001,1e-05,6,9,235.562
0,0.0001,1e-05,6,9,861.006
1,0.0001,1e-05,6,9,463.526
0,0.0001,1e-05,6,9,1332.26
1,0.0001,1e-05,6,9,1372.12
0,0.0001,1e-05,6,9,1524.56
1,0.0001,1e-05,6,9,3275.34
0,0.0001,1e-05,6,9,511.35
1,0.0001,1e-05,6,9,1129.85
0,0.0001,1e-05,6,9,701.243
1,0.0001,1e-05,6,9,320.218
0,0.0001,1e-05,6,9,1273.25
1,0.0001,1e-05,6,9,623.003
0,0.0001,1e-05,6,9,862.178
1,0.0001,1e-05,6,9,3018.48
0,0.0001,1e-05,6,9,679.226
1,0.0001,1e-05,6,9,456.19
0,0.0001,1e-05,6,9,997.963
1,0.0001,1e-05,6,9,228.859
0,0.0001,1e-05,6,9,1067.2
1,0.0001,1e-05,6,9,2666.07
0,0.0001,1e-05,6,9,1490.61
1,0.0001,1e-05,6,9,798.202
0,0.0001,1e-05,6,9,1734.25
1,0.0001,1e-05,6,9,1304.15
0,0.0001,1e-05,6,9,1252.89
1,0.0001,1e-05,6,9,683.42
0,0.0001,1e-05,6,9,549.556
1,0.0001,1e-05,6,9,846.548
0,0.0001,1e-05,6,9,1293.76
1,0.0001,1e-05,6,9,773.839
0,0.0001,1e-05,6,9,857.767
1,0.0001,1e-05,6,9,1810.68
0,0.0001,1e-05,6,9,1120.34
1,0.0001,1e-05,6,9,602.994
0,0.0001,1e-05,6,9,445.852
1,0.0001,1e-05,6,9,294.371
0,0.0001,1e-05,6,9,1733.82
1,0.0001,1e-05,6,9,1533.71
0,0.0001,1e-05,6,9,697.575
1,0.0001,1e-05,6,9,1266.94
0,0.0001,1e-05,6,9,1915.73
1,0.0001,1e-05,6,9,262.002
0,0.0001,1e-05,6,9,1204.61
1,0.0001,1e-05,6,9,255.268
0,0.0001,1e-05,6,9,1151.81
1,0.0001,1e-05,6,9,1212.09
0,0.0001,1e-05,6,9,1113.1
1,0.0001,1e-05,6,9,2367.46
0,0.0001,1e-05,6,9,871.951
1,0.0001,1e-05,6,9,1308.11
0,0.0001,1e-05,6,9,605.81
1,0.0001,1e-05,6,9,1363.48
0,0.0001,1e-05,6,9,306.247
1,0.0001,1e-05,6,9,1256.14
0,0.0001,1e-05,6,9,2498.43
1,0.0001,1e-05,6,9,519.553
0,0.0001,1e-05,6,9,1527.02
1,0.0001,1e-05,6,9,3968.05
0,0.0001,1e-05,6,9,1447.53
1,0.0001,1e-05,6,9,215.037
0,0.0001,1e-05,6,9,803.156
1,0.0001,1e-05,6,9,184.594
0,0.0001,1e-05,6,9,701.095
1,0.0001,1e-05,6,9,349.238
0,0.0001,1e-05,6,9,1136.43
1,0.0001,1e-05,6,9,192.489
0,0.0001,1e-05,6,9,908.174
1,0.0001,1e-05,6,9,914.034
0,0.0001,1e-05,6,9,1530.97
1,0.0001,1e-05,6,9,572.419
0,0.0001,1e-05,6,9,1455.25
1,0.0001,1e-05,6,9,1342.26
0,0.0001,1e-05,6,9,1083.89
1,0.0001,1e-05,6,9,1310.13
0,0.0001,1e-05,6,9,974.515
1,0.0001,1e-05,6,9,1153.17
0,0.0001,1e-05,6,9,1792.25
1,0.0001,1e-05,6,9,479.557
0,0.0001,1e-05,6,9,2320.02
1,0.0001,1e-05,6,9,434.822
0,0.0001,1e-05,6,9,1122.78
1,0.0001,1e-05,6,9,4736.86
0,0.0001,1e-05,6,9,1284.93
1,0.0001,1e-05,6,9,720.752
0,0.0001,1e-05,6,9,1166.19
1,0.0001,1e-05,6,9,742.118
0,0.0001,1e-05,6,9,945.402
1,0.0001,1e-05,6,9,645.002
0,0.0001,1e-05,6,9,1383.99
1,0.0001,1e-05,6,9,3007.62
0,0.0001,1e-05,6,9,939.074
1,0.0001,1e-05,6,9,265.998
0,0.0001,1e-05,6,9,2275.84
1,0.0001,1e-05,6,9,208.425
0,0.0001,1e-05,6,9,656.383
1,0.0001,1e-05,6,9,248.517
0,0.0001,1e-05,6,9,657.052
1,0.0001,1e-05,6,9,484.308
0,0.0001,1e-05,6,9,1162.19
1,0.0001,1e-05,6,9,654.313
0,0.0001,1e-05,6,9,957.017
1,0.0001,1e-05,6,9,1957.96
0,0.0001,1e-05,6,9,1494.26
1,0.0001,1e-05,6,9,160.845
0,0.0001,1e-05,6,9,1201.71
1,0.0001,1e-05,6,9,593.159
0,0.0001,1e-05,6,9,1020.84
1,0.0001,1e-05,6,9,1428.67
0,0.0001,1e-05,6,9,308.574
1,0.0001,1e-05,6,9,128.714
0,0.0001,1e-05,6,9,1603.35
1,0.0001,1e-05,6,9,311.803
0,0.0001,1e-05,6,9,959.32
1,0.0001,1e-05,6,9,717.592
0,0.0001,1e-05,6,9,630.753
1,0.0001,1e-05,6,9,1562.38
0,0.0001,1e-05,6,9,421.206
1,0.0001,1e-05,6,9,1642.52
0,0.0001,1e-05,6,9,697.964
1,0.0001,1e-05,6,9,475.53
0,0.0001,1e-05,6,9,561.251
1,0.0001,1e-05,6,9,1560.71
0,0.0001,1e-05,6,9,670.675
1,0.0001,1e-05,6,9,144.89
0,0.0001,1e-05,6,9,910.004
1,0.0001,1e-05,6,9,639.964
0,0.0001,1e-05,6,9,1167.7
1,0.0001,1e-05,6,9,921.879
0,0.0001,1e-05,6,9,2059.45
1,0.0001,1e-05,6,9,1903.79
0,0.0001,1e-05,6,9,881.475
1,0.0001,1e-05,6,9,663.887
0,0.0001,1e-05,6,9,597.723
1,0.0001,1e-05,6,9,2243.32
0,0.0001,1e-05,6,9,2189.46
1,0.0001,1e-05,6,9,470.253
0,0.0001,1e-05,6,9,589.301
1,0.0001,1e-05,6,9,535.939
0,0.0001,1e-05,6,9,1239.36
1,0.0001,1e-05,6,9,662.694
0,0.0001,1e-05,6,9,1022.71
1,0.0001,1e-05,6,9,1949.9
0,0.0001,1e-05,6,9,1897.44
1,0.0001,1e-05,6,9,5221.34
0,0.0001,1e-05,6,9,845.387
1,0.0001,1e-05,6,9,384.251
0,0.0001,1e-05,6,9,1828.69
1,0.0001,1e-05,6,9,1621.57
0,0.0001,1e-05,6,9,1272.04
1,0.0001,1e-05,6,9,294.533
0,0.0001,1e-05,6,9,1357.64
1,0.0001,1e-05,6,9,263.006
0,0.0001,1e-05,6,9,734.988
1,0.0001,1e-05,6,9,1533.77
0,0.0001,1e-05,6,9,727.427
1,0.0001,1e-05,6,9,2633.07
0,0.0001,1e-05,6,9,1235.16
1,0.0001,1e-05,6,9,163.095
0,0.0001,1e-05,6,9,878.891
1,0.0001,1e-05,6,9,2757.67
0,0.0001,1e-05,6,9,440.708
1,0.0001,1e-05,6,9,1786.68
0,0.0001,1e-05,6,9,871.182
1,0.0001,1e-05,6,9,2457.66
0,0.0001,1e-05,6,9,1013.07
1,0.0001,1e-05,6,9,2282.85
0,0.0001,1e-05,6,9,794.194
1,0.0001,1e-05,6,9,510.817
0,0.0001,1e-05,6,9,657.954
1,0.0001,1e-05,6,9,247.391
0,0.0001,1e-05,6,9,1072.4
1,0.0001,1e-05,6,9,781.083
0,0.0001,1e-05,6,9,2256.79
1,0.0001,1e-05,6,9,372.081
0,0.0001,1e-05,6,9,921.262
1,0.0001,1e-05,6,9,496.666
0,0.0001,1e-05,6,9,1789.87
1,0.0001,1e-05,6,9,519.145
0,0.0001,1e-05,6,9,985.608
1,0.0001,1e-05,6,9,305.087
0,0.0001,1e-05,6,9,569.894
1,0.0001,1e-05,6,9,843.872
0,0.0001,1e-05,6,9,935.028
1,0.0001,1e-05,6,9,484.439
0,0.0001,1e-05,6,9,684.861
1,0.0001,1e-05,6,9,821.109
0,0.0001,1e-05,6,9,347.553
1,0.0001,1e-05,6,9,1835.13
0,0.0001,1e-05,6,9,1478.81
1,0.0001,1e-05,6,9,1242.07
0,0.0001,1e-05,6,9,1552.07
1,0.0001,1e-05,6,9,313.49
0,0.0001,1e-05,6,9,1342.32
1,0.0001,1e-05,6,9,112.66
0,0.0001,1e-05,6,9,894.257
1,0.0001,1e-05,6,9,436.868
0,0.0001,1e-05,6,9,590.838
1,0.0001,1e-05,6,9,1970.65
0,0.0001,1e-05,6,9,449.491
1,0.0001,1e-05,6,9,895.545
0,0.0001,1e-05,6,9,1619.13
1,0.0001,1e-05,6,9,665.373
0,0.0001,1e-05,6,9,1326.98
1,0.0001,1e-05,6,9,314.151
0,0.0001,1e-05,6,9,1401.12
1,0.0001,1e-05,6,9,496.066
0,0.0001,1e-05,6,9,274.609
1,0.0001,1e-05,6,9,845.702
0,0.0001,1e-05,6,9,483.372
1,0.0001,1e-05,6,9,460.975
0,0.0001,1e-05,6,9,809.506
1,0.0001,1e-05,6,9,683.567
0,0.0001,1e-05,6,9,1953.68
1,0.0001,1e-05,6,9,1120.73
0,0.0001,1e-05,6,9,211.067
1,0.0001,1e-05,6,9,278.053
0,0.0001,1e-05,6,9,649.311
1,0.0001,1e-05,6,9,777.023
0,0.0001,1e-05,6,9,813.388
1,0.0001,1e-05,6,9,1520.33
0,0.0001,1e-05,6,9,1550.41
1,0.0001,1e-05,6,9,273.202
0,0.0001,1e-05,6,9,302.807
1,0.0001,1e-05,6,9,4537.85
0,0.0001,1e-05,6,9,1243.69
1,0.0001,1e-05,6,9,1445.29
0,0.0001,1e-05,6,9,1044.22
1,0.0001,1e-05,6,9,664.082
0,0.0001,1e-05,6,9,935.84
1,0.0001,1e-05,6,9,1503.51
0,0.0001,1e-05,6,9,910.966
1,0.0001,1e-05,6,9,1480.56
0,0.0001,1e-05,6,9,1704.63
1,0.0001,1e-05,6,9,343.9
0,0.0001,1e-05,6,9,834.135
1,0.0001,1e-05,6,9,1041.24
0,0.0001,1e-05,6,9,630.478
1,0.0001,1e-05,6,9,2301.07
0,0.0001,1e-05,6,9,325.949
1,0.0001,1e-05,6,9,504.945
0,0.0001,1e-05,6,9,358.785
1,0.0001,1e-05,6,9,592.549
0,0.0001,1e-05,6,9,655.747
1,0.0001,1e-05,6,9,2377.63
0,0.0001,1e-05,6,9,636.823
1,0.0001,1e-05,6,9,943.598
0,0.0001,1e-05,6,9,2026.92
1,0.0001,1e-05,6,9,233.494
0,0.0001,1e-05,6,9,1050.35
1,0.0001,1e-05,6,9,100.859
0,0.0001,1e-05,6,9,756.064
1,0.0001,1e-05,6,9,1559.36
0,0.0001,1e-05,6,9,633.49
1,0.0001,1e-05,6,9,2157.45
0,0.0001,1e-05,6,9,1593.35
1,0.0001,1e-05,6,9,452.73
0,0.0001,1e-05,6,9,860.857
1,0.0001,1e-05,6,9,1626.91
0,0.0001,1e-05,6,9,1430.3
1,0.0001,1e-05,6,9,1585.32
0,0.0001,1e-05,6,9,887.699
1,0.0001,1e-05,6,9,800.902
0,0.0001,1e-05,6,9,1199.73
1,0.0001,1e-05,6,9,1907.54
0,0.0001,1e-05,6,9,1513.97
1,0.0001,1e-05,6,9,2120.33
0,0.0001,1e-05,6,9,1389.91
1,0.0001,1e-05,6,9,202.351
0,0.0001,1e-05,6,9,2132.71
1,0.0001,1e-05,6,9,1026.14
0,0.0001,1e-05,6,9,1730.72
1,0.0001,1e-05,6,9,766.837
0,0.0001,1e-05,6,9,1621.99
1,0.0001,1e-05,6,9,774.412
0,0.0001,1e-05,6,9,616.839
1,0.0001,1e-05,6,9,258.535
0,0.0001,1e-05,6,9,1189.36
1,0.0001,1e-05,6,9,1132.23
0,0.0001,1e-05,6,9,929.155
1,0.0001,1e-05,6,9,266.549
0,0.0001,1e-05,6,9,621.271
1,0.0001,1e-05,6,9,259.725
0,0.0001,1e-05,6,9,849.85
1,0.0001,1e-05,6,9,1497.27
0,0.0001,1e-05,6,9,1561.5
1,0.0001,1e-05,6,9,1259.68
0,0.0001,1e-05,6,9,538.81
1,0.0001,1e-05,6,9,1160.6
0,0.0001,1e-05,6,9,1510.02
1,0.0001,1e-05,6,9,568.297
0,0.0001,1e-05,6,9,1447.93
1,0.0001,1e-05,6,9,629.138
0,0.0001,1e-05,6,9,985.533
1,0.0001,1e-05,6,9,892.576
0,0.0001,1e-05,6,9,446.307
1,0.0001,1e-05,6,9,1445.71
0,0.0001,1e-05,6,9,1054.8
1,0.0001,1e-05,6,9,342.636
0,0.0001,1e-05,6,9,1373.48
1,0.0001,1e-05,6,9,196.738
0,0.0001,1e-05,6,9,652.388
1,0.0001,1e-05,6,9,2173.55
0,0.0001,1e-05,6,9,679.689
1,0.0001,1e-05,6,9,1477.7
0,0.0001,1e-05,6,9,743.19
1,0.0001,1e-05,6,9,416.543
0,0.0001,1e-05,6,9,965.441
1,0.0001,1e-05,6,9,4068.76
0,0.0001,1e-05,6,9,941.633
1,0.0001,1e-05,6,9,1977.14
0,0.0001,1e-05,6,9,1334.99
1,0.0001,1e-05,6,9,901.207
0,0.0001,1e-05,6,9,705.819
1,0.0001,1e-05,6,9,1402.13
0,0.0001,1e-05,6,9,1955.06
1,0.0001,1e-05,6,9,528.785
0,0.0001,1e-05,6,9,1435.71
1,0.0001,1e-05,6,9,1262.75
0,0.0001,1e-05,6,9,1765.25
1,0.0001,1e-05,6,9,428.843
0,0.0001,1e-05,6,9,1801.82
1,0.0001,1e-05,6,9,231.576
0,0.0001,1e-05,6,9,1382.69
1,0.0001,1e-05,6,9,1440.7
0,0.0001,1e-05,6,9,882.05
1,0.0001,1e-05,6,9,1418.12
0,0.0001,1e-05,6,9,907.088
1,0.0001,1e-05,6,9,1208.23
0,0.0001,1e-05,6,9,1020.48
1,0.0001,1e-05,6,9,732.606
0,0.0001,1e-05,6,9,1659.71
1,0.0001,1e-05,6,9,4413.12
0,0.0001,1e-05,6,9,793.447
1,0.0001,1e-05,6,9,910.021
0,0.0001,1e-05,6,9,1372.61
1,0.0001,1e-05,6,9,2135.78
0,0.0001,1e-05,6,9,435.012
1,0.0001,1e-05,6,9,647.663
0,0.0001,1e-05,6,9,1434.74
1,0.0001,1e-05,6,9,1816.1
0,0.0001,1e-05,6,9,1376.02
1,0.0001,1e-05,6,9,1710.46
0,0.0001,1e-05,6,9,583.129
1,0.0001,1e-05,6,9,1497.97
0,0.0001,1e-05,6,9,1490.53
1,0.0001,1e-05,6,9,68.3528
0,0.0001,1e-05,6,9,1762.85
1,0.0001,1e-05,6,9,3487.64
0,0.0001,1e-05,6,9,1228.97
1,0.0001,1e-05,6,9,599.725
0,0.0001,1e-05,6,9,494.121
1,0.0001,1e-05,6,9,915.356
0,0.0001,1e-05,6,9,554.525
1,0.0001,1e-05,6,9,773.083
0,0.0001,1e-05,6,9,808.65
1,0.0001,1e-05,6,9,3146.06
0,0.0001,1e-05,6,9,592.836
1,0.0001,1e-05,6,9,109.21
0,0.0001,1e-05,6,9,1469.37
1,0.0001,1e-05,6,9,209.566
0,0.0001,1e-05,6,9,1563.88
1,0.0001,1e-05,6,9,742.328
0,0.0001,1e-05,6,9,1612.36
1,0.0001,1e-05,6,9,1072.41
0,0.0001,1e-05,6,9,748.06
1,0.0001,1e-05,6,9,449.872
0,0.0001,1e-05,6,9,1372.94
1,0.0001,1e-05,6,9,273.342
0,0.0001,1e-05,6,9,1029.24
1,0.0001,1e-05,6,9,269.318
0,0.0001,1e-05,6,9,766.964
1,0.0001,1e-05,6,9,564.622
0,0.0001,1e-05,6,9,538.479
1,0.0001,1e-05,6,9,939.194
0,0.0001,1e-05,6,9,824.404
1,0.0001,1e-05,6,9,4272.49
0,0.0001,1e-05,6,9,1211.44
1,0.0001,1e-05,6,9,665.125
0,0.0001,1e-05,6,9,1827.54
1,0.0001,1e-05,6,9,834.682
0,0.0001,1e-05,6,9,1136.96
1,0.0001,1e-05,6,9,1232.81
0,0.0001,1e-05,6,9,293.607
1,0.0001,1e-05,6,9,643.43
0,0.0001,1e-05,6,9,1830.87
1,0.0001,1e-05,6,9,627.817
0,0.0001,1e-05,6,9,1382.75
1,0.0001,1e-05,6,9,1056.26
0,0.0001,1e-05,6,9,729.83
1,0.0001,1e-05,6,9,1771.94
0,0.0001,1e-05,6,9,680.087
1,0.0001,1e-05,6,9,549.233
0,0.0001,1e-05,6,9,1110.99
1,0.0001,1e-05,6,9,1741.44
0,0.0001,1e-05,6,9,881.463
1,0.0001,1e-05,6,9,2629.37
0,0.0001,1e-05,6,9,1391.49
1,0.0001,1e-05,6,9,3425.58
0,0.0001,1e-05,6,9,1670.41
1,0.0001,1e-05,6,9,530.806
0,0.0001,1e-05,6,9,1497.19
1,0.0001,1e-05,6,9,551.27
0,0.0001,1e-05,6,9,843.862
1,0.0001,1e-05,6,9,1837.43
0,0.0001,1e-05,6,9,1232.89
1,0.0001,1e-05,6,9,1673.59
0,0.0001,1e-05,6,9,1279.6
1,0.0001,1e-05,6,9,3556.56
0,0.0001,1e-05,6,9,808.848
1,0.0001,1e-05,6,9,1852.49
0,0.0001,1e-05,6,9,551.945
1,0.0001,1e-05,6,9,920.291
0,0.0001,1e-05,6,9,1390.07
1,0.0001,1e-05,6,9,402.321
0,0.0001,1e-05,6,9,481.343
1,0.0001,1e-05,6,9,2378.65
0,0.0001,1e-05,6,9,1089.41
1,0.0001,1e-05,6,9,4036.01
0,0.0001,1e-05,6,9,1138.79
1,0.0001,1e-05,6,9,2117.92
0,0.0001,1e-05,6,9,1028.08
1,0.0001,1e-05,6,9,312.893
0,0.0001,1e-05,6,9,1039.82
1,0.0001,1e-05,6,9,557.595
0,0.0001,1e-05,6,9,853.337
1,0.0001,1e-05,6,9,2164.32
0,0.0001,1e-05,6,9,540.858
1,0.0001,1e-05,6,9,644.608
0,0.0001,1e-05,6,9,1349.91
1,0.0001,1e-05,6,9,739.996
0,0.0001,1e-05,6,9,986.859
1,0.0001,1e-05,6,9,2098.41
0,0.0001,1e-05,6,9,1368.51
1,0.0001,1e-05,6,9,1119.91
0,0.0001,1e-05,6,9,1493.4
1,0.0001,1e-05,6,9,579.011
0,0.0001,1e-05,6,9,1040.06
1,0.0001,1e-05,6,9,551.674
0,0.0001,1e-05,6,9,359.1
1,0.0001,1e-05,6,9,1179.98
0,0.0001,1e-05,6,9,583.535
1,0.0001,1e-05,6,9,445.777
0,0.0001,1e-05,6,9,1846.5
1,0.0001,1e-05,6,9,2554.6
0,0.0001,1e-05,6,9,1113.93
1,0.0001,1e-05,6,9,2081.37
0,0.0001,1e-05,6,9,899.411
1,0.0001,1e-05,6,9,1604.92
0,0.0001,1e-05,6,9,603.785
1,0.0001,1e-05,6,9,516.281
0,0.0001,1e-05,6,9,1384.48
1,0.0001,1e-05,6,9,2015.53
0,0.0001,1e-05,6,9,943.825
1,0.0001,1e-05,6,9,301.905
0,0.0001,1e-05,6,9,890.251
1,0.0001,1e-05,6,9,3106.76
0,0.0001,1e-05,6,9,1029.57
1,0.0001,1e-05,6,9,23.648
0,0.0001,1e-05,6,9,616.341
1,0.0001,1e-05,6,9,1851.58
0,0.0001,1e-05,6,9,1283.33
1,0.0001,1e-05,6,9,307.147
0,0.0001,1e-05,6,9,1188.18
1,0.0001,1e-05,6,9,2947.57
0,0.0001,1e-05,6,9,1562.82
1,0.0001,1e-05,6,9,435.415
0,0.0001,1e-05,6,9,719.214
1,0.0001,1e-05,6,9,352.011
0,0.0001,1e-05,6,9,427.234
1,0.0001,1e-05,6,9,3143.45
0,0.0001,1e-05,6,9,407.857
1,0.0001,1e-05,6,9,537.721
0,0.0001,1e-05,6,9,1183.78
1,0.0001,1e-05,6,9,2606.02
0,0.0001,1e-05,6,9,673.083
1,0.0001,1e-05,6,9,158.308
0,0.0001,1e-05,6,9,591.085
1,0.0001,1e-05,6,9,1117.84
0,0.0001,1e-05,6,9,936.511
1,0.0001,1e-05,6,9,1435.06
0,0.0001,1e-05,6,9,1139.13
1,0.0001,1e-05,6,9,1693.91
0,0.0001,1e-05,6,9,1084.04
1,0.0001,1e-05,6,9,1206.73
0,0.0001,1e-05,6,9,1557.43
1,0.0001,1e-05,6,9,1880.11
0,0.0001,1e-05,6,9,1078.36
1,0.0001,1e-05,6,9,212.111
0,0.0001,1e-05,6,9,2021.5
1,0.0001,1e-05,6,9,464.68
0,0.0001,1e-05,6,9,1041.83
1,0.0001,1e-05,6,9,1742.31
0,0.0001,1e-05,6,9,1714.3
1,0.0001,1e-05,6,9,2782.07
0,0.0001,1e-05,6,9,455.873
1,0.0001,1e-05,6,9,438.737
0,0.0001,1e-05,6,9,871.168
1,0.0001,1e-05,6,9,393.153
0,0.0001,1e-05,6,9,574.973
1,0.0001,1e-05,6,9,959.377
0,0.0001,1e-05,6,9,598.124
1,0.0001,1e-05,6,9,847.402
0,0.0001,1e-05,6,9,1478.1
1,0.0001,1e-05,6,9,1464.6
0,0.0001,1e-05,6,9,778.491
1,0.0001,1e-05,6,9,1709.47
0,0.0001,1e-05,6,9,945.63
1,0.0001,1e-05,6,9,304.051
0,0.0001,1e-05,6,9,1556.49
1,0.0001,1e-05,6,9,461.927
0,0.0001,1e-05,6,9,936.842
1,0.0001,1e-05,6,9,756.742
0,0.0001,1e-05,6,9,454.098
1,0.0001,1e-05,6,9,393.776
0,0.0001,1e-05,6,9,790.274
1,0.0001,1e-05,6,9,618.459
0,0.0001,1e-05,6,9,779.02
1,0.0001,1e-05,6,9,718.362
0,0.0001,1e-05,6,9,410.905
1,0.0001,1e-05,6,9,1423.81
0,0.0001,1e-05,6,9,1082.71
1,0.0001,1e-05,6,9,590.339
0,0.0001,1e-05,6,9,1301.94
1,0.0001,1e-05,6,9,1322.72
0,0.0001,1e-05,6,9,1825.41
1,0.0001,1e-05,6,9,424.67
0,0.0001,1e-05,6,9,764.46
1,0.0001,1e-05,6,9,853.717
0,0.0001,1e-05,6,9,624.696
1,0.0001,1e-05,6,9,837.386
0,0.0001,1e-05,6,9,1644.56
1,0.0001,1e-05,6,9,2067.14
0,0.0001,1e-05,6,9,342.372
1,0.0001,1e-05,6,9,464.689
0,0.0001,1e-05,6,9,1756.34
1,0.0001,1e-05,6,9,1554.8
0,0.0001,1e-05,6,9,856.2
1,0.0001,1e-05,6,9,155.015
0,0.0001,1e-05,6,9,444.321
1,0.0001,1e-05,6,9,404.524
0,0.0001,1e-05,6,9,881.869
1,0.0001,1e-05,6,9,622.811
0,0.0001,1e-05,6,9,1610.02
1,0.0001,1e-05,6,9,699.801
0,0.0001,1e-05,6,9,455.546
1,0.0001,1e-05,6,9,1463.52
0,0.0001,1e-05,6,9,827.351
1,0.0001,1e-05,6,9,837.381
0,0.0001,1e-05,6,9,722.364
1,0.0001,1e-05,6,9,268.043
0,0.0001,1e-05,6,9,1801.99
1,0.0001,1e-05,6,9,376.295
0,0.0001,1e-05,6,9,1236.99
1,0.0001,1e-05,6,9,2103.71
0,0.0001,1e-05,6,9,1440.86
1,0.0001,1e-05,6,9,420.47
0,0.0001,1e-05,6,9,2668.53
1,0.0001,1e-05,6,9,160.652
0,0.0001,1e-05,6,9,708.334
1,0.0001,1e-05,6,9,416.813
0,0.0001,1e-05,6,9,669.911
1,0.0001,1e-05,6,9,929.326
0,0.0001,1e-05,6,9,432.69
1,0.0001,1e-05,6,9,2070.46
0,0.0001,1e-05,6,9,2239.96
1,0.0001,1e-05,6,9,3316.98
0,0.0001,1e-05,6,9,921.976
1,0.0001,1e-05,6,9,909.865
0,0.0001,1e-05,6,9,658.879
1,0.0001,1e-05,6,9,248.579
0,0.0001,1e-05,6,9,1539.97
1,0.0001,1e-05,6,9,2232.93
0,0.0001,1e-05,6,9,657.043
1,0.0001,1e-05,6,9,407.708
0,0.0001,1e-05,6,9,1790.99
1,0.0001,1e-05,6,9,2548.32
0,0.0001,1e-05,6,9,1705.58
1,0.0001,1e-05,6,9,452.136
0,0.0001,1e-05,6,9,785.003
1,0.0001,1e-05,6,9,408.804
0,0.0001,1e-05,6,9,527.16
1,0.0001,1e-05,6,9,581.907
0,0.0001,1e-05,6,9,1107.76
1,0.0001,1e-05,6,9,374.505
0,0.0001,1e-05,6,9,295.004
1,0.0001,1e-05,6,9,3044.66
0,0.0001,1e-05,6,9,1992.74
1,0.0001,1e-05,6,9,1748.47
0,0.0001,1e-05,6,9,379.824
1,0.0001,1e-05,6,9,1105.36
0,0.0001,1e-05,6,9,1304.47
1,0.0001,1e-05,6,9,593.546
0,0.0001,1e-05,6,9,703.063
1,0.0001,1e-05,6,9,1616.06
0,0.0001,1e-05,6,9,915.957
1,0.0001,1e-05,6,9,1415.38
0,0.0001,1e-05,6,9,1064.55
1,0.0001,1e-05,6,9,380.459
0,0.0001,1e-05,6,9,1357
1,0.0001,1e-05,6,9,863.346
0,0.0001,1e-05,6,9,404.913
1,0.0001,1e-05,6,9,692.79
0,0.0001,1e-05,6,9,720.741
1,0.0001,1e-05,6,9,454.617
0,0.0001,1e-05,6,9,919.588
1,0.0001,1e-05,6,9,251.334
0,0.0001,1e-05,6,9,1178.13
1,0.0001,1e-05,6,9,1267.03
0,0.0001,1e-05,6,9,1329.06
1,0.0001,1e-05,6,9,2115.57
0,0.0001,1e-05,6,9,969.573
1,0.0001,1e-05,6,9,389.796
0,0.0001,1e-05,6,9,1399.81
1,0.0001,1e-05,6,9,1590.15
0,0.0001,1e-05,6,9,667.46
1,0.0001,1e-05,6,9,164.302
0,0.0001,1e-05,6,9,2026.35
1,0.0001,1e-05,6,9,481.819
0,0.0001,1e-05,6,9,1130.37
1,0.0001,1e-05,6,9,1267.63
0,0.0001,1e-05,6,9,418.089
1,0.0001,1e-05,6,9,459.09
0,0.0001,1e-05,6,9,1051.27
1,0.0001,1e-05,6,9,913.247
0,0.0001,1e-05,6,9,858.604
1,0.0001,1e-05,6,9,1966.1
0,0.0001,1e-05,6,9,650.063
1,0.0001,1e-05,6,9,354.063
0,0.0001,1e-05,6,9,414.741
1,0.0001,1e-05,6,9,868.82
0,0.0001,1e-05,6,9,1190.87
1,0.0001,1e-05,6,9,139.126
0,0.0001,1e-05,6,9,305.77
1,0.0001,1e-05,6,9,1156.16
0,0.0001,1e-05,6,9,1435.84
1,0.0001,1e-05,6,9,592.228
0,0.0001,1e-05,6,9,919.17
1,0.0001,1e-05,6,9,817.268
0,0.0001,1e-05,6,9,1122.32
1,0.0001,1e-05,6,9,2543.69
0,0.0001,1e-05,6,9,596.927
1,0.0001,1e-05,6,9,2138.25
0,0.0001,1e-05,6,9,2562.02
1,0.0001,1e-05,6,9,585.048
0,0.0001,1e-05,6,9,623.611
1,0.0001,1e-05,6,9,718.464
0,0.0001,1e-05,6,9,915.682
1,0.0001,1e-05,6,9,885.005
0,0.0001,1e-05,6,9,787.601
1,0.0001,1e-05,6,9,1372.28
0,0.0001,1e-05,6,9,396.146
1,0.0001,1e-05,6,9,533.958
0,0.0001,1e-05,6,9,431.779
1,0.0001,1e-05,6,9,464.711
0,0.0001,1e-05,6,9,1149.24
1,0.0001,1e-05,6,9,601.905
0,0.0001,1e-05,6,9,1146.04
1,0.0001,1e-05,6,9,292.853
0,0.0001,1e-05,6,9,696.579
1,0.0001,1e-05,6,9,1830.61
0,0.0001,1e-05,6,9,1090.12
1,0.0001,1e-05,6,9,568.155
0,0.0001,1e-05,6,9,1943.09
1,0.0001,1e-05,6,9,442.48
0,0.0001,1e-05,6,9,634.796
1,0.0001,1e-05,6,9,79.5814
0,0.0001,1e-05,6,9,1595.37
1,0.0001,1e-05,6,9,967.647
0,0.0001,1e-05,6,9,1084.92
1,0.0001,1e-05,6,9,548.655
0,0.0001,1e-05,6,9,1268.65
1,0.0001,1e-05,6,9,680.717
0,0.0001,1e-05,6,9,1524.42
1,0.0001,1e-05,6,9,3203.69
0,0.0001,1e-05,6,9,865.76
1,0.0001,1e-05,6,9,627.075
0,0.0001,1e-05,6,9,1515.79
1,0.0001,1e-05,6,9,812.934
0,0.0001,1e-05,6,9,1420.01
1,0.0001,1e-05,6,9,1031.2
0,0.0001,1e-05,6,9,950.807
1,0.0001,1e-05,6,9,1585.28
0,0.0001,1e-05,6,9,587.968
1,0.0001,1e-05,6,9,1673.31
0,0.0001,1e-05,6,9,780.485
1,0.0001,1e-05,6,9,437.007
0,0.0001,1e-05,6,9,1463.58
1,0.0001,1e-05,6,9,1701.32
0,0.0001,1e-05,6,9,663.166
1,0.0001,1e-05,6,9,1316.11
0,0.0001,1e-05,6,9,919.597
1,0.0001,1e-05,6,9,561.876
0,0.0001,1e-05,6,9,1236.62
1,0.0001,1e-05,6,9,1109.89
0,0.0001,1e-05,6,9,1449.93
1,0.0001,1e-05,6,9,340.527
0,0.0001,1e-05,6,9,1053.91
1,0.0001,1e-05,6,9,2766.25
0,0.0001,1e-05,6,9,1720.02
1,0.0001,1e-05,6,9,1508.62
0,0.0001,1e-05,6,9,932.167
1,0.0001,1e-05,6,9,461.943
0,0.0001,1e-05,6,9,883.68
1,0.0001,1e-05,6,9,925.734
0,0.0001,1e-05,6,9,857.206
1,0.0001,1e-05,6,9,156.841
0,0.0001,1e-05,6,9,239.59
1,0.0001,1e-05,6,9,389.67
0,0.0001,1e-05,6,9,281.802
1,0.0001,1e-05,6,9,1043.75
0,0.0001,1e-05,6,9,679.163
1,0.0001,1e-05,6,9,390.815
0,0.0001,1e-05,6,9,596.927
1,0.0001,1e-05,6,9,1090.35
0,0.0001,1e-05,6,9,1260.41
1,0.0001,1e-05,6,9,826.03
0,0.0001,1e-05,6,9,1279.79
1,0.0001,1e-05,6,9,1164.47
0,0.0001,1e-05,6,9,1504.78
1,0.0001,1e-05,6,9,1219.34
0,0.0001,1e-05,6,9,1200.11
1,0.0001,1e-05,6,9,1563.86
0,0.0001,1e-05,6,9,733.451
1,0.0001,1e-05,6,9,1285.96
0,0.0001,1e-05,6,9,1654.35
1,0.0001,1e-05,6,9,1407.38
0,0.0001,1e-05,6,9,408.891
1,0.0001,1e-05,6,9,1493.6
0,0.0001,1e-05,6,9,1259.09
1,0.0001,1e-05,6,9,2169.49
0,0.0001,1e-05,6,9,681.962
1,0.0001,1e-05,6,9,1086.64
0,0.0001,1e-05,6,9,873.36
1,0.0001,1e-05,6,9,1429.28
0,0.0001,1e-05,6,9,1413.7
1,0.0001,1e-05,6,9,516.873
0,0.0001,1e-05,6,9,1059.17
1,0.0001,1e-05,6,9,588.899
0,0.0001,1e-05,6,9,775.538
1,0.0001,1e-05,6,9,233.673
0,0.0001,1e-05,6,9,1246.24
1,0.0001,1e-05,6,9,2186.3
0,0.0001,1e-05,6,9,512.527
1,0.0001,1e-05,6,9,913.498
0,0.0001,1e-05,6,9,1840.49
1,0.0001,1e-05,6,9,548.568
0,0.0001,1e-05,6,9,959.298
1,0.0001,1e-05,6,9,133.194
0,0.0001,1e-05,6,9,1674.18
1,0.0001,1e-05,6,9,145.348
0,0.0001,1e-05,6,9,1192.02
1,0.0001,1e-05,6,9,394.876
0,0.0001,1e-05,6,9,976.28
1,0.0001,1e-05,6,9,240.188
0,0.0001,1e-05,6,9,936.961
1,0.0001,1e-05,6,9,1109.9
0,0.0001,1e-05,6,9,1969.95
1,0.0001,1e-05,6,9,458.341
0,0.0001,1e-05,6,9,1334.05
1,0.0001,1e-05,6,9,626.934
0,0.0001,1e-05,6,9,944.55
1,0.0001,1e-05,6,9,1432.36
0,0.0001,1e-05,6,9,1458.23
1,0.0001,1e-05,6,9,2260.55
0,0.0001,1e-05,6,9,296.987
1,0.0001,1e-05,6,9,798.241
0,0.0001,1e-05,6,9,597.02
1,0.0001,1e-05,6,9,2012.7
0,0.0001,1e-05,6,9,216.205
1,0.0001,1e-05,6,9,1103.07
0,0.0001,1e-05,6,9,1294.42
1,0.0001,1e-05,6,9,258.687
0,0.0001,1e-05,6,9,909.89
1,0.0001,1e-05,6,9,551.753
0,0.0001,1e-05,6,9,906.88
1,0.0001,1e-05,6,9,2350.62
0,0.0001,1e-05,6,9,1381.5
1,0.0001,1e-05,6,9,650.302
0,0.0001,1e-05,6,9,1991.26
1,0.0001,1e-05,6,9,228.043
0,0.0001,1e-05,6,9,1355.67
1,0.0001,1e-05,6,9,4281.92
0,0.0001,1e-05,6,9,357.473
1,0.0001,1e-05,6,9,450.456
0,0.0001,1e-05,6,9,2209.28
1,0.0001,1e-05,6,9,2357.07
0,0.0001,1e-05,6,9,1136.49
1,0.0001,1e-05,6,9,1320.17
0,0.0001,1e-05,6,9,1468.03
1,0.0001,1e-05,6,9,310.734
0,0.0001,1e-05,6,9,2035.35
1,0.0001,1e-05,6,9,1360.38
0,0.0001,1e-05,6,9,513.683
1,0.0001,1e-05,6,9,739.672
0,0.0001,1e-05,6,9,1019.04
1,0.0001,1e-05,6,9,690.839
0,0.0001,1e-05,6,9,922.126
1,0.0001,1e-05,6,9,1453.35
0,0.0001,1e-05,6,9,1494.56
1,0.0001,1e-05,6,9,492.167
0,0.0001,1e-05,6,9,938.93
1,0.0001,1e-05,6,9,576.571
0,0.0001,1e-05,6,9,722.905
1,0.0001,1e-05,6,9,796.983
0,0.0001,1e-05,6,9,1572.4
1,0.0001,1e-05,6,9,1191.44
0,0.0001,1e-05,6,9,385.285
1,0.0001,1e-05,6,9,873.344
0,0.0001,1e-05,6,9,511.431
1,0.0001,1e-05,6,9,520.107
0,0.0001,1e-05,6,9,1062.42
1,0.0001,1e-05,6,9,3421.89
0,0.0001,1e-05,6,9,781.221
1,0.0001,1e-05,6,9,1015.4
0,0.0001,1e-05,6,9,1606.57
1,0.0001,1e-05,6,9,927.945
0,0.0001,1e-05,6,9,1246.55
1,0.0001,1e-05,6,9,911.135
0,0.0001,1e-05,6,9,1141.91
1,0.0001,1e-05,6,9,646.503
0,0.0001,1e-05,6,9,737.013
1,0.0001,1e-05,6,9,3925.02
0,0.0001,1e-05,6,9,542.926
1,0.0001,1e-05,6,9,3755.68
0,0.0001,1e-05,6,9,792.944
1,0.0001,1e-05,6,9,565.66
0,0.0001,1e-05,6,9,796.924
1,0.0001,1e-05,6,9,2649.98
0,0.0001,1e-05,6,9,431.973
1,0.0001,1e-05,6,9,1008.11
0,0.0001,1e-05,6,9,705.126
1,0.0001,1e-05,6,9,350.003
0,0.0001,1e-05,6,9,580.757
1,0.0001,1e-05,6,9,1356.54
0,0.0001,1e-05,6,9,1143.33
1,0.0001,1e-05,6,9,1544.52
0,0.0001,1e-05,6,9,2182.51
1,0.0001,1e-05,6,9,2400.32
0,0.0001,1e-05,6,9,1061.66
1,0.0001,1e-05,6,9,3779.17
0,0.0001,1e-05,6,9,602.52
1,0.0001,1e-05,6,9,1452.15
0,0.0001,1e-05,6,9,1619.67
1,0.0001,1e-05,6,9,378.804
0,0.0001,1e-05,6,9,1920.05
1,0.0001,1e-05,6,9,838.352
0,0.0001,1e-05,6,9,1200.96
1,0.0001,1e-05,6,9,1178.3
0,0.0001,1e-05,6,9,1435.3
1,0.0001,1e-05,6,9,589.819
0,0.0001,1e-05,6,9,641.36
1,0.0001,1e-05,6,9,229.793
0,0.0001,1e-05,6,9,1118.75
1,0.0001,1e-05,6,9,603.612
0,0.0001,1e-05,6,9,1603.31
1,0.0001,1e-05,6,9,2870.29
0,0.0001,1e-05,6,9,747.391
1,0.0001,1e-05,6,9,990.899
0,0.0001,1e-05,6,9,797.368
1,0.0001,1e-05,6,9,90.5051
0,0.0001,1e-05,6,9,227.005
1,0.0001,1e-05,6,9,2113.9
0,0.0001,1e-05,6,9,921.798
1,0.0001,1e-05,6,9,838.403
0,0.0001,1e-05,6,9,1252.52
1,0.0001,1e-05,6,9,1405.18
0,0.0001,1e-05,6,9,565.048
1,0.0001,1e-05,6,9,1222.89
0,0.0001,1e-05,6,9,844.582
1,0.0001,1e-05,6,9,472.406
0,0.0001,1e-05,6,9,459.31
1,0.0001,1e-05,6,9,792.231
0,0.0001,1e-05,6,9,1630.57
1,0.0001,1e-05,6,9,1175.55
0,0.0001,1e-05,6,9,356.271
1,0.0001,1e-05,6,9,712.086
0,0.0001,1e-05,6,9,1059
1,0.0001,1e-05,6,9,273.069
0,0.0001,1e-05,6,9,1440.14
1,0.0001,1e-05,6,9,1235.42
0,0.0001,1e-05,6,9,1133.26
1,0.0001,1e-05,6,9,648.185
0,0.0001,1e-05,6,9,946.307
1,0.0001,1e-05,6,9,1641.99
0,0.0001,1e-05,6,9,1570.9
1,0.0001,1e-05,6,9,2957.94
0,0.0001,1e-05,6,9,800.61
1,0.0001,1e-05,6,9,59.2562
0,0.0001,1e-05,6,9,2585.71
1,0.0001,1e-05,6,9,1375.59
0,0.0001,1e-05,6,9,588.306
1,0.0001,1e-05,6,9,1133.67
0,0.0001,1e-05,6,9,716.957
1,0.0001,1e-05,6,9,758.914
0,0.0001,1e-05,6,9,941.106
1,0.0001,1e-05,6,9,504.209
0,0.0001,1e-05,6,9,893.537
1,0.0001,1e-05,6,9,494.425
0,0.0001,1e-05,6,9,706.106
1,0.0001,1e-05,6,9,4300.36
0,0.0001,1e-05,6,9,648.028
1,0.0001,1e-05,6,9,1141.01
0,0.0001,1e-05,6,9,1039.71
1,0.0001,1e-05,6,9,1683.17
0,0.0001,1e-05,6,9,811.288
1,0.0001,1e-05,6,9,4668.49
0,0.0001,1e-05,6,9,620.26
1,0.0001,1e-05,6,9,1128.04
0,0.0001,1e-05,6,9,986.652
1,0.0001,1e-05,6,9,1874.03
0,0.0001,1e-05,6,9,987.887
1,0.0001,1e-05,6,9,659.422
0,0.0001,1e-05,6,9,936.703
1,0.0001,1e-05,6,9,181.032
0,0.0001,1e-05,6,9,455.25
1,0.0001,1e-05,6,9,1645.49
0,0.0001,1e-05,6,9,1580.4
1,0.0001,1e-05,6,9,1000.98
0,0.0001,1e-05,6,9,882.165
1,0.0001,1e-05,6,9,953.115
0,0.0001,1e-05,6,9,526.522
1,0.0001,1e-05,6,9,152.376
0,0.0001,1e-05,6,9,936.386
1,0.0001,1e-05,6,9,1265.43
0,0.0001,1e-05,6,9,1406.03
1,0.0001,1e-05,6,9,3729.7
0,0.0001,1e-05,6,9,1210.29
1,0.0001,1e-05,6,9,1405.97
0,0.0001,1e-05,6,9,1077.08
1,0.0001,1e-05,6,9,1189.74
0,0.0001,1e-05,6,9,608.656
1,0.0001,1e-05,6,9,495.684
0,0.0001,1e-05,6,9,1012.78
1,0.0001,1e-05,6,9,1536.33
0,0.0001,1e-05,6,9,1050.06
1,0.0001,1e-05,6,9,342.875
0,0.0001,1e-05,6,9,1329.17
1,0.0001,1e-05,6,9,1423.66
0,0.0001,1e-05,6,9,887.737
1,0.0001,1e-05,6,9,1181.71
0,0.0001,1e-05,6,9,1400.04
1,0.0001,1e-05,6,9,3350.4
0,0.0001,1e-05,6,9,1788.56
1,0.0001,1e-05,6,9,530.212
0,0.0001,1e-05,6,9,814.214
1,0.0001,1e-05,6,9,1793.15
0,0.0001,1e-05,6,9,901.651
1,0.0001,1e-05,6,9,1079.98
0,0.0001,1e-05,6,9,1074.44
1,0.0001,1e-05,6,9,2647.03
0,0.0001,1e-05,6,9,258.363
1,0.0001,1e-05,6,9,1360.96
0,0.0001,1e-05,6,9,236.956
1,0.0001,1e-05,6,9,144.855
0,0.0001,1e-05,6,9,587.28
1,0.0001,1e-05,6,9,1735
0,0.0001,1e-05,6,9,609.962
1,0.0001,1e-05,6,9,199.023
0,0.0001,1e-05,6,9,1216.7
1,0.0001,1e-05,6,9,2253.35
0,0.0001,1e-05,6,9,1564.83
1,0.0001,1e-05,6,9,594.771
0,0.0001,1e-05,6,9,1200.25
1,0.0001,1e-05,6,9,1046.05
0,0.0001,1e-05,6,9,1654.37
1,0.0001,1e-05,6,9,191.304
0,0.0001,1e-05,6,9,1061.44
1,0.0001,1e-05,6,9,1337.63
0,0.0001,1e-05,6,9,1602.15
1,0.0001,1e-05,6,9,512.311
0,0.0001,1e-05,6,9,1525
1,0.0001,1e-05,6,9,1247.48
0,0.0001,1e-05,6,9,963.63
1,0.0001,1e-05,6,9,89.4625
0,0.0001,1e-05,6,9,1348.23
1,0.0001,1e-05,6,9,157.626
0,0.0001,1e-05,6,9,1094.19
1,0.0001,1e-05,6,9,467.102
0,0.0001,1e-05,6,9,815.3
1,0.0001,1e-05,6,9,225.207
0,0.0001,1e-05,6,9,1600.7
1,0.0001,1e-05,6,9,3435.05
0,0.0001,1e-05,6,9,990.603
1,0.0001,1e-05,6,9,340.997
0,0.0001,1e-05,6,9,1697.39
1,0.0001,1e-05,6,9,971.839
0,0.0001,1e-05,6,9,627.576
1,0.0001,1e-05,6,9,1370
0,0.0001,1e-05,6,9,1404.8
1,0.0001,1e-05,6,9,658.79
0,0.0001,1e-05,6,9,583.061
1,0.0001,1e-05,6,9,2778.44
0,0.0001,1e-05,6,9,702.232
1,0.0001,1e-05,6,9,842.947
0,0.0001,1e-05,6,9,977.603
1,0.0001,1e-05,6,9,194.912
0,0.0001,1e-05,6,9,609.714
1,0.0001,1e-05,6,9,446.635
0,0.0001,1e-05,6,9,1287.61
1,0.0001,1e-05,6,9,501.452
0,0.0001,1e-05,6,9,707.744
1,0.0001,1e-05,6,9,418.607
0,0.0001,1e-05,6,9,733.536
1,0.0001,1e-05,6,9,1614.01
0,0.0001,1e-05,6,9,1383.81
1,0.0001,1e-05,6,9,86.3812
0,0.0001,1e-05,6,9,1599.25
1,0.0001,1e-05,6,9,279.031
0,0.0001,1e-05,6,9,856.585
1,0.0001,1e-05,6,9,128.246
0,0.0001,1e-05,6,9,1203.21
1,0.0001,1e-05,6,9,865.643
0,0.0001,1e-05,6,9,1267.98
1,0.0001,1e-05,6,9,572.795
0,0.0001,1e-05,6,9,950.311
1,0.0001,1e-05,6,9,1268.33
0,0.0001,1e-05,6,9,1057.54
1,0.0001,1e-05,6,9,1963.03
0,0.0001,1e-05,6,9,1087.09
1,0.0001,1e-05,6,9,299.339
0,0.0001,1e-05,6,9,703.867
1,0.0001,1e-05,6,9,1265.32
0,0.0001,1e-05,6,9,1420.75
1,0.0001,1e-05,6,9,372.497
0,0.0001,1e-05,6,9,445.39
1,0.0001,1e-05,6,9,144.527
0,0.0001,1e-05,6,9,1253.17
1,0.0001,1e-05,6,9,3075.63
0,0.0001,1e-05,6,9,770.983
1,0.0001,1e-05,6,9,215.171
0,0.0001,1e-05,6,9,1636.25
1,0.0001,1e-05,6,9,581.242
0,0.0001,1e-05,6,9,1037.06
1,0.0001,1e-05,6,9,746.159
0,0.0001,1e-05,6,9,1120.88
1,0.0001,1e-05,6,9,1641.63
0,0.0001,1e-05,6,9,1218.43
1,0.0001,1e-05,6,9,1395.6
0,0.0001,1e-05,6,9,826.717
1,0.0001,1e-05,6,9,1028.56
0,0.0001,1e-05,6,9,1362.05
1,0.0001,1e-05,6,9,2440.84
0,0.0001,1e-05,6,9,945.184
1,0.0001,1e-05,6,9,2570.35
0,0.0001,1e-05,6,9,1021.89
1,0.0001,1e-05,6,9,1345.29
0,0.0001,1e-05,6,9,1285.86
1,0.0001,1e-05,6,9,588.31
0,0.0001,1e-05,6,9,1321.79
1,0.0001,1e-05,6,9,1018.78
0,0.0001,1e-05,6,9,1127.87
1,0.0001,1e-05,6,9,1788.82
0,0.0001,1e-05,6,9,1751
1,0.0001,1e-05,6,9,1838.46
0,0.0001,1e-05,6,9,829.641
1,0.0001,1e-05,6,9,1249.43
0,0.0001,1e-05,6,9,919.809
1,0.0001,1e-05,6,9,822.062
0,0.0001,1e-05,6,9,1077.71
1,0.0001,1e-05,6,9,1146.67
0,0.0001,1e-05,6,9,1121.59
1,0.0001,1e-05,6,9,681.97
0,0.0001,1e-05,6,9,1756.2
1,0.0001,1e-05,6,9,1458.13
0,0.0001,1e-05,6,9,1353.58
1,0.0001,1e-05,6,9,197.541
0,0.0001,1e-05,6,9,1191.99
1,0.0001,1e-05,6,9,1280.82
0,0.0001,1e-05,6,9,1060
1,0.0001,1e-05,6,9,1076.9
0,0.0001,1e-05,6,9,1228.62
1,0.0001,1e-05,6,9,562.558
0,0.0001,1e-05,6,9,1240.87
1,0.0001,1e-05,6,9,1540.99
0,0.0001,1e-05,6,9,595.022
1,0.0001,1e-05,6,9,218.611
0,0.0001,1e-05,6,9,248.548
1,0.0001,1e-05,6,9,4265.1
0,0.0001,1e-05,6,9,1585.89
1,0.0001,1e-05,6,9,2399.81
0,0.0001,1e-05,6,9,1426.64
1,0.0001,1e-05,6,9,2185.37
0,0.0001,1e-05,6,9,1560.69
1,0.0001,1e-05,6,9,2414.62
0,0.0001,1e-05,6,9,1931.35
1,0.0001,1e-05,6,9,2196.85
0,0.0001,1e-05,6,9,1550.74
1,0.0001,1e-05,6,9,1949.76
0,0.0001,1e-05,6,9,226.499
1,0.0001,1e-05,6,9,2164.94
0,0.0001,1e-05,6,9,913.347
1,0.0001,1e-05,6,9,372.505
0,0.0001,1e-05,6,9,1052.92
1,0.0001,1e-05,6,9,148.829
0,0.0001,1e-05,6,9,2213.91
1,0.0001,1e-05,6,9,745.744
0,0.0001,1e-05,6,9,2388.6
1,0.0001,1e-05,6,9,546.581
0,0.0001,1e-05,6,9,1184.09
1,0.0001,1e-05,6,9,338.871
0,0.0001,1e-05,6,9,1332.1
