0.291,6,9,5455.95
0.291,6,9,72198.9
0.291,6,9,159435
0.291,6,9,33034.8
0.291,6,9,35678.8
0.291,6,9,34654.6
0.291,6,9,83138
0.291,6,9,96928.9
0.291,6,9,7678.29
0.291,6,9,73108.6
0.291,6,9,157751
0.291,6,9,10245
0.291,6,9,12444.8
0.291,6,9,15250.3
0.291,6,9,201554
0.291,6,9,152452
0.291,6,9,94192.4
0.291,6,9,73355.8
0.291,6,9,50894.9
0.291,6,9,174007
0.291,6,9,37793.4
0.291,6,9,52499.7
0.291,6,9,27664.6
0.291,6,9,18375.7
0.291,6,9,79045.7
0.291,6,9,9625.21
0.291,6,9,78440.1
0.291,6,9,27807.2
0.291,6,9,16779.5
0.291,6,9,634665
0.291,6,9,47749.1
0.291,6,9,185750
0.291,6,9,65939.8
0.291,6,9,53257.5
0.291,6,9,51970.7
0.291,6,9,187639
0.291,6,9,349724
0.291,6,9,14755.9
0.291,6,9,111738
0.291,6,9,4654.56
0.291,6,9,103778
0.291,6,9,6070.02
0.291,6,9,40905.7
0.291,6,9,131398
0.291,6,9,195661
0.291,6,9,216477
0.291,6,9,54786.9
0.291,6,9,121967
0.291,6,9,14402.6
0.291,6,9,15999.3
0.291,6,9,249703
0.291,6,9,21761.1
0.291,6,9,42931.6
0.291,6,9,13648.4
0.291,6,9,45253.4
0.291,6,9,23444.2
0.291,6,9,10683.5
0.291,6,9,39419.8
0.291,6,9,42822.5
0.291,6,9,64600.8
0.291,6,9,95853.5
0.291,6,9,143557
0.291,6,9,57632.5
0.291,6,9,117923
0.291,6,9,113909
0.291,6,9,118195
0.291,6,9,46217.5
0.291,6,9,51426.4
0.291,6,9,13046.1
0.291,6,9,2872.67
0.291,6,9,159203
0.291,6,9,32507.4
0.291,6,9,14541.5
0.291,6,9,46624.3
0.291,6,9,65761.6
0.291,6,9,22922.4
0.291,6,9,518837
0.291,6,9,22920
0.291,6,9,37760.8
0.291,6,9,59018.7
0.291,6,9,194790
0.291,6,9,30348
0.291,6,9,63448.8
0.291,6,9,26822.5
0.291,6,9,25179.4
0.291,6,9,5458.61
0.291,6,9,36173.2
0.291,6,9,65891.8
0.291,6,9,75439.2
0.291,6,9,57866
0.291,6,9,82513.9
0.291,6,9,106747
0.291,6,9,19683.7
0.291,6,9,8060.85
0.291,6,9,261574
0.291,6,9,65049.5
0.291,6,9,21703.4
0.291,6,9,28723.9
0.291,6,9,133459
0.291,6,9,65140.8
0.291,6,9,68975.8
0.291,6,9,113103
0.291,6,9,17241.9
0.291,6,9,16967.4
0.291,6,9,311859
0.291,6,9,175659
0.291,6,9,27375.7
0.291,6,9,54388
0.291,6,9,58633.7
0.291,6,9,82493.7
0.291,6,9,5339.55
0.291,6,9,27449.2
0.291,6,9,8963.63
0.291,6,9,6814.97
0.291,6,9,336659
0.291,6,9,94380
0.291,6,9,30542.7
0.291,6,9,26697.2
0.291,6,9,147208
0.291,6,9,33822.4
0.291,6,9,163865
0.291,6,9,29197.7
0.291,6,9,94409.9
0.291,6,9,7721.22
0.291,6,9,34957.1
0.291,6,9,293177
0.291,6,9,55616.9
0.291,6,9,109994
0.291,6,9,64659.6
0.291,6,9,17634.7
0.291,6,9,18948.5
0.291,6,9,124457
0.291,6,9,173156
0.291,6,9,142778
0.291,6,9,48292.1
0.291,6,9,33437.1
0.291,6,9,300811
0.291,6,9,260899
0.291,6,9,6669.57
0.291,6,9,167140
0.291,6,9,312418
0.291,6,9,124041
0.291,6,9,191843
0.291,6,9,55741.3
0.291,6,9,160791
0.291,6,9,60491.6
0.291,6,9,88748.8
0.291,6,9,176273
0.291,6,9,91675.4
0.291,6,9,308209
0.291,6,9,25564.6
0.291,6,9,66254.2
0.291,6,9,219871
0.291,6,9,308929
0.291,6,9,36766.3
0.291,6,9,59096
0.291,6,9,180129
0.291,6,9,4272.42
0.291,6,9,74975.3
0.291,6,9,34708.7
0.291,6,9,87353.9
0.291,6,9,42624.2
0.291,6,9,180265
0.291,6,9,92544.4
0.291,6,9,40727.4
0.291,6,9,48908.3
0.291,6,9,74893.4
0.291,6,9,38444.8
0.291,6,9,81068.8
0.291,6,9,13431.8
0.291,6,9,108812
0.291,6,9,105618
0.291,6,9,178224
0.291,6,9,11241.4
0.291,6,9,104709
0.291,6,9,73682.3
0.291,6,9,477477
0.291,6,9,175866
0.291,6,9,28244
0.291,6,9,152409
0.291,6,9,100810
0.291,6,9,118097
0.291,6,9,38687.6
0.291,6,9,46392.2
0.291,6,9,317980
0.291,6,9,75629.5
0.291,6,9,316996
0.291,6,9,165112
0.291,6,9,3869.95
0.291,6,9,1892.13
0.291,6,9,89368.2
0.291,6,9,199334
0.291,6,9,9765.99
0.291,6,9,3267.91
0.291,6,9,7914.82
0.291,6,9,19876
0.291,6,9,48486.3
0.291,6,9,103267
0.291,6,9,11955.8
0.291,6,9,125869
0.291,6,9,20949.6
0.291,6,9,64106.8
0.291,6,9,13070
0.291,6,9,114483
0.291,6,9,24236.3
0.291,6,9,61314.4
0.291,6,9,8114.75
0.291,6,9,92715
0.291,6,9,95938.8
0.291,6,9,141453
0.291,6,9,7374.19
0.291,6,9,1663.8
0.291,6,9,456371
0.291,6,9,12865.7
0.291,6,9,136613
0.291,6,9,28188.8
0.291,6,9,103868
0.291,6,9,35435.4
0.291,6,9,72581.7
0.291,6,9,20422.9
0.291,6,9,156622
0.291,6,9,173196
0.291,6,9,33434.1
0.291,6,9,377681
0.291,6,9,85869.9
0.291,6,9,89099.8
0.291,6,9,69007.2
0.291,6,9,127539
0.291,6,9,55135.4
0.291,6,9,2181.81
0.291,6,9,123246
0.291,6,9,74842.1
0.291,6,9,90602.9
0.291,6,9,102478
0.291,6,9,83751
0.291,6,9,21114.8
0.291,6,9,29149.6
0.291,6,9,125635
0.291,6,9,32908.1
0.291,6,9,61966.6
0.291,6,9,45088.7
0.291,6,9,158091
0.291,6,9,26948.3
0.291,6,9,77930.9
0.291,6,9,9072.68
0.291,6,9,24950.2
0.291,6,9,35884.4
0.291,6,9,90900.3
0.291,6,9,60350.6
0.291,6,9,81776.2
0.291,6,9,20841.3
0.291,6,9,163174
0.291,6,9,19509.8
0.291,6,9,51964.4
0.291,6,9,248818
0.291,6,9,30103.9
0.291,6,9,28781
0.291,6,9,33177
0.291,6,9,32096
0.291,6,9,29772.6
0.291,6,9,13011
0.291,6,9,68006.7
0.291,6,9,97681.4
0.291,6,9,108703
0.291,6,9,25456.5
0.291,6,9,64875.5
0.291,6,9,135407
0.291,6,9,91626.1
0.291,6,9,88786
0.291,6,9,9941.6
0.291,6,9,51041.4
0.291,6,9,22983.5
0.291,6,9,38046.7
0.291,6,9,31119.4
0.291,6,9,87565.1
0.291,6,9,8500.94
0.291,6,9,98797.9
0.291,6,9,93010.6
0.291,6,9,68025.5
0.291,6,9,477029
0.291,6,9,14454.7
0.291,6,9,23674.5
0.291,6,9,50046.3
0.291,6,9,37506.5
0.291,6,9,14533.2
0.291,6,9,12638.6
0.291,6,9,46812.8
0.291,6,9,54123.7
0.291,6,9,93338.8
0.291,6,9,45001.7
0.291,6,9,7582.44
0.291,6,9,43231
0.291,6,9,99480.7
0.291,6,9,8360.64
0.291,6,9,66799.6
0.291,6,9,377828
0.291,6,9,81829.9
0.291,6,9,95061.9
0.291,6,9,220575
0.291,6,9,225591
0.291,6,9,79456.4
0.291,6,9,21099.6
0.291,6,9,100554
0.291,6,9,99679.9
0.291,6,9,406124
0.291,6,9,83665.9
0.291,6,9,63330.4
0.291,6,9,213930
0.291,6,9,36772.2
0.291,6,9,29121.7
0.291,6,9,197796
0.291,6,9,218610
0.291,6,9,114619
0.291,6,9,19001.3
0.291,6,9,87422.1
0.291,6,9,45066.8
0.291,6,9,165893
0.291,6,9,132722
0.291,6,9,276464
0.291,6,9,27738.9
0.291,6,9,46357.9
0.291,6,9,109854
0.291,6,9,56826.8
0.291,6,9,100579
0.291,6,9,30034.5
0.291,6,9,16319.8
0.291,6,9,55343.9
0.291,6,9,33842.2
0.291,6,9,123645
0.291,6,9,155073
0.291,6,9,26723
0.291,6,9,127842
0.291,6,9,22636.3
0.291,6,9,21904.6
0.291,6,9,74051
0.291,6,9,40222
0.291,6,9,14968.1
0.291,6,9,18510.4
0.291,6,9,130942
0.291,6,9,129627
0.291,6,9,14358.6
0.291,6,9,12313.6
0.291,6,9,11422.8
0.291,6,9,15593.8
0.291,6,9,83331.4
0.291,6,9,8430.37
0.291,6,9,143257
0.291,6,9,22661.1
0.291,6,9,34291.7
0.291,6,9,55209.2
0.291,6,9,60160.1
0.291,6,9,112462
0.291,6,9,15404.7
0.291,6,9,50234.5
0.291,6,9,61882.1
0.291,6,9,66960.1
0.291,6,9,238826
0.291,6,9,55779.6
0.291,6,9,34379.8
0.291,6,9,32484.9
0.291,6,9,35272
0.291,6,9,5719.45
0.291,6,9,121670
0.291,6,9,93895.7
0.291,6,9,147728
0.291,6,9,56828.4
0.291,6,9,114296
0.291,6,9,122717
0.291,6,9,50732
0.291,6,9,184045
0.291,6,9,11329.9
0.291,6,9,22364.5
0.291,6,9,161703
0.291,6,9,42059.3
0.291,6,9,170049
0.291,6,9,26149.5
0.291,6,9,276633
0.291,6,9,208365
0.291,6,9,188107
0.291,6,9,147663
0.291,6,9,142934
0.291,6,9,100402
0.291,6,9,41704.5
0.291,6,9,76227
0.291,6,9,56559.7
0.291,6,9,40817.8
0.291,6,9,93973.3
0.291,6,9,124024
0.291,6,9,34989
0.291,6,9,28509.7
0.291,6,9,125608
0.291,6,9,18625.9
0.291,6,9,242165
0.291,6,9,35470.8
0.291,6,9,142092
0.291,6,9,29587.7
0.291,6,9,135848
0.291,6,9,268508
0.291,6,9,55945.8
0.291,6,9,18060.3
0.291,6,9,90123.1
0.291,6,9,120433
0.291,6,9,266383
0.291,6,9,29607
0.291,6,9,109906
0.291,6,9,129411
0.291,6,9,88021.9
0.291,6,9,27652.6
0.291,6,9,41218.1
0.291,6,9,31565.8
0.291,6,9,179670
0.291,6,9,74139.9
0.291,6,9,25031.8
0.291,6,9,43170.2
0.291,6,9,194591
0.291,6,9,108437
0.291,6,9,170599
0.291,6,9,134065
0.291,6,9,69089.2
0.291,6,9,25177.9
0.291,6,9,29442.8
0.291,6,9,14418.1
0.291,6,9,33788.6
0.291,6,9,29510.4
0.291,6,9,205978
0.291,6,9,35408.1
0.291,6,9,12073.2
0.291,6,9,184800
0.291,6,9,80877.9
0.291,6,9,167516
0.291,6,9,107528
0.291,6,9,98848.3
0.291,6,9,161504
0.291,6,9,114792
0.291,6,9,28622.7
0.291,6,9,87466.2
0.291,6,9,119332
0.291,6,9,53477.3
0.291,6,9,27139.1
0.291,6,9,229269
0.291,6,9,133633
0.291,6,9,107557
0.291,6,9,26523.8
0.291,6,9,127474
0.291,6,9,3655.4
0.291,6,9,7527.12
0.291,6,9,197928
0.291,6,9,155548
0.291,6,9,68350.8
0.291,6,9,64543.7
0.291,6,9,488605
0.291,6,9,24682.4
0.291,6,9,670036
0.291,6,9,11251.2
0.291,6,9,345621
0.291,6,9,68791.5
0.291,6,9,21746.7
0.291,6,9,82094.7
0.291,6,9,8672.03
0.291,6,9,7656.65
0.291,6,9,5942.04
0.291,6,9,146045
0.291,6,9,8120.59
0.291,6,9,10721.4
0.291,6,9,6479.72
0.291,6,9,101801
0.291,6,9,16242.5
0.291,6,9,34763.3
0.291,6,9,32588.4
0.291,6,9,180279
0.291,6,9,137936
0.291,6,9,38548
0.291,6,9,28909.9
0.291,6,9,99689.5
0.291,6,9,106893
0.291,6,9,127987
0.291,6,9,141478
0.291,6,9,261398
0.291,6,9,117503
0.291,6,9,119828
0.291,6,9,91285.8
0.291,6,9,25841.4
0.291,6,9,166884
0.291,6,9,43152.7
0.291,6,9,373166
0.291,6,9,197153
0.291,6,9,16331.8
0.291,6,9,33326.2
0.291,6,9,440456
0.291,6,9,56607.6
0.291,6,9,114154
0.291,6,9,73737.9
0.291,6,9,46850.7
0.291,6,9,28715.2
0.291,6,9,288479
0.291,6,9,102145
0.291,6,9,139748
0.291,6,9,12801.9
0.291,6,9,195059
0.291,6,9,87083.3
0.291,6,9,881.894
0.291,6,9,33044.7
0.291,6,9,61935.9
0.291,6,9,162545
0.291,6,9,63418.4
0.291,6,9,80870.5
0.291,6,9,47350
0.291,6,9,52611.7
0.291,6,9,17844.9
0.291,6,9,92132.1
0.291,6,9,78150.2
0.291,6,9,389181
0.291,6,9,15491.3
0.291,6,9,51927.1
0.291,6,9,19003.3
0.291,6,9,49616.4
0.291,6,9,20569.1
0.291,6,9,39158.6
0.291,6,9,138269
0.291,6,9,17464.3
0.291,6,9,14016
0.291,6,9,24588.1
0.291,6,9,170850
0.291,6,9,22719.3
0.291,6,9,318786
0.291,6,9,355035
0.291,6,9,78640.3
0.291,6,9,137750
0.291,6,9,10894.8
0.291,6,9,87814.2
0.291,6,9,94289.8
0.291,6,9,129954
0.291,6,9,71539.9
0.291,6,9,2518.4
0.291,6,9,217402
0.291,6,9,75402
0.291,6,9,45336.3
0.291,6,9,25038.1
0.291,6,9,80266.3
0.291,6,9,98494.2
0.291,6,9,31496.4
0.291,6,9,262816
0.291,6,9,391655
0.291,6,9,106825
0.291,6,9,50088
0.291,6,9,46009.5
0.291,6,9,444697
0.291,6,9,31667.9
0.291,6,9,72064.2
0.291,6,9,19737.8
0.291,6,9,9611.22
0.291,6,9,88770.5
0.291,6,9,263573
0.291,6,9,56473.6
0.291,6,9,1388.03
0.291,6,9,55913.8
0.291,6,9,12901.1
0.291,6,9,161728
0.291,6,9,47441.6
0.291,6,9,144330
0.291,6,9,72830.5
0.291,6,9,42048.9
0.291,6,9,88370.7
0.291,6,9,227764
0.291,6,9,15107.4
0.291,6,9,2973.65
0.291,6,9,119772
0.291,6,9,74804
0.291,6,9,127142
0.291,6,9,51822.1
0.291,6,9,10396.6
0.291,6,9,60435.2
0.291,6,9,116743
0.291,6,9,340971
0.291,6,9,7188.38
0.291,6,9,54664.6
0.291,6,9,187872
0.291,6,9,104570
0.291,6,9,64710.2
0.291,6,9,135428
0.291,6,9,11098.1
0.291,6,9,98364.3
0.291,6,9,46000.7
0.291,6,9,14615.1
0.291,6,9,32874.9
0.291,6,9,78730.9
0.291,6,9,41952.6
0.291,6,9,115132
0.291,6,9,172234
0.291,6,9,131426
0.291,6,9,16465.5
0.291,6,9,20782.3
0.291,6,9,28467.1
0.291,6,9,17915.4
0.291,6,9,122175
0.291,6,9,76331.4
0.291,6,9,86929.2
0.291,6,9,141681
0.291,6,9,11936.5
0.291,6,9,59144.7
0.291,6,9,28553.4
0.291,6,9,77406.5
0.291,6,9,72938.2
0.291,6,9,17435.6
0.291,6,9,19428.7
0.291,6,9,32962.4
0.291,6,9,63078.6
0.291,6,9,13016.8
0.291,6,9,212146
0.291,6,9,36193.5
0.291,6,9,71449.2
0.291,6,9,41018.4
0.291,6,9,28830.8
0.291,6,9,52930
0.291,6,9,66673.6
0.291,6,9,252307
0.291,6,9,47707.5
0.291,6,9,65568.1
0.291,6,9,146771
0.291,6,9,104624
0.291,6,9,36056.4
0.291,6,9,133394
0.291,6,9,54374.7
0.291,6,9,48786.3
0.291,6,9,89781.9
0.291,6,9,35887.5
0.291,6,9,35374.8
0.291,6,9,126439
0.291,6,9,3757.5
0.291,6,9,52990.5
0.291,6,9,336383
0.291,6,9,352456
0.291,6,9,7494.66
0.291,6,9,5636.04
0.291,6,9,23718
0.291,6,9,7034.29
0.291,6,9,269409
0.291,6,9,91424.3
0.291,6,9,60032.3
0.291,6,9,230367
0.291,6,9,34179.6
0.291,6,9,89897.5
0.291,6,9,31847.3
0.291,6,9,63523.5
0.291,6,9,42572.1
0.291,6,9,199401
0.291,6,9,20846.6
0.291,6,9,154964
0.291,6,9,202848
0.291,6,9,186021
0.291,6,9,82219.7
0.291,6,9,234025
0.291,6,9,48869.4
0.291,6,9,51136.4
0.291,6,9,27104.1
0.291,6,9,18023.2
0.291,6,9,37721
0.291,6,9,149794
0.291,6,9,118341
0.291,6,9,60002.9
0.291,6,9,26482.4
0.291,6,9,69133.3
0.291,6,9,3906.4
0.291,6,9,64803.2
0.291,6,9,32836.3
0.291,6,9,163685
0.291,6,9,2920.39
0.291,6,9,30387.1
0.291,6,9,23418.8
0.291,6,9,75317.7
0.291,6,9,23863.2
0.291,6,9,29958.6
0.291,6,9,26157.2
0.291,6,9,15898.8
0.291,6,9,88768.5
0.291,6,9,156831
0.291,6,9,79656.7
0.291,6,9,14050.6
0.291,6,9,279093
0.291,6,9,205170
0.291,6,9,43913
0.291,6,9,23069.6
0.291,6,9,76875.4
0.291,6,9,57070.8
0.291,6,9,311376
0.291,6,9,165255
0.291,6,9,111848
0.291,6,9,168118
0.291,6,9,12366.9
0.291,6,9,86271.7
0.291,6,9,7028.36
0.291,6,9,117134
0.291,6,9,53684.3
0.291,6,9,65855.4
0.291,6,9,85517.1
0.291,6,9,76534.8
0.291,6,9,33607.2
0.291,6,9,132314
0.291,6,9,457080
0.291,6,9,2946.14
0.291,6,9,19413.4
0.291,6,9,85893.5
0.291,6,9,93748.4
0.291,6,9,33910.1
0.291,6,9,18927.3
0.291,6,9,89788.7
0.291,6,9,5386.75
0.291,6,9,34640
0.291,6,9,125428
0.291,6,9,256960
0.291,6,9,183287
0.291,6,9,133342
0.291,6,9,224084
0.291,6,9,37067.5
0.291,6,9,42651.4
0.291,6,9,115436
0.291,6,9,81548.1
0.291,6,9,22216.9
0.291,6,9,59109
0.291,6,9,90139.5
0.291,6,9,120660
0.291,6,9,121974
0.291,6,9,61719.5
0.291,6,9,25799.8
0.291,6,9,84226.3
0.291,6,9,148584
0.291,6,9,47702
0.291,6,9,209108
0.291,6,9,15974.7
0.291,6,9,205574
0.291,6,9,54230.8
0.291,6,9,61363.3
0.291,6,9,171965
0.291,6,9,41299.9
0.291,6,9,10091
0.291,6,9,9332.41
0.291,6,9,89638
0.291,6,9,58226.3
0.291,6,9,21918.5
0.291,6,9,14008.3
0.291,6,9,241974
0.291,6,9,102237
0.291,6,9,121163
0.291,6,9,137518
0.291,6,9,69371
0.291,6,9,90515.3
0.291,6,9,23723.2
0.291,6,9,9984.05
0.291,6,9,7317.86
0.291,6,9,17158
0.291,6,9,12323.8
0.291,6,9,137294
0.291,6,9,168950
0.291,6,9,175639
0.291,6,9,107191
0.291,6,9,50230
0.291,6,9,43402.5
0.291,6,9,5141.54
0.291,6,9,100598
0.291,6,9,68020.4
0.291,6,9,29839.8
0.291,6,9,26595.2
0.291,6,9,42633.6
0.291,6,9,31767
0.291,6,9,44688.4
0.291,6,9,133991
0.291,6,9,46435.5
0.291,6,9,170476
0.291,6,9,172734
0.291,6,9,11989.4
0.291,6,9,111285
0.291,6,9,79266.8
0.291,6,9,254330
0.291,6,9,33509.3
0.291,6,9,29001.1
0.291,6,9,14239.3
0.291,6,9,60625
0.291,6,9,9339.3
0.291,6,9,6197.54
0.291,6,9,34269.3
0.291,6,9,55259.7
0.291,6,9,144640
0.291,6,9,11956.8
0.291,6,9,318050
0.291,6,9,190845
0.291,6,9,98793.9
0.291,6,9,71502.9
0.291,6,9,115322
0.291,6,9,34462.1
0.291,6,9,133961
0.291,6,9,126168
0.291,6,9,23776.9
0.291,6,9,102824
0.291,6,9,68379.3
0.291,6,9,63445.2
0.291,6,9,149851
0.291,6,9,2095.18
0.291,6,9,108939
0.291,6,9,12876.7
0.291,6,9,34256
0.291,6,9,246999
0.291,6,9,621593
0.291,6,9,1836.39
0.291,6,9,101890
0.291,6,9,52208.1
0.291,6,9,11496.4
0.291,6,9,93429.6
0.291,6,9,50944.2
0.291,6,9,3249.97
0.291,6,9,128077
0.291,6,9,31845.6
0.291,6,9,18490.3
0.291,6,9,26614.7
0.291,6,9,11493.2
0.291,6,9,231778
0.291,6,9,23753
0.291,6,9,2174.98
0.291,6,9,41158.4
0.291,6,9,203255
0.291,6,9,88336.9
0.291,6,9,17269
0.291,6,9,96722.3
0.291,6,9,12337.2
0.291,6,9,122112
0.291,6,9,29619.3
0.291,6,9,170877
0.291,6,9,55202.9
0.291,6,9,39858.5
0.291,6,9,6279.31
0.291,6,9,39014.8
0.291,6,9,66796.3
0.291,6,9,114913
0.291,6,9,40332
0.291,6,9,10729
0.291,6,9,212417
0.291,6,9,31766
0.291,6,9,186503
0.291,6,9,69873.9
0.291,6,9,16414.7
0.291,6,9,87520.4
0.291,6,9,8485.9
0.291,6,9,86122.9
0.291,6,9,158736
0.291,6,9,58403.3
0.291,6,9,209036
0.291,6,9,21538.7
0.291,6,9,85515
0.291,6,9,45596.8
0.291,6,9,20402.4
0.291,6,9,14890.4
0.291,6,9,19648.5
0.291,6,9,68217.4
0.291,6,9,2861.55
0.291,6,9,65751.6
0.291,6,9,207122
0.291,6,9,68819.2
0.291,6,9,27439.6
0.291,6,9,18431.4
0.291,6,9,150805
0.291,6,9,14867.9
0.291,6,9,53397.9
0.291,6,9,11684.9
0.291,6,9,5786.03
0.291,6,9,125775
0.291,6,9,178554
0.291,6,9,33943.4
0.291,6,9,50222.5
0.291,6,9,11351.1
0.291,6,9,180637
0.291,6,9,35215.1
0.291,6,9,114912
0.291,6,9,122242
0.291,6,9,49628.4
0.291,6,9,170288
0.291,6,9,23806.7
0.291,6,9,193388
0.291,6,9,2205.17
0.291,6,9,66599.1
0.291,6,9,16794.4
0.291,6,9,33280.7
0.291,6,9,232239
0.291,6,9,15285.7
0.291,6,9,122483
0.291,6,9,12299.5
0.291,6,9,70934.3
0.291,6,9,56119.4
0.291,6,9,50399.6
0.291,6,9,101167
0.291,6,9,15223.6
0.291,6,9,430475
0.291,6,9,219470
0.291,6,9,32597
0.291,6,9,17254
0.291,6,9,20036.8
0.291,6,9,41250.3
0.291,6,9,49173.5
0.291,6,9,16677.8
0.291,6,9,259852
0.291,6,9,89283.9
0.291,6,9,42848.5
0.291,6,9,150948
0.291,6,9,120558
0.291,6,9,55727.6
0.291,6,9,109531
0.291,6,9,41607.6
0.291,6,9,85458.2
0.291,6,9,31965.3
0.291,6,9,148989
0.291,6,9,109103
0.291,6,9,177662
0.291,6,9,145462
0.291,6,9,86824.2
0.291,6,9,38579.3
0.291,6,9,4668.67
0.291,6,9,32142.8
0.291,6,9,245976
0.291,6,9,69399
0.291,6,9,37975.1
0.291,6,9,14722.1
0.291,6,9,108259
0.291,6,9,26840
0.291,6,9,143743
0.291,6,9,38197.6
0.291,6,9,186149
0.291,6,9,41499.6
0.291,6,9,69666.6
0.291,6,9,208011
0.291,6,9,328881
0.291,6,9,11627.7
0.291,6,9,7971.96
0.291,6,9,7830.54
0.291,6,9,332117
0.291,6,9,11432.1
0.291,6,9,23168.2
0.291,6,9,131313
0.291,6,9,65942.5
0.291,6,9,45345.7
0.291,6,9,20793
0.291,6,9,23705.6
0.291,6,9,204133
0.291,6,9,4876.53
0.291,6,9,417741
0.291,6,9,82559.5
0.291,6,9,423466
0.291,6,9,14796.4
0.291,6,9,60758.7
0.291,6,9,111106
0.291,6,9,44755.1
0.291,6,9,9865.67
0.291,6,9,242688
0.291,6,9,256720
0.291,6,9,195653
0.291,6,9,51724.6
0.291,6,9,19342
0.291,6,9,105521
0.291,6,9,2215.45
0.291,6,9,532837
0.291,6,9,12978.7
0.291,6,9,218400
0.291,6,9,68589.4
0.291,6,9,32140.7
0.291,6,9,126709
0.291,6,9,101318
0.291,6,9,93041.3
0.291,6,9,97088
0.291,6,9,141604
0.291,6,9,28420.4
0.291,6,9,90092.7
0.291,6,9,256830
0.291,6,9,266770
0.291,6,9,28354.1
0.291,6,9,25286
0.291,6,9,152376
0.291,6,9,150249
0.291,6,9,41361.4
0.291,6,9,6145.93
0.291,6,9,110054
0.291,6,9,29813.2
0.291,6,9,20410.8
0.291,6,9,3351.66
0.291,6,9,969.675
0.291,6,9,82815.3
0.291,6,9,106731
0.291,6,9,19984
0.291,6,9,353178
0.291,6,9,32839.3
0.291,6,9,8307.33
0.291,6,9,119433
0.291,6,9,90946.4
0.291,6,9,10955.4
0.291,6,9,102980
0.291,6,9,136466
0.291,6,9,100684
0.291,6,9,14407.3
0.291,6,9,61613.5
0.291,6,9,91063.3
0.291,6,9,12495.7
0.291,6,9,332815
0.291,6,9,21934
0.291,6,9,91203.1
0.291,6,9,34127.7
0.291,6,9,66750.2
0.291,6,9,103902
0.291,6,9,12139.7
0.291,6,9,51982.1
0.291,6,9,7009.69
0.291,6,9,12200.9
0.291,6,9,64144.9
0.291,6,9,150133
0.291,6,9,21041.5
0.291,6,9,24745.8
0.291,6,9,91699.8
0.291,6,9,121181
0.291,6,9,164149
0.291,6,9,549280
0.291,6,9,16268
0.291,6,9,222354
0.291,6,9,59043.7
0.291,6,9,6782.63
0.291,6,9,45036.2
0.291,6,9,98964.6
0.291,6,9,12024
0.291,6,9,25534.5
0.291,6,9,229198
0.291,6,9,248807
0.291,6,9,72641.3
0.291,6,9,89500.7
0.291,6,9,79976.6
0.291,6,9,105899
0.291,6,9,11525.7
0.291,6,9,91625.8
0.291,6,9,34561.9
0.291,6,9,165897
0.291,6,9,188711
0.291,6,9,121225
0.291,6,9,8613.22
0.291,6,9,88790.7
0.291,6,9,31727.1
0.291,6,9,99209.5
0.291,6,9,84401.1
0.291,6,9,77959.9
0.291,6,9,43422.4
0.291,6,9,536380
0.291,6,9,47631
0.291,6,9,96998.4
0.291,6,9,110480
0.291,6,9,35884.1
0.291,6,9,36548.5
0.291,6,9,41111.4
0.291,6,9,320836
0.291,6,9,75959.8
0.291,6,9,6351.46
0.291,6,9,43673.8
0.291,6,9,88736.6
0.291,6,9,91761.5
0.291,6,9,359178
0.291,6,9,7409.01
0.291,6,9,30721
0.291,6,9,110941
0.291,6,9,115485
0.291,6,9,46039.7
0.291,6,9,39251.9
0.291,6,9,80018.1
0.291,6,9,61819.2
0.291,6,9,79557
0.291,6,9,69288.7
0.291,6,9,69322.5
0.291,6,9,45221.9
0.291,6,9,41534.9
0.291,6,9,165667
0.291,6,9,113967
0.291,6,9,16374.2
0.291,6,9,10079.9
0.291,6,9,433652
0.291,6,9,80054.1
0.291,6,9,60997.1
0.291,6,9,268999
0.291,6,9,272613
0.291,6,9,47819.3
0.291,6,9,60782.7
0.291,6,9,20492.8
0.291,6,9,910.117
0.291,6,9,17764.4
0.291,6,9,54577.1
0.291,6,9,15771
0.291,6,9,338241
0.291,6,9,133355
0.291,6,9,235507
0.291,6,9,161208
0.291,6,9,6760.12
0.291,6,9,161463
0.291,6,9,85690.1
0.291,6,9,311706
0.291,6,9,74844.3
0.291,6,9,196770
0.291,6,9,29694.4
0.291,6,9,12546.7
0.291,6,9,201208
0.291,6,9,9911.5
0.291,6,9,121139
0.291,6,9,93739.7
0.291,6,9,45000.1
0.291,6,9,165440
0.291,6,9,70603.4
0.291,6,9,31668.7
0.291,6,9,371785
0.291,6,9,85768
0.291,6,9,5074.83
0.291,6,9,66065
0.291,6,9,241934
0.291,6,9,74734.3
0.291,6,9,17350.7
0.291,6,9,18954
0.291,6,9,105428
0.291,6,9,89554.2
0.291,6,9,80786.7
0.291,6,9,270513
0.291,6,9,57164.4
0.291,6,9,97446.1
0.291,6,9,145047
0.291,6,9,4920.34
0.291,6,9,28648.6
0.291,6,9,1824.21
0.291,6,9,49712
0.291,6,9,35068.2
0.291,6,9,6840.67
0.291,6,9,60821.4
0.291,6,9,7514.95
0.291,6,9,181127
0.291,6,9,197961
0.291,6,9,78499.2
0.291,6,9,34495.6
0.291,6,9,235286
0.291,6,9,226004
0.291,6,9,57949.9
0.291,6,9,106931
0.291,6,9,13782.9
0.291,6,9,281010
0.291,6,9,67689.2
0.291,6,9,32161.8
0.291,6,9,18155
0.291,6,9,227720
0.291,6,9,382870
0.291,6,9,213534
0.291,6,9,106827
0.291,6,9,84691.3
0.291,6,9,117251
0.291,6,9,143143
0.291,6,9,7764.71
0.291,6,9,15562.8
0.291,6,9,35902.4
0.291,6,9,171501
0.291,6,9,4234.53
0.291,6,9,16201.6
0.291,6,9,193719
0.291,6,9,108170
0.291,6,9,36528.9
0.291,6,9,87216.1
0.291,6,9,122552
0.291,6,9,56048
0.291,6,9,43300.7
0.291,6,9,117206
0.291,6,9,40702.8
0.291,6,9,166324
0.291,6,9,100189
0.291,6,9,126623
0.291,6,9,61889.2
0.291,6,9,197129
0.291,6,9,119186
0.291,6,9,40283
0.291,6,9,515648
0.291,6,9,300478
0.291,6,9,203308
0.291,6,9,48252.4
0.291,6,9,31190.1
0.291,6,9,216956
0.291,6,9,280224
0.291,6,9,164215
0.291,6,9,286124
0.291,6,9,33794.3
0.291,6,9,63916.3
0.291,6,9,116010
0.291,6,9,200651
0.291,6,9,119043
0.291,6,9,234450
0.291,6,9,48838.1
0.291,6,9,112095
0.291,6,9,31538.9
0.291,6,9,201788
0.291,6,9,73571.6
0.291,6,9,11477.8
0.291,6,9,2844.91
0.291,6,9,59653.3
0.291,6,9,82983.3
0.291,6,9,16277
0.291,6,9,40619.4
0.291,6,9,54542.7
0.291,6,9,88778.4
0.291,6,9,81803.8
0.291,6,9,52769.8
0.291,6,9,4579.74
0.291,6,9,280797
0.291,6,9,226789
0.291,6,9,104780
0.291,6,9,163608
0.291,6,9,11128.6
0.291,6,9,70031
0.291,6,9,202522
0.291,6,9,90724.7
0.291,6,9,163523
0.291,6,9,135386
0.291,6,9,29685
0.291,6,9,299824
0.291,6,9,47485.8
0.291,6,9,33712.8
0.291,6,9,23237.3
0.291,6,9,132147
0.291,6,9,116009
0.291,6,9,201913
0.291,6,9,32090.9
0.291,6,9,155789
0.291,6,9,46002.9
0.291,6,9,77690.7
0.291,6,9,166427
0.291,6,9,133370
0.291,6,9,15726.2
0.291,6,9,174822
0.291,6,9,156199
0.291,6,9,62326.3
0.291,6,9,1646.73
0.291,6,9,48702.9
0.291,6,9,200747
0.291,6,9,17098
0.291,6,9,10862.5
0.291,6,9,45274.9
0.291,6,9,52216.3
0.291,6,9,28766.9
0.291,6,9,7975.86
0.291,6,9,181984
0.291,6,9,82864.4
0.291,6,9,255313
0.291,6,9,75895.7
0.291,6,9,27056.8
0.291,6,9,11791.9
0.291,6,9,132250
0.291,6,9,74151.5
0.291,6,9,66908.1
0.291,6,9,141608
0.291,6,9,216418
0.291,6,9,74673.6
0.291,6,9,289862
0.291,6,9,78483.7
0.291,6,9,58391.3
0.291,6,9,24289.3
0.291,6,9,82074.5
0.291,6,9,41801.2
0.291,6,9,12488.6
0.291,6,9,59953.9
0.291,6,9,172618
0.291,6,9,27472.6
0.291,6,9,31731.9
0.291,6,9,75956.6
0.291,6,9,4800.03
0.291,6,9,22615.4
0.291,6,9,149765
0.291,6,9,74258.8
0.291,6,9,86188.5
0.291,6,9,40045.6
0.291,6,9,47010.4
0.291,6,9,55432.9
0.291,6,9,438146
0.291,6,9,47836
0.291,6,9,11942.4
0.291,6,9,36634.5
0.291,6,9,115760
0.291,6,9,100330
0.291,6,9,71006.2
0.291,6,9,64852.2
0.291,6,9,272069
0.291,6,9,60588.4
0.291,6,9,21128.9
0.291,6,9,90095.2
0.291,6,9,12819.9
0.291,6,9,176040
0.291,6,9,297674
0.291,6,9,40408.1
0.291,6,9,14605.2
0.291,6,9,34147
0.291,6,9,28542
0.291,6,9,95072.8
0.291,6,9,25576.1
0.291,6,9,20163.1
0.291,6,9,137689
0.291,6,9,7765.5
0.291,6,9,17362.7
0.291,6,9,62491
0.291,6,9,185844
0.291,6,9,17674.4
0.291,6,9,96815.9
0.291,6,9,59128.4
0.291,6,9,71784.8
0.291,6,9,5926.01
0.291,6,9,27240.3
0.291,6,9,6610.75
0.291,6,9,48040.5
0.291,6,9,83866.4
0.291,6,9,1119.58
0.291,6,9,24389.1
0.291,6,9,313162
0.291,6,9,67574.8
0.291,6,9,15944.4
0.291,6,9,88311.6
0.291,6,9,451313
0.291,6,9,38819.9
0.291,6,9,16673
0.291,6,9,23890.1
0.291,6,9,54789.3
0.291,6,9,12140.8
0.291,6,9,59456.3
0.291,6,9,339403
0.291,6,9,16188.2
0.291,6,9,56370.4
0.291,6,9,7292.82
0.291,6,9,79189.9
0.291,6,9,45279.5
0.291,6,9,65225.3
0.291,6,9,28073.2
0.291,6,9,47549.3
0.291,6,9,13793.9
0.291,6,9,89499.5
0.291,6,9,370758
0.291,6,9,12061.2
0.291,6,9,13161.2
0.291,6,9,11347.7
0.291,6,9,111428
0.291,6,9,127291
0.291,6,9,106270
0.291,6,9,111779
0.291,6,9,40940.7
0.291,6,9,292309
0.291,6,9,130339
0.291,6,9,216567
0.291,6,9,322654
0.291,6,9,11970.1
0.291,6,9,466041
0.291,6,9,8242.89
0.291,6,9,43577.3
0.291,6,9,52035.7
0.291,6,9,12274.4
0.291,6,9,76815.8
0.291,6,9,63363.8
0.291,6,9,17720
0.291,6,9,9327.23
0.291,6,9,18802.3
0.291,6,9,32762.6
0.291,6,9,90728.6
0.291,6,9,8550.18
0.291,6,9,29182.4
0.291,6,9,11321
0.291,6,9,204880
0.291,6,9,5973.08
0.291,6,9,16340.9
0.291,6,9,32215.2
0.291,6,9,353822
0.291,6,9,63013.1
0.291,6,9,248219
0.291,6,9,63033.6
0.291,6,9,4275.74
0.291,6,9,184391
0.291,6,9,41459.1
0.291,6,9,37216.3
0.291,6,9,27525.9
0.291,6,9,75682.6
0.291,6,9,103924
0.291,6,9,11410.5
0.291,6,9,23092.4
0.291,6,9,32940.7
0.291,6,9,145548
0.291,6,9,9936.46
0.291,6,9,111774
0.291,6,9,123219
0.291,6,9,41677.9
0.291,6,9,80516.4
0.291,6,9,47666
0.291,6,9,10405.4
0.291,6,9,190147
0.291,6,9,156823
0.291,6,9,96686.7
0.291,6,9,40998.2
0.291,6,9,19102.5
0.291,6,9,26001
0.291,6,9,182159
0.291,6,9,44720.1
0.291,6,9,164529
0.291,6,9,33081.9
0.291,6,9,6445.51
0.291,6,9,14198
0.291,6,9,76469.9
0.291,6,9,8005.92
0.291,6,9,85939.3
0.291,6,9,87940.8
0.291,6,9,78824.4
0.291,6,9,200927
0.291,6,9,37117.2
0.291,6,9,400196
0.291,6,9,148726
0.291,6,9,224642
0.291,6,9,87544.5
0.291,6,9,56600.1
0.291,6,9,78800.9
0.291,6,9,47105.4
0.291,6,9,3029.61
0.291,6,9,8283
0.291,6,9,102185
0.291,6,9,16485
0.291,6,9,19047.5
0.291,6,9,133994
0.291,6,9,36955.9
0.291,6,9,77106.1
0.291,6,9,96629.1
0.291,6,9,7284.06
0.291,6,9,20483.6
0.291,6,9,23888.7
0.291,6,9,18131.6
0.291,6,9,184239
0.291,6,9,218226
0.291,6,9,141137
0.291,6,9,327181
0.291,6,9,211886
0.291,6,9,102782
0.291,6,9,40601.7
0.291,6,9,14710.6
0.291,6,9,20350.3
0.291,6,9,77246.7
0.291,6,9,2620.72
0.291,6,9,38252.4
0.291,6,9,190772
0.291,6,9,20048.7
0.291,6,9,24822.2
0.291,6,9,51800.1
0.291,6,9,37362.8
0.291,6,9,84715.2
0.291,6,9,3346.97
0.291,6,9,259345
0.291,6,9,12800.2
0.291,6,9,101962
0.291,6,9,93723.1
0.291,6,9,17117.4
0.291,6,9,29140.6
0.291,6,9,96682.2
0.291,6,9,163839
0.291,6,9,98279.3
0.291,6,9,60591.4
0.291,6,9,100667
0.291,6,9,34923.1
0.291,6,9,32219.4
0.291,6,9,60424.7
0.291,6,9,128370
0.291,6,9,52480.7
0.291,6,9,296869
0.291,6,9,75348
0.291,6,9,50404.6
0.291,6,9,128692
0.291,6,9,80587
0.291,6,9,57655.5
0.291,6,9,30456.4
0.291,6,9,174448
0.291,6,9,174213
0.291,6,9,17756.5
0.291,6,9,82119.9
0.291,6,9,14131.4
0.291,6,9,58794
0.291,6,9,55191.3
0.291,6,9,78946.7
0.291,6,9,175778
0.291,6,9,19502.3
0.291,6,9,12906.1
0.291,6,9,80994.5
0.291,6,9,42864.3
0.291,6,9,41166.8
0.291,6,9,43696.3
0.291,6,9,13584.3
0.291,6,9,100754
0.291,6,9,145845
0.291,6,9,35266.7
0.291,6,9,61459.1
0.291,6,9,89860.8
0.291,6,9,50169.8
0.291,6,9,92488.9
0.291,6,9,55961.3
0.291,6,9,42102.9
0.291,6,9,91859.1
0.291,6,9,113684
0.291,6,9,330171
0.291,6,9,41289.6
0.291,6,9,141299
0.291,6,9,7917.03
0.291,6,9,118289
0.291,6,9,40848.1
0.291,6,9,9366.71
0.291,6,9,160775
0.291,6,9,307690
0.291,6,9,73487.8
0.291,6,9,114303
0.291,6,9,42043.2
0.291,6,9,148825
0.291,6,9,7269.11
0.291,6,9,102417
0.291,6,9,150774
0.291,6,9,195668
0.291,6,9,48785.8
0.291,6,9,14474.4
0.291,6,9,151311
0.291,6,9,10350.6
0.291,6,9,71330.5
0.291,6,9,18189.9
0.291,6,9,4665.45
0.291,6,9,515105
0.291,6,9,16490.1
0.291,6,9,19662.3
0.291,6,9,8545.63
0.291,6,9,15556.3
0.291,6,9,8315.08
0.291,6,9,8354.54
0.291,6,9,314544
0.291,6,9,3382.23
0.291,6,9,22401.8
0.291,6,9,81996.3
0.291,6,9,304585
0.291,6,9,20193.9
0.291,6,9,37934.3
0.291,6,9,253148
0.291,6,9,18173.2
0.291,6,9,15077.6
0.291,6,9,64115.7
0.291,6,9,5156.04
0.291,6,9,8208.07
0.291,6,9,13278
0.291,6,9,53143.9
0.291,6,9,51678.1
0.291,6,9,79072.9
0.291,6,9,65448.3
0.291,6,9,29556.8
0.291,6,9,212664
0.291,6,9,65061
0.291,6,9,23674.2
0.291,6,9,117164
0.291,6,9,46774
0.291,6,9,360188
0.291,6,9,116123
0.291,6,9,23008.4
0.291,6,9,468187
0.291,6,9,91140.8
0.291,6,9,416451
0.291,6,9,1169.26
0.291,6,9,137547
0.291,6,9,384857
0.291,6,9,207307
0.291,6,9,231437
0.291,6,9,8593.81
0.291,6,9,12051.2
0.291,6,9,32550.5
0.291,6,9,3904.85
0.291,6,9,8581.36
0.291,6,9,181217
0.291,6,9,351397
0.291,6,9,59094.7
0.291,6,9,60068.7
0.291,6,9,33909.1
0.291,6,9,81338.6
0.291,6,9,281194
0.291,6,9,47427.3
0.291,6,9,25361.3
0.291,6,9,86565.1
0.291,6,9,2750.47
0.291,6,9,49311
0.291,6,9,32315.1
0.291,6,9,34125.3
0.291,6,9,33229.5
0.291,6,9,45334.1
0.291,6,9,79441.4
0.291,6,9,14970.8
0.291,6,9,90141.1
0.291,6,9,135273
0.291,6,9,123596
0.291,6,9,258432
0.291,6,9,141861
0.291,6,9,71364.8
0.291,6,9,45474.2
0.291,6,9,55345.7
0.291,6,9,125923
0.291,6,9,267036
0.291,6,9,45649.9
0.291,6,9,48637.2
0.291,6,9,67735.6
0.291,6,9,16260.5
0.291,6,9,34972.3
0.291,6,9,33030.3
0.291,6,9,204804
0.291,6,9,12182.3
0.291,6,9,15466.2
0.291,6,9,15974.8
0.291,6,9,192572
0.291,6,9,182677
0.291,6,9,75618.3
0.291,6,9,276250
0.291,6,9,28185.5
0.291,6,9,13995.8
0.291,6,9,77223.2
0.291,6,9,156408
0.291,6,9,79179.3
0.291,6,9,174508
0.291,6,9,4889.48
0.291,6,9,6861.52
0.291,6,9,120140
0.291,6,9,30749.3
0.291,6,9,108643
0.291,6,9,18837.1
0.291,6,9,26057.7
0.291,6,9,71188.6
0.291,6,9,416770
0.291,6,9,11111.2
0.291,6,9,10454.1
0.291,6,9,90876.5
0.291,6,9,6640.39
0.291,6,9,63313.3
0.291,6,9,55330.4
0.291,6,9,79521
0.291,6,9,64065.1
0.291,6,9,156037
0.291,6,9,178188
0.291,6,9,34229.8
0.291,6,9,9713.07
0.291,6,9,233452
0.291,6,9,84305.8
0.291,6,9,27057.9
0.291,6,9,36202
0.291,6,9,135331
0.291,6,9,13722.4
0.291,6,9,46454.8
0.291,6,9,36903.2
0.291,6,9,51470
0.291,6,9,191940
0.291,6,9,51430.6
0.291,6,9,122054
0.291,6,9,40841.5
0.291,6,9,40893.4
0.291,6,9,66268
0.291,6,9,2611.26
0.291,6,9,80016.7
0.291,6,9,50116.8
0.291,6,9,10172.2
0.291,6,9,195654
0.291,6,9,31768.5
0.291,6,9,38372.8
0.291,6,9,59756.4
0.291,6,9,47693.2
0.291,6,9,61701.1
0.291,6,9,12102.2
0.291,6,9,20664.9
0.291,6,9,76026.7
0.291,6,9,39994.9
0.291,6,9,147509
0.291,6,9,157970
0.291,6,9,21885.8
0.291,6,9,6034.62
0.291,6,9,25178.3
0.291,6,9,327515
0.291,6,9,33666.7
0.291,6,9,6205.77
0.291,6,9,69585.8
0.291,6,9,54992.4
0.291,6,9,57671.9
0.291,6,9,143265
0.291,6,9,154716
0.291,6,9,69055.1
0.291,6,9,112792
0.291,6,9,54947.2
0.291,6,9,73859.5
0.291,6,9,27518.9
0.291,6,9,224236
0.291,6,9,232120
0.291,6,9,90358.5
0.291,6,9,35002.8
0.291,6,9,396204
0.291,6,9,145651
0.291,6,9,19812.1
0.291,6,9,6666.65
0.291,6,9,19525.2
0.291,6,9,64486
0.291,6,9,65251.2
0.291,6,9,125825
0.291,6,9,243884
0.291,6,9,104351
0.291,6,9,98112.6
0.291,6,9,50576.2
0.291,6,9,164017
0.291,6,9,33720.5
0.291,6,9,117569
0.291,6,9,81856.6
0.291,6,9,76974.9
0.291,6,9,47961.3
0.291,6,9,29647
0.291,6,9,27837.4
0.291,6,9,23558.9
0.291,6,9,38835.1
0.291,6,9,38703.4
0.291,6,9,155945
0.291,6,9,25155.3
0.291,6,9,145028
0.291,6,9,152040
0.291,6,9,76614.5
0.291,6,9,250666
0.291,6,9,116977
0.291,6,9,13011.5
0.291,6,9,30553.2
0.291,6,9,6906.53
0.291,6,9,260297
0.291,6,9,321978
0.291,6,9,13556.3
0.291,6,9,16440.9
0.291,6,9,55567.5
0.291,6,9,154009
0.291,6,9,14836.9
0.291,6,9,44454.3
0.291,6,9,15667.4
0.291,6,9,60983.2
0.291,6,9,33278
0.291,6,9,19552.3
0.291,6,9,29953.6
0.291,6,9,10005.6
0.291,6,9,13942.7
0.291,6,9,223967
0.291,6,9,72594.6
0.291,6,9,113554
0.291,6,9,39560.8
0.291,6,9,26217.9
0.291,6,9,2136.7
0.291,6,9,174494
0.291,6,9,73222.2
0.291,6,9,112736
0.291,6,9,181987
0.291,6,9,52098.1
0.291,6,9,8168.25
0.291,6,9,53354.5
0.291,6,9,21105.2
0.291,6,9,49698.4
0.291,6,9,271959
0.291,6,9,61579.6
0.291,6,9,37523
0.291,6,9,18172.7
0.291,6,9,84229.7
0.291,6,9,81401.1
0.291,6,9,89003.8
0.291,6,9,206192
0.291,6,9,244244
0.291,6,9,91273.3
0.291,6,9,96603.1
0.291,6,9,21335.9
0.291,6,9,110102
0.291,6,9,9001.73
0.291,6,9,7827.35
0.291,6,9,61488.2
0.291,6,9,32036.5
0.291,6,9,54816.9
0.291,6,9,130930
0.291,6,9,56443.6
0.291,6,9,59653
0.291,6,9,13794.2
0.291,6,9,52328
0.291,6,9,347896
0.291,6,9,97760.4
0.291,6,9,95179.6
0.291,6,9,63352.9
0.291,6,9,4801.4
0.291,6,9,109026
0.291,6,9,119300
0.291,6,9,46989
0.291,6,9,28408.4
0.291,6,9,138126
0.291,6,9,88215.9
0.291,6,9,5417.57
0.291,6,9,25689.1
0.291,6,9,75313.2
0.291,6,9,21500.3
0.291,6,9,212015
0.291,6,9,252001
0.291,6,9,77408.5
0.291,6,9,44161.2
0.291,6,9,30166.5
0.291,6,9,102843
0.291,6,9,129174
0.291,6,9,219465
0.291,6,9,12690.3
0.291,6,9,31243.2
0.291,6,9,146723
0.291,6,9,22034.1
0.291,6,9,71089
0.291,6,9,4506.27
0.291,6,9,224997
0.291,6,9,15496.6
0.291,6,9,46936.3
0.291,6,9,31501.1
0.291,6,9,213367
0.291,6,9,166957
0.291,6,9,12958.3
0.291,6,9,167929
0.291,6,9,46254.5
0.291,6,9,186270
0.291,6,9,68324
0.291,6,9,76998.5
0.291,6,9,30772.5
0.291,6,9,47041.1
0.291,6,9,53901
0.291,6,9,471977
0.291,6,9,113940
0.291,6,9,10183.7
0.291,6,9,24423.8
0.291,6,9,85158.5
0.291,6,9,48469
0.291,6,9,48429
0.291,6,9,202688
0.291,6,9,47023
0.291,6,9,67201
0.291,6,9,52580.1
0.291,6,9,4501.27
0.291,6,9,106136
0.291,6,9,68696.3
0.291,6,9,98103.8
0.291,6,9,165926
0.291,6,9,35819.8
0.291,6,9,73744.6
0.291,6,9,69466
0.291,6,9,49685.1
0.291,6,9,14787.2
0.291,6,9,45416.8
0.291,6,9,174984
0.291,6,9,10893.8
0.291,6,9,53716.6
0.291,6,9,45961
0.291,6,9,96502.9
0.291,6,9,166076
0.291,6,9,36288.5
0.291,6,9,87014.6
0.291,6,9,72430
0.291,6,9,365622
0.291,6,9,32839.4
0.291,6,9,29230.6
0.291,6,9,23344.9
0.291,6,9,85351.2
0.291,6,9,26744.7
0.291,6,9,28205.1
0.291,6,9,46874.6
0.291,6,9,138785
0.291,6,9,53219.7
0.291,6,9,18841.2
0.291,6,9,54817.3
0.291,6,9,72513.4
0.291,6,9,176529
0.291,6,9,191155
0.291,6,9,39736.4
0.291,6,9,189029
0.291,6,9,137913
0.291,6,9,46699.6
0.291,6,9,16830.5
0.291,6,9,32691.3
0.291,6,9,85404.9
0.291,6,9,32371
0.291,6,9,15539
0.291,6,9,60513
0.291,6,9,260854
0.291,6,9,3555.63
0.291,6,9,9309.78
0.291,6,9,5071.25
0.291,6,9,198844
0.291,6,9,41085.8
0.291,6,9,68055.9
0.291,6,9,140177
0.291,6,9,14027.1
0.291,6,9,155449
0.291,6,9,24647.8
0.291,6,9,43958.4
0.291,6,9,62412.3
0.291,6,9,51294.5
0.291,6,9,37914.7
0.291,6,9,19696.2
0.291,6,9,199830
0.291,6,9,16093.6
0.291,6,9,21796.3
0.291,6,9,157549
0.291,6,9,8169.48
0.291,6,9,1422.73
0.291,6,9,70464.7
0.291,6,9,50104.6
0.291,6,9,60531.3
0.291,6,9,236311
0.291,6,9,74988
0.291,6,9,27730.3
0.291,6,9,104397
0.291,6,9,195477
0.291,6,9,76362.9
0.291,6,9,45312.8
0.291,6,9,18413.1
0.291,6,9,103656
0.291,6,9,150665
0.291,6,9,40713.3
0.291,6,9,121911
0.291,6,9,90949.5
0.291,6,9,112601
0.291,6,9,54575.9
0.291,6,9,18642.4
0.291,6,9,78885.9
0.291,6,9,65084.8
0.291,6,9,143747
0.291,6,9,46983.2
0.291,6,9,37875.6
0.291,6,9,29104.3
0.291,6,9,13417.2
0.291,6,9,15456.5
0.291,6,9,23013.5
0.291,6,9,8382.92
0.291,6,9,221268
0.291,6,9,47194.1
0.291,6,9,47933.5
0.291,6,9,147045
0.291,6,9,112038
0.291,6,9,157189
0.291,6,9,226069
0.291,6,9,2745.99
0.291,6,9,49646.8
0.291,6,9,54000.4
0.291,6,9,194503
0.291,6,9,279399
0.291,6,9,7644.02
0.291,6,9,26257.1
0.291,6,9,146593
0.291,6,9,51132.9
0.291,6,9,144382
0.291,6,9,92203.3
0.291,6,9,31833
0.291,6,9,115448
0.291,6,9,29650.5
0.291,6,9,132412
0.291,6,9,176499
0.291,6,9,9300.48
0.291,6,9,59989.5
0.291,6,9,14015.2
0.291,6,9,82736.1
0.291,6,9,192432
0.291,6,9,8515.86
0.291,6,9,51703.3
0.291,6,9,86855.9
0.291,6,9,21582.9
0.291,6,9,75201.5
0.291,6,9,98347.5
0.291,6,9,34892
0.291,6,9,53338.5
0.291,6,9,62210
0.291,6,9,57503.2
0.291,6,9,159316
0.291,6,9,74792.9
0.291,6,9,8924.32
0.291,6,9,112552
0.291,6,9,28424
0.291,6,9,73979.7
0.291,6,9,52683.4
0.291,6,9,64836.7
0.291,6,9,47200.6
0.291,6,9,10339.2
0.291,6,9,157408
0.291,6,9,5096.21
0.291,6,9,19592
0.291,6,9,287299
0.291,6,9,37375.5
0.291,6,9,202425
0.291,6,9,159327
0.291,6,9,293516
0.291,6,9,6633.87
0.291,6,9,49763.5
0.291,6,9,14122.3
0.291,6,9,58523.7
0.291,6,9,56601.6
0.291,6,9,137466
0.291,6,9,39782
0.291,6,9,96017.6
0.291,6,9,95029.6
0.291,6,9,70494.3
0.291,6,9,57059.3
0.291,6,9,126215
0.291,6,9,115624
0.291,6,9,210901
0.291,6,9,48785.3
0.291,6,9,81641.3
0.291,6,9,203923
0.291,6,9,45717.3
0.291,6,9,52407.2
0.291,6,9,26631.9
0.291,6,9,6153.73
0.291,6,9,309102
0.291,6,9,71039.3
0.291,9,12,36707.4
0.291,9,12,50637.8
0.291,9,12,126792
0.291,9,12,557515
0.291,9,12,179107
0.291,9,12,194064
0.291,9,12,27696.2
0.291,9,12,125795
0.291,9,12,144382
0.291,9,12,162737
0.291,9,12,300178
0.291,9,12,130210
0.291,9,12,318731
0.291,9,12,2089.51
0.291,9,12,508003
0.291,9,12,50078.3
0.291,9,12,344893
0.291,9,12,28697.3
0.291,9,12,229316
0.291,9,12,64581.7
0.291,9,12,28678.9
0.291,9,12,370569
0.291,9,12,13279.7
0.291,9,12,519853
0.291,9,12,1.4679e+06
0.291,9,12,153615
0.291,9,12,84817.6
0.291,9,12,26773.5
0.291,9,12,52173
0.291,9,12,460442
0.291,9,12,275490
0.291,9,12,208106
0.291,9,12,76228.2
0.291,9,12,145827
0.291,9,12,174505
0.291,9,12,379009
0.291,9,12,25294.7
0.291,9,12,121568
0.291,9,12,99567
0.291,9,12,37266
0.291,9,12,13799.8
0.291,9,12,105986
0.291,9,12,95582.7
0.291,9,12,96046.9
0.291,9,12,469846
0.291,9,12,208249
0.291,9,12,50378
0.291,9,12,292911
0.291,9,12,225569
0.291,9,12,257318
0.291,9,12,408962
0.291,9,12,168705
0.291,9,12,117662
0.291,9,12,58846.3
0.291,9,12,26504.7
0.291,9,12,62889.6
0.291,9,12,227668
0.291,9,12,160471
0.291,9,12,93842
0.291,9,12,31594.9
0.291,9,12,224765
0.291,9,12,104416
0.291,9,12,172266
0.291,9,12,109843
0.291,9,12,422520
0.291,9,12,138230
0.291,9,12,566218
0.291,9,12,16694.2
0.291,9,12,75278.9
0.291,9,12,14159.8
0.291,9,12,18709.3
0.291,9,12,56182.4
0.291,9,12,272375
0.291,9,12,141813
0.291,9,12,79863.7
0.291,9,12,725385
0.291,9,12,125062
0.291,9,12,95291.2
0.291,9,12,413317
0.291,9,12,18739.6
0.291,9,12,255385
0.291,9,12,102528
0.291,9,12,74934
0.291,9,12,33173.9
0.291,9,12,149685
0.291,9,12,47898.2
0.291,9,12,106128
0.291,9,12,33709.1
0.291,9,12,290045
0.291,9,12,588371
0.291,9,12,72847.6
0.291,9,12,616812
0.291,9,12,58416.3
0.291,9,12,194927
0.291,9,12,116331
0.291,9,12,140625
0.291,9,12,442977
0.291,9,12,346081
0.291,9,12,617413
0.291,9,12,124464
0.291,9,12,11913.7
0.291,9,12,234160
0.291,9,12,203165
0.291,9,12,257420
0.291,9,12,56032.8
0.291,9,12,351505
0.291,9,12,7321.56
0.291,9,12,20516.3
0.291,9,12,24396.1
0.291,9,12,230474
0.291,9,12,56934.3
0.291,9,12,570169
0.291,9,12,331431
0.291,9,12,514756
0.291,9,12,297425
0.291,9,12,30319.2
0.291,9,12,56350.2
0.291,9,12,278898
0.291,9,12,532195
0.291,9,12,89126
0.291,9,12,67486.9
0.291,9,12,670753
0.291,9,12,72268.3
0.291,9,12,8743.07
0.291,9,12,20300.6
0.291,9,12,702971
0.291,9,12,379162
0.291,9,12,183607
0.291,9,12,1.17279e+06
0.291,9,12,288362
0.291,9,12,187293
0.291,9,12,166561
0.291,9,12,405595
0.291,9,12,148969
0.291,9,12,52856.7
0.291,9,12,14874.5
0.291,9,12,14368
0.291,9,12,86444
0.291,9,12,164197
0.291,9,12,47554.4
0.291,9,12,115872
0.291,9,12,98096.3
0.291,9,12,66311.7
0.291,9,12,22313
0.291,9,12,12824.9
0.291,9,12,16365.8
0.291,9,12,192243
0.291,9,12,75464.7
0.291,9,12,24890.8
0.291,9,12,308157
0.291,9,12,251702
0.291,9,12,59076.4
0.291,9,12,43352.4
0.291,9,12,178372
0.291,9,12,68932.1
0.291,9,12,238437
0.291,9,12,69168.1
0.291,9,12,31244.4
0.291,9,12,17079.5
0.291,9,12,36310.7
0.291,9,12,97333.9
0.291,9,12,78377.6
0.291,9,12,23927.6
0.291,9,12,50230.2
0.291,9,12,4282.82
0.291,9,12,287543
0.291,9,12,138179
0.291,9,12,71177.7
0.291,9,12,12534.4
0.291,9,12,161920
0.291,9,12,40179
0.291,9,12,108530
0.291,9,12,26606.7
0.291,9,12,29174.7
0.291,9,12,86467.6
0.291,9,12,83437.7
0.291,9,12,63600
0.291,9,12,48388
0.291,9,12,7554.8
0.291,9,12,597343
0.291,9,12,211921
0.291,9,12,73896.1
0.291,9,12,481061
0.291,9,12,73557.6
0.291,9,12,229197
0.291,9,12,199304
0.291,9,12,40046.9
0.291,9,12,372188
0.291,9,12,185902
0.291,9,12,419353
0.291,9,12,38511.8
0.291,9,12,55879.9
0.291,9,12,149421
0.291,9,12,513089
0.291,9,12,14321.6
0.291,9,12,58360.1
0.291,9,12,81163.5
0.291,9,12,450884
0.291,9,12,116924
0.291,9,12,28503.9
0.291,9,12,347229
0.291,9,12,168081
0.291,9,12,491160
0.291,9,12,234844
0.291,9,12,124956
0.291,9,12,7293.1
0.291,9,12,427172
0.291,9,12,7559.8
0.291,9,12,24967.3
0.291,9,12,44232.1
0.291,9,12,123608
0.291,9,12,189563
0.291,9,12,136739
0.291,9,12,113744
0.291,9,12,135368
0.291,9,12,732014
0.291,9,12,311505
0.291,9,12,393360
0.291,9,12,182925
0.291,9,12,172464
0.291,9,12,286604
0.291,9,12,93203.1
0.291,9,12,64276.1
0.291,9,12,187005
0.291,9,12,168089
0.291,9,12,333772
0.291,9,12,26130.8
0.291,9,12,189768
0.291,9,12,103706
0.291,9,12,341840
0.291,9,12,280822
0.291,9,12,165676
0.291,9,12,118084
0.291,9,12,71661.6
0.291,9,12,51279
0.291,9,12,100991
0.291,9,12,95085.7
0.291,9,12,25234.4
0.291,9,12,8907.29
0.291,9,12,34114.1
0.291,9,12,159287
0.291,9,12,125243
0.291,9,12,39875.2
0.291,9,12,701035
0.291,9,12,28392.5
0.291,9,12,266599
0.291,9,12,31736.5
0.291,9,12,5945.24
0.291,9,12,288594
0.291,9,12,107953
0.291,9,12,122418
0.291,9,12,494418
0.291,9,12,54594.3
0.291,9,12,55291.5
0.291,9,12,33389.5
0.291,9,12,137280
0.291,9,12,186107
0.291,9,12,164495
0.291,9,12,289861
0.291,9,12,683203
0.291,9,12,501221
0.291,9,12,348386
0.291,9,12,311021
0.291,9,12,308306
0.291,9,12,408375
0.291,9,12,7185.64
0.291,9,12,10127.6
0.291,9,12,16309
0.291,9,12,75713.2
0.291,9,12,206197
0.291,9,12,185402
0.291,9,12,58778.4
0.291,9,12,52086.6
0.291,9,12,184601
0.291,9,12,113417
0.291,9,12,24018.2
0.291,9,12,113893
0.291,9,12,125909
0.291,9,12,87586.3
0.291,9,12,849818
0.291,9,12,25874.6
0.291,9,12,50820.1
0.291,9,12,301073
0.291,9,12,146865
0.291,9,12,419894
0.291,9,12,49117.9
0.291,9,12,235021
0.291,9,12,111183
0.291,9,12,56292.3
0.291,9,12,228948
0.291,9,12,66327.6
0.291,9,12,2706.32
0.291,9,12,92245.7
0.291,9,12,273831
0.291,9,12,180539
0.291,9,12,541718
0.291,9,12,106398
0.291,9,12,396612
0.291,9,12,79639.6
0.291,9,12,108838
0.291,9,12,130635
0.291,9,12,1.02497e+06
0.291,9,12,24958.7
0.291,9,12,373203
0.291,9,12,433143
0.291,9,12,171747
0.291,9,12,189801
0.291,9,12,14939.3
0.291,9,12,142089
0.291,9,12,125774
0.291,9,12,566427
0.291,9,12,54467
0.291,9,12,286337
0.291,9,12,247591
0.291,9,12,387587
0.291,9,12,113935
0.291,9,12,59736.1
0.291,9,12,8903.42
0.291,9,12,76136.7
0.291,9,12,191289
0.291,9,12,140443
0.291,9,12,269014
0.291,9,12,274772
0.291,9,12,198729
0.291,9,12,140561
0.291,9,12,78533.4
0.291,9,12,268655
0.291,9,12,175428
0.291,9,12,23068.3
0.291,9,12,183696
0.291,9,12,6682.31
0.291,9,12,109273
0.291,9,12,493279
0.291,9,12,449662
0.291,9,12,140176
0.291,9,12,5325.07
0.291,9,12,175012
0.291,9,12,88952
0.291,9,12,79036.1
0.291,9,12,60821.2
0.291,9,12,92369.6
0.291,9,12,56858.6
0.291,9,12,232606
0.291,9,12,239610
0.291,9,12,238647
0.291,9,12,239447
0.291,9,12,35678
0.291,9,12,331359
0.291,9,12,419430
0.291,9,12,456690
0.291,9,12,279862
0.291,9,12,122459
0.291,9,12,1.07467e+06
0.291,9,12,254679
0.291,9,12,166973
0.291,9,12,222471
0.291,9,12,6895.99
0.291,9,12,158923
0.291,9,12,11614.1
0.291,9,12,358297
0.291,9,12,365260
0.291,9,12,36627
0.291,9,12,356270
0.291,9,12,34038.5
0.291,9,12,142388
0.291,9,12,749596
0.291,9,12,24222.1
0.291,9,12,62812.2
0.291,9,12,115531
0.291,9,12,519333
0.291,9,12,154292
0.291,9,12,447701
0.291,9,12,55450.7
0.291,9,12,228169
0.291,9,12,96139.6
0.291,9,12,74182.4
0.291,9,12,196226
0.291,9,12,408359
0.291,9,12,32585.8
0.291,9,12,154054
0.291,9,12,491896
0.291,9,12,59159.4
0.291,9,12,30339.1
0.291,9,12,3894.52
0.291,9,12,189189
0.291,9,12,72877
0.291,9,12,160279
0.291,9,12,27809.9
0.291,9,12,3337.54
0.291,9,12,49205
0.291,9,12,272903
0.291,9,12,123416
0.291,9,12,314864
0.291,9,12,117640
0.291,9,12,324014
0.291,9,12,156993
0.291,9,12,190363
0.291,9,12,84679.8
0.291,9,12,124447
0.291,9,12,143501
0.291,9,12,136778
0.291,9,12,318799
0.291,9,12,4036.35
0.291,9,12,500426
0.291,9,12,30263.4
0.291,9,12,30136.6
0.291,9,12,185954
0.291,9,12,12223.8
0.291,9,12,207799
0.291,9,12,98494.2
0.291,9,12,141954
0.291,9,12,201829
0.291,9,12,30799.1
0.291,9,12,24510.2
0.291,9,12,384778
0.291,9,12,447077
0.291,9,12,52019.3
0.291,9,12,90960.5
0.291,9,12,72721.6
0.291,9,12,227624
0.291,9,12,131117
0.291,9,12,198999
0.291,9,12,123198
0.291,9,12,61402.5
0.291,9,12,46870.8
0.291,9,12,86905.7
0.291,9,12,164236
0.291,9,12,85672.8
0.291,9,12,21761.4
0.291,9,12,468073
0.291,9,12,399277
0.291,9,12,38533.1
0.291,9,12,85816.5
0.291,9,12,60303
0.291,9,12,28679.9
0.291,9,12,20412.2
0.291,9,12,5448.05
0.291,9,12,581926
0.291,9,12,87346.5
0.291,9,12,263499
0.291,9,12,12273.9
0.291,9,12,659862
0.291,9,12,129466
0.291,9,12,11352.1
0.291,9,12,223379
0.291,9,12,82994.8
0.291,9,12,14828.5
0.291,9,12,85517
0.291,9,12,56686.6
0.291,9,12,60476.7
0.291,9,12,216693
0.291,9,12,147321
0.291,9,12,32136.6
0.291,9,12,234856
0.291,9,12,204953
0.291,9,12,81376.8
0.291,9,12,312427
0.291,9,12,18021.7
0.291,9,12,132606
0.291,9,12,5552.19
0.291,9,12,16526.8
0.291,9,12,36084.4
0.291,9,12,64001.5
0.291,9,12,34710.6
0.291,9,12,110195
0.291,9,12,234427
0.291,9,12,557904
0.291,9,12,141732
0.291,9,12,172827
0.291,9,12,308750
0.291,9,12,103206
0.291,9,12,379932
0.291,9,12,142469
0.291,9,12,505604
0.291,9,12,89577.5
0.291,9,12,271275
0.291,9,12,20853.6
0.291,9,12,167252
0.291,9,12,213618
0.291,9,12,263211
0.291,9,12,16550.1
0.291,9,12,35963.1
0.291,9,12,11550
0.291,9,12,29992.3
0.291,9,12,524502
0.291,9,12,40383.3
0.291,9,12,25817.7
0.291,9,12,100126
0.291,9,12,277927
0.291,9,12,33238.5
0.291,9,12,291299
0.291,9,12,128054
0.291,9,12,80623.2
0.291,9,12,3253.87
0.291,9,12,208888
0.291,9,12,444364
0.291,9,12,431900
0.291,9,12,24464.4
0.291,9,12,72858.4
0.291,9,12,109184
0.291,9,12,291159
0.291,9,12,63328.5
0.291,9,12,324100
0.291,9,12,154485
0.291,9,12,17919.9
0.291,9,12,249513
0.291,9,12,164485
0.291,9,12,20333.9
0.291,9,12,498066
0.291,9,12,8585.4
0.291,9,12,260447
0.291,9,12,89639.3
0.291,9,12,38092.2
0.291,9,12,388406
0.291,9,12,6488.77
0.291,9,12,232944
0.291,9,12,13874.3
0.291,9,12,123979
0.291,9,12,178588
0.291,9,12,16580
0.291,9,12,672427
0.291,9,12,4409.2
0.291,9,12,134601
0.291,9,12,32299.2
0.291,9,12,11459.8
0.291,9,12,64195.9
0.291,9,12,44297.3
0.291,9,12,250317
0.291,9,12,70424
0.291,9,12,457785
0.291,9,12,430122
0.291,9,12,103826
0.291,9,12,12488.8
0.291,9,12,130652
0.291,9,12,49706.2
0.291,9,12,371380
0.291,9,12,34734.1
0.291,9,12,184006
0.291,9,12,56331.8
0.291,9,12,426635
0.291,9,12,56847.4
0.291,9,12,35346.4
0.291,9,12,97325.9
0.291,9,12,95366
0.291,9,12,146613
0.291,9,12,79919.8
0.291,9,12,119202
0.291,9,12,16519.6
0.291,9,12,19245.3
0.291,9,12,73217.8
0.291,9,12,205842
0.291,9,12,119858
0.291,9,12,108818
0.291,9,12,131511
0.291,9,12,76611.7
0.291,9,12,325892
0.291,9,12,59224.7
0.291,9,12,30304.8
0.291,9,12,148708
0.291,9,12,682976
0.291,9,12,99884.6
0.291,9,12,41817.2
0.291,9,12,305700
0.291,9,12,56044.8
0.291,9,12,10139.2
0.291,9,12,398222
0.291,9,12,63238.6
0.291,9,12,44359.2
0.291,9,12,453465
0.291,9,12,218436
0.291,9,12,44171.1
0.291,9,12,5046.87
0.291,9,12,162500
0.291,9,12,103343
0.291,9,12,184002
0.291,9,12,425345
0.291,9,12,12148
0.291,9,12,76954.4
0.291,9,12,430426
0.291,9,12,213387
0.291,9,12,17732.9
0.291,9,12,110954
0.291,9,12,90521.6
0.291,9,12,91360.4
0.291,9,12,218603
0.291,9,12,26576.8
0.291,9,12,424457
0.291,9,12,89192.9
0.291,9,12,133728
0.291,9,12,112363
0.291,9,12,8296.43
0.291,9,12,44200.7
0.291,9,12,139415
0.291,9,12,115070
0.291,9,12,202824
0.291,9,12,567687
0.291,9,12,35199.6
0.291,9,12,23245.5
0.291,9,12,224766
0.291,9,12,105574
0.291,9,12,469828
0.291,9,12,55812.7
0.291,9,12,483174
0.291,9,12,186043
0.291,9,12,62717.5
0.291,9,12,47383
0.291,9,12,677781
0.291,9,12,234514
0.291,9,12,183428
0.291,9,12,265867
0.291,9,12,101957
0.291,9,12,149250
0.291,9,12,259192
0.291,9,12,198307
0.291,9,12,160123
0.291,9,12,2705.82
0.291,9,12,449815
0.291,9,12,118235
0.291,9,12,164538
0.291,9,12,506848
0.291,9,12,57611.4
0.291,9,12,674695
0.291,9,12,875.032
0.291,9,12,104220
0.291,9,12,60847.3
0.291,9,12,147712
0.291,9,12,103281
0.291,9,12,36793.9
0.291,9,12,334900
0.291,9,12,553413
0.291,9,12,817225
0.291,9,12,370519
0.291,9,12,39083.4
0.291,9,12,25941.7
0.291,9,12,62639.5
0.291,9,12,161543
0.291,9,12,119298
0.291,9,12,52974.2
0.291,9,12,70500.3
0.291,9,12,898068
0.291,9,12,257663
0.291,9,12,398218
0.291,9,12,158950
0.291,9,12,4503.06
0.291,9,12,178014
0.291,9,12,82280.6
0.291,9,12,375574
0.291,9,12,596047
0.291,9,12,329907
0.291,9,12,188464
0.291,9,12,10301.5
0.291,9,12,15754.6
0.291,9,12,339495
0.291,9,12,264969
0.291,9,12,133330
0.291,9,12,9512.85
0.291,9,12,152687
0.291,9,12,20400.5
0.291,9,12,141406
0.291,9,12,505706
0.291,9,12,137188
0.291,9,12,71517.7
0.291,9,12,127539
0.291,9,12,198029
0.291,9,12,107396
0.291,9,12,320978
0.291,9,12,242708
0.291,9,12,34553.1
0.291,9,12,279655
0.291,9,12,155086
0.291,9,12,6884.58
0.291,9,12,608022
0.291,9,12,301295
0.291,9,12,114475
0.291,9,12,157359
0.291,9,12,228917
0.291,9,12,104447
0.291,9,12,168158
0.291,9,12,40000.8
0.291,9,12,52898.9
0.291,9,12,112153
0.291,9,12,386288
0.291,9,12,328891
0.291,9,12,370882
0.291,9,12,99443.9
0.291,9,12,197214
0.291,9,12,62931.1
0.291,9,12,74911.5
0.291,9,12,105965
0.291,9,12,246657
0.291,9,12,11447.7
0.291,9,12,70231.2
0.291,9,12,644446
0.291,9,12,54622.5
0.291,9,12,399026
0.291,9,12,99205.5
0.291,9,12,571603
0.291,9,12,125974
0.291,9,12,8447.47
0.291,9,12,81288.2
0.291,9,12,20660.5
0.291,9,12,31066.1
0.291,9,12,329960
0.291,9,12,168056
0.291,9,12,99831.7
0.291,9,12,399460
0.291,9,12,611321
0.291,9,12,83594.5
0.291,9,12,539609
0.291,9,12,483708
0.291,9,12,142000
0.291,9,12,242722
0.291,9,12,562388
0.291,9,12,224995
0.291,9,12,56176.9
0.291,9,12,14333.8
0.291,9,12,109076
0.291,9,12,86107.5
0.291,9,12,83836.7
0.291,9,12,74473.3
0.291,9,12,49459.3
0.291,9,12,154959
0.291,9,12,25124.7
0.291,9,12,397012
0.291,9,12,32560.6
0.291,9,12,150002
0.291,9,12,368728
0.291,9,12,306155
0.291,9,12,10053
0.291,9,12,340117
0.291,9,12,728781
0.291,9,12,161424
0.291,9,12,18940
0.291,9,12,77921.3
0.291,9,12,107548
0.291,9,12,14307.3
0.291,9,12,62822.7
0.291,9,12,59250.1
0.291,9,12,618681
0.291,9,12,294656
0.291,9,12,158638
0.291,9,12,18245.6
0.291,9,12,167605
0.291,9,12,542404
0.291,9,12,63349.3
0.291,9,12,100363
0.291,9,12,266570
0.291,9,12,393880
0.291,9,12,75190
0.291,9,12,140162
0.291,9,12,141151
0.291,9,12,115771
0.291,9,12,209612
0.291,9,12,68372.9
0.291,9,12,50235.2
0.291,9,12,209226
0.291,9,12,235312
0.291,9,12,100372
0.291,9,12,42694
0.291,9,12,432218
0.291,9,12,155827
0.291,9,12,595681
0.291,9,12,119645
0.291,9,12,212487
0.291,9,12,301261
0.291,9,12,279944
0.291,9,12,128364
0.291,9,12,162205
0.291,9,12,285919
0.291,9,12,42092
0.291,9,12,264183
0.291,9,12,450.187
0.291,9,12,28337.2
0.291,9,12,149680
0.291,9,12,45509.5
0.291,9,12,827066
0.291,9,12,209159
0.291,9,12,180448
0.291,9,12,582781
0.291,9,12,101603
0.291,9,12,757089
0.291,9,12,246656
0.291,9,12,45734.7
0.291,9,12,319420
0.291,9,12,188441
0.291,9,12,55282.5
0.291,9,12,294819
0.291,9,12,43909.7
0.291,9,12,243083
0.291,9,12,993.453
0.291,9,12,103330
0.291,9,12,537870
0.291,9,12,300733
0.291,9,12,6799.88
0.291,9,12,91537.1
0.291,9,12,42366.2
0.291,9,12,161099
0.291,9,12,37277.9
0.291,9,12,15516
0.291,9,12,84299.5
0.291,9,12,90670.2
0.291,9,12,23081.5
0.291,9,12,701511
0.291,9,12,47979.5
0.291,9,12,58573.8
0.291,9,12,139509
0.291,9,12,886993
0.291,9,12,672335
0.291,9,12,187018
0.291,9,12,59177.3
0.291,9,12,178943
0.291,9,12,398605
0.291,9,12,36300.4
0.291,9,12,98231.2
0.291,9,12,337369
0.291,9,12,252314
0.291,9,12,315587
0.291,9,12,448581
0.291,9,12,194111
0.291,9,12,249599
0.291,9,12,315101
0.291,9,12,451749
0.291,9,12,298292
0.291,9,12,99108.4
0.291,9,12,369150
0.291,9,12,17489.7
0.291,9,12,2716.99
0.291,9,12,118658
0.291,9,12,162402
0.291,9,12,41954.4
0.291,9,12,20028.6
0.291,9,12,241377
0.291,9,12,181510
0.291,9,12,75471.7
0.291,9,12,210833
0.291,9,12,309212
0.291,9,12,21094.8
0.291,9,12,329991
0.291,9,12,156742
0.291,9,12,601639
0.291,9,12,51175
0.291,9,12,44901.3
0.291,9,12,495346
0.291,9,12,331152
0.291,9,12,57689.2
0.291,9,12,246148
0.291,9,12,227886
0.291,9,12,220547
0.291,9,12,210984
0.291,9,12,69301.6
0.291,9,12,73252.3
0.291,9,12,6053.76
0.291,9,12,76135.1
0.291,9,12,70011.9
0.291,9,12,546279
0.291,9,12,976947
0.291,9,12,263767
0.291,9,12,21978.3
0.291,9,12,145966
0.291,9,12,427503
0.291,9,12,37112.8
0.291,9,12,190037
0.291,9,12,233152
0.291,9,12,29800.1
0.291,9,12,11443
0.291,9,12,113469
0.291,9,12,184698
0.291,9,12,86189.7
0.291,9,12,364995
0.291,9,12,127318
0.291,9,12,677602
0.291,9,12,94991.1
0.291,9,12,270130
0.291,9,12,500188
0.291,9,12,235510
0.291,9,12,118385
0.291,9,12,33683.4
0.291,9,12,2903.5
0.291,9,12,131361
0.291,9,12,27307.7
0.291,9,12,391292
0.291,9,12,54875
0.291,9,12,43197.2
0.291,9,12,2630.35
0.291,9,12,332356
0.291,9,12,114255
0.291,9,12,30311.1
0.291,9,12,75423
0.291,9,12,194836
0.291,9,12,3948.07
0.291,9,12,220234
0.291,9,12,106854
0.291,9,12,119057
0.291,9,12,137341
0.291,9,12,757893
0.291,9,12,190135
0.291,9,12,334083
0.291,9,12,30149.1
0.291,9,12,96364.9
0.291,9,12,109243
0.291,9,12,98589.3
0.291,9,12,347538
0.291,9,12,70898.4
0.291,9,12,581927
0.291,9,12,10391.4
0.291,9,12,311170
0.291,9,12,183506
0.291,9,12,94487.3
0.291,9,12,220738
0.291,9,12,130763
0.291,9,12,101037
0.291,9,12,319365
0.291,9,12,80751.5
0.291,9,12,839431
0.291,9,12,464561
0.291,9,12,154343
0.291,9,12,867153
0.291,9,12,9846.93
0.291,9,12,20191.6
0.291,9,12,44969.7
0.291,9,12,345279
0.291,9,12,167121
0.291,9,12,16113
0.291,9,12,443412
0.291,9,12,21881.2
0.291,9,12,17371.5
0.291,9,12,167057
0.291,9,12,209429
0.291,9,12,358844
0.291,9,12,317196
0.291,9,12,269647
0.291,9,12,56433.1
0.291,9,12,15566.3
0.291,9,12,103543
0.291,9,12,290502
0.291,9,12,63021.9
0.291,9,12,397058
0.291,9,12,6138.9
0.291,9,12,289915
0.291,9,12,117342
0.291,9,12,32295.1
0.291,9,12,314960
0.291,9,12,304806
0.291,9,12,289961
0.291,9,12,3708.61
0.291,9,12,12516.8
0.291,9,12,68883.6
0.291,9,12,76702.3
0.291,9,12,112511
0.291,9,12,61589
0.291,9,12,50429.1
0.291,9,12,257792
0.291,9,12,119358
0.291,9,12,172200
0.291,9,12,165933
0.291,9,12,232196
0.291,9,12,18261.1
0.291,9,12,90041.5
0.291,9,12,138393
0.291,9,12,671758
0.291,9,12,1186
0.291,9,12,42062.8
0.291,9,12,48381.1
0.291,9,12,52187
0.291,9,12,122023
0.291,9,12,633935
0.291,9,12,309587
0.291,9,12,91355.5
0.291,9,12,3013.02
0.291,9,12,57462.3
0.291,9,12,10637.1
0.291,9,12,5311.73
0.291,9,12,350581
0.291,9,12,6254.78
0.291,9,12,28329.8
0.291,9,12,70261
0.291,9,12,4251.49
0.291,9,12,59220.4
0.291,9,12,890919
0.291,9,12,138182
0.291,9,12,227411
0.291,9,12,410171
0.291,9,12,665122
0.291,9,12,25289.1
0.291,9,12,184787
0.291,9,12,184009
0.291,9,12,7005.53
0.291,9,12,469183
0.291,9,12,590118
0.291,9,12,21529.2
0.291,9,12,262307
0.291,9,12,28597.8
0.291,9,12,347862
0.291,9,12,37041.4
0.291,9,12,10063
0.291,9,12,95312.1
0.291,9,12,142671
0.291,9,12,32934.3
0.291,9,12,249827
0.291,9,12,6122.23
0.291,9,12,33032.8
0.291,9,12,32928.3
0.291,9,12,2759.95
0.291,9,12,20750.6
0.291,9,12,33138.5
0.291,9,12,89097.7
0.291,9,12,63278.7
0.291,9,12,153331
0.291,9,12,555815
0.291,9,12,297949
0.291,9,12,286033
0.291,9,12,7577.84
0.291,9,12,96628.5
0.291,9,12,10363.1
0.291,9,12,236550
0.291,9,12,258780
0.291,9,12,437118
0.291,9,12,256896
0.291,9,12,446089
0.291,9,12,111936
0.291,9,12,76641.1
0.291,9,12,576679
0.291,9,12,449906
0.291,9,12,521271
0.291,9,12,215049
0.291,9,12,223724
0.291,9,12,656568
0.291,9,12,53938.7
0.291,9,12,419223
0.291,9,12,81651.8
0.291,9,12,27608.8
0.291,9,12,403691
0.291,9,12,27086.5
0.291,9,12,60073.1
0.291,9,12,31819.1
0.291,9,12,742017
0.291,9,12,43807.6
0.291,9,12,170321
0.291,9,12,188532
0.291,9,12,46732.3
0.291,9,12,265911
0.291,9,12,388088
0.291,9,12,148678
0.291,9,12,103384
0.291,9,12,136918
0.291,9,12,112871
0.291,9,12,328464
0.291,9,12,98226.8
0.291,9,12,15397.4
0.291,9,12,261198
0.291,9,12,205674
0.291,9,12,9760.16
0.291,9,12,208157
0.291,9,12,23557.1
0.291,9,12,286760
0.291,9,12,105183
0.291,9,12,93768.7
0.291,9,12,48581.9
0.291,9,12,74587.4
0.291,9,12,163916
0.291,9,12,4730.36
0.291,9,12,34841.5
0.291,9,12,9876.7
0.291,9,12,363482
0.291,9,12,133716
0.291,9,12,105076
0.291,9,12,56874.8
0.291,9,12,157493
0.291,9,12,604852
0.291,9,12,18496.6
0.291,9,12,58278.5
0.291,9,12,79366.8
0.291,9,12,305599
0.291,9,12,105397
0.291,9,12,145300
0.291,9,12,218174
0.291,9,12,264682
0.291,9,12,352283
0.291,9,12,231297
0.291,9,12,535733
0.291,9,12,93360.5
0.291,9,12,55554
0.291,9,12,31328
0.291,9,12,93195.9
0.291,9,12,24194.4
0.291,9,12,5897.07
0.291,9,12,26793.4
0.291,9,12,51480.3
0.291,9,12,38301.7
0.291,9,12,38971.6
0.291,9,12,11477.7
0.291,9,12,68380.8
0.291,9,12,3556.85
0.291,9,12,38946.7
0.291,9,12,63691.5
0.291,9,12,161621
0.291,9,12,201786
0.291,9,12,81126.1
0.291,9,12,530429
0.291,9,12,108521
0.291,9,12,193496
0.291,9,12,531001
0.291,9,12,244037
0.291,9,12,113647
0.291,9,12,239613
0.291,9,12,465084
0.291,9,12,110776
0.291,9,12,131085
0.291,9,12,157160
0.291,9,12,3729.51
0.291,9,12,43622.7
0.291,9,12,280695
0.291,9,12,66167
0.291,9,12,62206.9
0.291,9,12,184146
0.291,9,12,48574.5
0.291,9,12,107542
0.291,9,12,77501
0.291,9,12,314036
0.291,9,12,246250
0.291,9,12,249639
0.291,9,12,16908.5
0.291,9,12,172633
0.291,9,12,533596
0.291,9,12,99840.8
0.291,9,12,65189.3
0.291,9,12,110533
0.291,9,12,31000.3
0.291,9,12,331895
0.291,9,12,88560.6
0.291,9,12,41599.4
0.291,9,12,454.92
0.291,9,12,161994
0.291,9,12,448305
0.291,9,12,565724
0.291,9,12,66691.7
0.291,9,12,60155
0.291,9,12,264214
0.291,9,12,441344
0.291,9,12,358910
0.291,9,12,24863.4
0.291,9,12,555704
0.291,9,12,153069
0.291,9,12,222522
0.291,9,12,44770.7
0.291,9,12,447683
0.291,9,12,37472
0.291,9,12,368502
0.291,9,12,83924.9
0.291,9,12,181489
0.291,9,12,476921
0.291,9,12,25440.8
0.291,9,12,127627
0.291,9,12,131526
0.291,9,12,191057
0.291,9,12,93163.9
0.291,9,12,60952.2
0.291,9,12,217458
0.291,9,12,2736.74
0.291,9,12,180383
0.291,9,12,601188
0.291,9,12,20181
0.291,9,12,5724.55
0.291,9,12,25617
0.291,9,12,384669
0.291,9,12,101959
0.291,9,12,31776.9
0.291,9,12,112907
0.291,9,12,140950
0.291,9,12,354583
0.291,9,12,109074
0.291,9,12,471347
0.291,9,12,213309
0.291,9,12,4243.95
0.291,9,12,177799
0.291,9,12,35117.4
0.291,9,12,501737
0.291,9,12,206364
0.291,9,12,15434
0.291,9,12,66301.9
0.291,9,12,48294.5
0.291,9,12,47113.3
0.291,9,12,640322
0.291,9,12,52950.8
0.291,9,12,328257
0.291,9,12,185142
0.291,9,12,64430.4
0.291,9,12,93721.2
0.291,9,12,5315.77
0.291,9,12,236461
0.291,9,12,118006
0.291,9,12,62221.8
0.291,9,12,37850.5
0.291,9,12,9886.37
0.291,9,12,78596.8
0.291,9,12,306331
0.291,9,12,93732.1
0.291,9,12,176541
0.291,9,12,287211
0.291,9,12,32154.8
0.291,9,12,181617
0.291,9,12,32465.3
0.291,9,12,103824
0.291,9,12,537961
0.291,9,12,688727
0.291,9,12,95420.2
0.291,9,12,1.23023e+06
0.291,9,12,2496.33
0.291,9,12,356367
0.291,9,12,73356.2
0.291,9,12,43987.9
0.291,9,12,246188
0.291,9,12,109388
0.291,9,12,29718.1
0.291,9,12,308917
0.291,9,12,419555
0.291,9,12,3476.02
0.291,9,12,117826
0.291,9,12,304202
0.291,9,12,83135.4
0.291,9,12,6812.42
0.291,9,12,72561.4
0.291,9,12,57094.5
0.291,9,12,22662
0.291,9,12,60210.3
0.291,9,12,109087
0.291,9,12,558194
0.291,9,12,254814
0.291,9,12,72480.7
0.291,9,12,56038.7
0.291,9,12,321416
0.291,9,12,190544
0.291,9,12,57672.9
0.291,9,12,220013
0.291,9,12,34582.8
0.291,9,12,188416
0.291,9,12,213854
0.291,9,12,114994
0.291,9,12,8759.92
0.291,9,12,50025
0.291,9,12,159361
0.291,9,12,37045.9
0.291,9,12,35194.5
0.291,9,12,79501.5
0.291,9,12,137664
0.291,9,12,110877
0.291,9,12,62336.7
0.291,9,12,254254
0.291,9,12,399038
0.291,9,12,285641
0.291,9,12,235468
0.291,9,12,74699.7
0.291,9,12,205056
0.291,9,12,142641
0.291,9,12,61175
0.291,9,12,18908.4
0.291,9,12,37703.6
0.291,9,12,245493
0.291,9,12,142415
0.291,9,12,289026
0.291,9,12,57305.9
0.291,9,12,63573.2
0.291,9,12,729784
0.291,9,12,162506
0.291,9,12,52324.4
0.291,9,12,451837
0.291,9,12,422189
0.291,9,12,27207.7
0.291,9,12,40594.4
0.291,9,12,81841.3
0.291,9,12,72153.7
0.291,9,12,89183.7
0.291,9,12,1.00654e+06
0.291,9,12,28591
0.291,9,12,39905.4
0.291,9,12,116688
0.291,9,12,266637
0.291,9,12,331972
0.291,9,12,386283
0.291,9,12,55498.9
0.291,9,12,156177
0.291,9,12,133411
0.291,9,12,142816
0.291,9,12,35461.1
0.291,9,12,233618
0.291,9,12,311623
0.291,9,12,455375
0.291,9,12,73470
0.291,9,12,51143.9
0.291,9,12,94108.2
0.291,9,12,359801
0.291,9,12,396072
0.291,9,12,447145
0.291,9,12,33612.3
0.291,9,12,34259.7
0.291,9,12,548223
0.291,9,12,118606
0.291,9,12,105346
0.291,9,12,169373
0.291,9,12,46922.4
0.291,9,12,239805
0.291,9,12,133166
0.291,9,12,264446
0.291,9,12,44172
0.291,9,12,9374.09
0.291,9,12,28489.7
0.291,9,12,70763.3
0.291,9,12,19240.9
0.291,9,12,292606
0.291,9,12,37305.7
0.291,9,12,75767.6
0.291,9,12,36930.4
0.291,9,12,12454
0.291,9,12,213555
0.291,9,12,424640
0.291,9,12,156703
0.291,9,12,226990
0.291,9,12,542779
0.291,9,12,378128
0.291,9,12,150763
0.291,9,12,284628
0.291,9,12,89003.9
0.291,9,12,289627
0.291,9,12,743214
0.291,9,12,143895
0.291,9,12,56836.7
0.291,9,12,26597.9
0.291,9,12,152226
0.291,9,12,174801
0.291,9,12,16291
0.291,9,12,11913.8
0.291,9,12,391866
0.291,9,12,391712
0.291,9,12,110753
0.291,9,12,128281
0.291,9,12,510546
0.291,9,12,255146
0.291,9,12,28147
0.291,9,12,44371.6
0.291,9,12,60707.4
0.291,9,12,481086
0.291,9,12,73059.6
0.291,9,12,96510.5
0.291,9,12,112039
0.291,9,12,199531
0.291,9,12,118161
0.291,9,12,39320.5
0.291,9,12,49147.4
0.291,9,12,39025.7
0.291,9,12,532703
0.291,9,12,399222
0.291,9,12,281096
0.291,9,12,132391
0.291,9,12,453349
0.291,9,12,136095
0.291,9,12,18009.2
0.291,9,12,228597
0.291,9,12,39042.3
0.291,9,12,43211.5
0.291,9,12,188740
0.291,9,12,357628
0.291,9,12,10957.5
0.291,9,12,14285.5
0.291,9,12,101789
0.291,9,12,186463
0.291,9,12,41930.6
0.291,9,12,246035
0.291,9,12,112341
0.291,9,12,822.328
0.291,9,12,647244
0.291,9,12,293913
0.291,9,12,50641.4
0.291,9,12,4931.26
0.291,9,12,541919
0.291,9,12,263347
0.291,9,12,127437
0.291,9,12,6158.4
0.291,9,12,66109.6
0.291,9,12,261799
0.291,9,12,54828.9
0.291,9,12,113131
0.291,9,12,86528.8
0.291,9,12,276189
0.291,9,12,484576
0.291,9,12,336646
0.291,9,12,128550
0.291,9,12,141694
0.291,9,12,63988.5
0.291,9,12,30533.9
0.291,9,12,95148.6
0.291,9,12,113414
0.291,9,12,348739
0.291,9,12,267602
0.291,9,12,184090
0.291,9,12,48697.6
0.291,9,12,18642.1
0.291,9,12,328802
0.291,9,12,35285.1
0.291,9,12,85798.9
0.291,9,12,1955.43
0.291,9,12,84586.1
0.291,9,12,3741.62
0.291,9,12,38564.3
0.291,9,12,177652
0.291,9,12,198160
0.291,9,12,82291.8
0.291,9,12,17020.6
0.291,9,12,252158
0.291,9,12,58126.9
0.291,9,12,136825
0.291,9,12,116188
0.291,9,12,49122.2
0.291,9,12,78140.9
0.291,9,12,500207
0.291,9,12,561861
0.291,9,12,155931
0.291,9,12,419449
0.291,9,12,5906.84
0.291,9,12,130529
0.291,9,12,449698
0.291,9,12,637918
0.291,9,12,64117.1
0.291,9,12,130685
0.291,9,12,258402
0.291,9,12,72296
0.291,9,12,431458
0.291,9,12,541296
0.291,9,12,106442
0.291,9,12,585982
0.291,9,12,711018
0.291,9,12,313415
0.291,9,12,946670
0.291,9,12,42872.2
0.291,9,12,14706
0.291,9,12,118552
0.291,9,12,64837.7
0.291,9,12,150894
0.291,9,12,41385
0.291,9,12,511812
0.291,9,12,10626.4
0.291,9,12,114826
0.291,9,12,42129.8
0.291,9,12,93649
0.291,9,12,62215.8
0.291,9,12,34989.3
0.291,9,12,380444
0.291,9,12,8111.09
0.291,9,12,24736.8
0.291,9,12,119782
0.291,9,12,88623.6
0.291,9,12,242059
0.291,9,12,243018
0.291,9,12,580487
0.291,9,12,111913
0.291,9,12,180324
0.291,9,12,26053.4
0.291,9,12,81092.2
0.291,9,12,119834
0.291,9,12,242455
0.291,9,12,60233.5
0.291,9,12,520911
0.291,9,12,163999
0.291,9,12,15251.8
0.291,9,12,207510
0.291,9,12,39367.3
0.291,9,12,376055
0.291,9,12,99816
0.291,9,12,263166
0.291,9,12,151064
0.291,9,12,22493
0.291,9,12,406862
0.291,9,12,146732
0.291,9,12,156028
0.291,9,12,181590
0.291,9,12,64882.4
0.291,9,12,183305
0.291,9,12,426411
0.291,9,12,21284.5
0.291,9,12,1.01504e+06
0.291,9,12,91800.2
0.291,9,12,29943.9
0.291,9,12,197112
0.291,9,12,38155.8
0.291,9,12,184079
0.291,9,12,629351
0.291,9,12,98952.6
0.291,9,12,91327.8
0.291,9,12,337277
0.291,9,12,787897
0.291,9,12,213021
0.291,9,12,456839
0.291,9,12,86201.2
0.291,9,12,554762
0.291,9,12,713994
0.291,9,12,173708
0.291,9,12,43297.1
0.291,9,12,59896.8
0.291,9,12,19817.7
0.291,9,12,116272
0.291,9,12,795254
0.291,9,12,69435.9
0.291,9,12,42412.1
0.291,9,12,93804.9
0.291,9,12,712.45
0.291,9,12,44038
0.291,9,12,25034.6
0.291,9,12,134315
0.291,9,12,278052
0.291,9,12,83707.3
0.291,9,12,67108.2
0.291,9,12,125706
0.291,9,12,6240.15
0.291,9,12,52376.9
0.291,9,12,61318
0.291,9,12,13384.2
0.291,9,12,94891.4
0.291,9,12,212353
0.291,9,12,388033
0.291,9,12,177941
0.291,9,12,254921
0.291,9,12,494117
0.291,9,12,71620
0.291,9,12,67905.9
0.291,9,12,371738
0.291,9,12,259291
0.291,9,12,711944
0.291,9,12,1052.47
0.291,9,12,75091.4
0.291,9,12,569235
0.291,9,12,163867
0.291,9,12,50484.7
0.291,9,12,117941
0.291,9,12,388763
0.291,9,12,133137
0.291,9,12,300996
0.291,9,12,133600
0.291,9,12,376884
0.291,9,12,143454
0.291,9,12,205390
0.291,9,12,20517.4
0.291,9,12,187425
0.291,9,12,28243.2
0.291,9,12,203040
0.291,9,12,154008
0.291,9,12,111821
0.291,9,12,103699
0.291,9,12,3492.95
0.291,9,12,487624
0.291,9,12,122875
0.291,9,12,38171.2
0.291,9,12,17040.5
0.291,9,12,9965.99
0.291,9,12,22642.6
0.291,9,12,71818.3
0.291,9,12,192467
0.291,9,12,59517.4
0.291,9,12,90671.8
0.291,9,12,1.12712e+06
0.291,9,12,70530.3
0.291,9,12,207829
0.291,9,12,462910
0.291,9,12,61564.9
0.291,9,12,8149.69
0.291,9,12,339473
0.291,9,12,75813.5
0.291,9,12,247696
0.291,9,12,380351
0.291,9,12,382788
0.291,9,12,125904
0.291,9,12,414543
0.291,9,12,23727.9
0.291,9,12,184570
0.291,9,12,66905.3
0.291,9,12,442229
0.291,9,12,236712
0.291,9,12,370135
0.291,9,12,462333
0.291,9,12,52231.5
0.291,9,12,60483.9
0.291,9,12,36068
0.291,9,12,571504
0.291,9,12,554402
0.291,9,12,486287
0.291,9,12,230934
0.291,9,12,94647.9
0.291,9,12,58387.4
0.291,9,12,110463
0.291,9,12,204259
0.291,9,12,246941
0.291,9,12,52983.5
0.291,9,12,57818
0.291,9,12,180333
0.291,9,12,389700
0.291,9,12,347578
0.291,9,12,51009.4
0.291,9,12,277003
0.291,9,12,775997
0.291,9,12,72482
0.291,9,12,135024
0.291,9,12,173489
0.291,9,12,171939
0.291,9,12,295295
0.291,9,12,198351
0.291,9,12,30392.5
0.291,9,12,385364
0.291,9,12,14855.4
0.291,9,12,116658
0.291,9,12,14035.2
0.291,9,12,649525
0.291,9,12,407501
0.291,9,12,90467.2
0.291,9,12,29164.2
0.291,9,12,82434
0.291,9,12,63618.9
0.291,9,12,210998
0.291,9,12,84804.4
0.291,9,12,352769
0.291,9,12,17455.2
0.291,9,12,65472.1
0.291,9,12,9394.93
0.291,9,12,169496
0.291,9,12,137712
0.291,9,12,27673.5
0.291,9,12,453890
0.291,9,12,415029
0.291,9,12,108255
0.291,9,12,31106.2
0.291,9,12,1.02214e+06
0.291,9,12,287925
0.291,9,12,106548
0.291,9,12,705710
0.291,9,12,32120.4
0.291,9,12,70963.3
0.291,9,12,44885.4
0.291,9,12,335257
0.291,9,12,152554
0.291,9,12,449840
0.291,9,12,264074
0.291,9,12,351490
0.291,9,12,291752
0.291,9,12,34586.7
0.291,9,12,172605
0.291,9,12,166193
0.291,9,12,8143.38
0.291,9,12,346646
0.291,9,12,154445
0.291,9,12,384355
0.291,9,12,283726
0.291,9,12,345037
0.291,9,12,5459.2
0.291,9,12,1.09943e+06
0.291,9,12,85593.1
0.291,9,12,178237
0.291,9,12,51914.6
0.291,9,12,50647.3
0.291,9,12,451699
0.291,9,12,182615
0.291,9,12,87431.1
0.291,9,12,168509
0.291,9,12,113522
0.291,9,12,404949
0.291,9,12,566861
0.291,9,12,164709
0.291,9,12,614452
0.291,9,12,147784
0.291,9,12,27620.3
0.291,9,12,24906.7
0.291,9,12,59662.5
0.291,9,12,592027
0.291,9,12,88035.6
0.291,9,12,67079.3
0.291,9,12,836676
0.291,9,12,6023.47
0.291,9,12,423919
0.291,9,12,413278
0.291,9,12,8014.38
0.291,9,12,228234
0.291,9,12,5213.3
0.291,9,12,11736.2
0.291,9,12,41362.3
0.291,9,12,9762.23
0.291,9,12,261373
0.291,9,12,14867.9
0.291,9,12,269077
0.291,9,12,37932
0.291,9,12,290723
0.291,9,12,161814
0.291,9,12,132581
0.291,9,12,174033
0.291,9,12,6470.67
0.291,9,12,229250
0.291,9,12,285274
0.291,9,12,221675
0.291,9,12,54290.9
0.291,9,12,63130.5
0.291,9,12,119525
0.291,9,12,7142.75
0.291,9,12,70139.7
0.291,9,12,142652
0.291,9,12,186426
0.291,9,12,69691.4
0.291,9,12,133450
0.291,9,12,9542.66
0.291,9,12,237163
0.291,9,12,163972
0.291,9,12,541508
0.291,9,12,96580.2
0.291,9,12,473140
0.291,9,12,233764
0.291,9,12,101659
0.291,9,12,323982
0.291,9,12,416908
0.291,9,12,80567.7
0.291,9,12,22254.9
0.291,9,12,41117.7
0.291,9,12,315192
0.291,9,12,105007
0.291,9,12,48775.3
0.291,9,12,223860
0.291,9,12,278911
0.291,9,12,54024.4
0.291,9,12,116901
0.291,9,12,80957.4
0.291,9,12,406710
0.291,9,12,359177
0.291,9,12,48754.7
0.291,9,12,162052
0.291,9,12,634175
0.291,9,12,406599
0.291,9,12,151886
0.291,9,12,64441.1
0.291,9,12,85667.6
0.291,9,12,179851
0.291,9,12,36567.5
0.291,9,12,28388.9
0.291,9,12,127657
0.291,9,12,47228.7
0.291,9,12,9449.85
0.291,9,12,687285
0.291,9,12,218503
0.291,9,12,58418.2
0.291,9,12,63937.5
0.291,9,12,20245.7
0.291,9,12,61727.3
0.291,9,12,303475
0.291,9,12,313142
0.291,9,12,257196
0.291,9,12,35843.4
0.291,9,12,227364
0.291,9,12,5980.56
0.291,9,12,85699.5
0.291,9,12,128495
0.291,9,12,4975.18
0.291,9,12,106409
0.291,9,12,15468.9
0.291,9,12,22226.8
0.291,9,12,116953
0.291,9,12,49853.4
0.291,9,12,44620.5
0.291,9,12,89499.7
0.291,9,12,325015
0.291,9,12,72177.9
0.291,9,12,153686
0.291,9,12,402825
0.291,9,12,14075.8
0.291,9,12,45243.9
0.291,9,12,15490.9
0.291,9,12,35760.7
0.291,9,12,36670.3
0.291,9,12,90794.3
0.291,9,12,115210
0.291,9,12,55160.1
0.291,9,12,79781.8
0.291,9,12,253398
0.291,9,12,66304.1
0.291,9,12,110635
0.291,9,12,387020
0.291,9,12,124544
0.291,9,12,235007
0.291,9,12,65617
0.291,9,12,171181
0.291,9,12,220942
0.291,9,12,922639
0.291,9,12,160689
0.291,9,12,71376.6
0.291,9,12,233315
0.291,9,12,80397.6
0.291,9,12,307128
0.291,9,12,58649.9
0.291,9,12,26096.4
0.291,9,12,32830.9
0.291,9,12,169049
0.291,9,12,225284
0.291,9,12,18718.2
0.291,9,12,40803.4
0.291,9,12,522656
0.291,9,12,50305.4
0.291,9,12,132877
0.291,9,12,516259
0.291,9,12,205192
0.291,9,12,377503
0.291,9,12,69257.7
0.291,9,12,36279.4
0.291,9,12,305548
0.291,9,12,70897.7
0.291,9,12,210384
0.291,9,12,97559.7
0.291,9,12,49278.5
0.291,9,12,488694
0.291,9,12,290558
0.291,9,12,895719
0.291,9,12,25936.1
0.291,9,12,154249
0.291,9,12,18794.3
0.291,9,12,265628
0.291,9,12,44197.7
0.291,9,12,216250
0.291,9,12,71168.2
0.291,9,12,60515.3
0.291,9,12,189663
0.291,9,12,258400
0.291,9,12,506269
0.291,9,12,254740
0.291,9,12,95887.7
0.291,9,12,13075.1
0.291,9,12,262751
0.291,9,12,120545
0.291,9,12,18212.6
0.291,9,12,67020.2
0.291,9,12,63743.3
0.291,9,12,219607
0.291,9,12,285562
0.291,9,12,310714
0.291,9,12,6360.83
0.291,9,12,63863.8
0.291,9,12,123167
0.291,9,12,102051
0.291,9,12,15889.3
0.291,9,12,58330.7
0.291,9,12,405849
0.291,9,12,110700
0.291,9,12,42858.7
0.291,9,12,186567
0.291,9,12,308279
0.291,9,12,229916
0.291,9,12,192543
0.291,9,12,82901.5
0.291,9,12,204734
0.291,9,12,514693
0.291,9,12,700140
0.291,9,12,160257
0.291,9,12,27045.5
0.291,9,12,56233.5
0.291,9,12,13324.5
0.291,9,12,64958.2
0.291,9,12,59302.8
0.291,9,12,54968.6
0.291,9,12,195118
0.291,9,12,143874
0.291,9,12,28263.8
0.291,9,12,318683
0.291,9,12,251106
0.291,9,12,443005
0.291,9,12,41314
0.291,9,12,240286
0.291,9,12,13981.1
0.291,9,12,104371
0.291,9,12,8290.18
0.291,9,12,5140.56
0.291,9,12,75464.3
0.291,9,12,256071
0.291,9,12,260558
0.291,9,12,182104
0.291,9,12,25814.4
0.291,9,12,151137
0.291,9,12,61729.3
0.291,9,12,332064
0.291,9,12,336500
0.291,9,12,30047.2
0.291,9,12,13954.5
0.291,9,12,335340
0.291,9,12,121848
0.291,9,12,39338.3
0.291,9,12,423945
0.291,9,12,354503
0.291,9,12,171344
0.291,9,12,42455.8
0.291,9,12,40821.3
0.291,9,12,317008
0.291,9,12,270522
0.291,9,12,249199
0.291,9,12,9477.89
0.291,9,12,115347
0.291,9,12,298356
0.291,9,12,3212.63
0.291,9,12,20578.3
0.291,9,12,117903
0.291,9,12,8587.67
0.291,9,12,12202.4
0.291,9,12,377303
0.291,9,12,176614
0.291,9,12,83219.5
0.291,9,12,96968
0.291,9,12,325557
0.291,9,12,131899
0.291,9,12,25489.9
0.291,9,12,20219.8
0.291,9,12,56263.1
0.291,9,12,173958
0.291,9,12,50718
0.291,9,12,106693
0.291,9,12,380955
0.291,9,12,182913
0.291,9,12,245233
0.291,9,12,61638.4
0.291,9,12,193583
0.291,9,12,382310
0.291,9,12,103327
0.291,9,12,21835.4
0.291,9,12,316707
0.291,9,12,8091.44
0.291,9,12,44874.5
0.291,9,12,15437.1
0.291,9,12,121986
0.291,9,12,143226
0.291,9,12,60949.6
0.291,9,12,127706
0.291,9,12,97098.8
0.291,9,12,156577
0.291,9,12,15396.4
0.291,9,12,109661
0.291,9,12,325352
0.291,9,12,225589
0.291,9,12,274189
0.291,9,12,116560
0.291,9,12,102348
0.291,9,12,33981.7
0.291,9,12,82418.1
0.291,9,12,12860.9
0.291,9,12,160812
0.291,9,12,309522
0.291,9,12,46307.5
0.291,9,12,174208
0.291,9,12,167946
0.291,9,12,143041
0.291,9,12,343108
0.291,9,12,42270.7
0.291,9,12,127060
0.291,9,12,121394
0.291,9,12,10119.3
0.291,9,12,287668
0.291,9,12,15506.6
0.291,9,12,203453
0.291,9,12,124250
0.291,9,12,77767.1
0.291,9,12,376797
0.291,9,12,81113.7
0.291,9,12,236355
0.291,9,12,781968
0.291,9,12,465210
0.291,9,12,227987
0.291,9,12,60279.8
0.291,9,12,226402
0.291,9,12,308032
0.291,9,12,60593.6
0.291,9,12,278487
0.291,9,12,282410
0.291,9,12,98495.2
0.291,9,12,58796.4
0.291,9,12,38218
0.291,9,12,254764
0.291,9,12,251766
0.291,9,12,95103.8
0.291,9,12,273582
0.291,9,12,37204.3
0.291,9,12,42975
0.291,9,12,126264
0.291,9,12,31515.3
0.291,9,12,152247
0.291,9,12,53069.7
0.291,9,12,385368
0.291,9,12,103588
0.291,9,12,55416.7
0.291,9,12,451564
0.291,9,12,90503.9
0.291,9,12,86677.5
0.291,9,12,21510.3
0.291,9,12,91196.3
0.291,9,12,220337
0.291,9,12,164116
0.291,9,12,33062.2
0.291,9,12,47114.7
0.291,9,12,167090
0.291,9,12,85381.1
0.291,9,12,406746
0.291,9,12,22665.6
0.291,9,12,67109.3
0.291,9,12,73108.3
0.291,9,12,310940
0.291,9,12,37414
0.291,12,15,34175.3
0.291,12,15,137332
0.291,12,15,21278.1
0.291,12,15,351396
0.291,12,15,241605
0.291,12,15,62224.9
0.291,12,15,28970.2
0.291,12,15,46576.2
0.291,12,15,62826.4
0.291,12,15,103789
0.291,12,15,178725
0.291,12,15,192318
0.291,12,15,160529
0.291,12,15,217051
0.291,12,15,65750.7
0.291,12,15,129933
0.291,12,15,41755.6
0.291,12,15,143981
0.291,12,15,304490
0.291,12,15,75548.3
0.291,12,15,443957
0.291,12,15,354386
0.291,12,15,188924
0.291,12,15,231672
0.291,12,15,133642
0.291,12,15,240139
0.291,12,15,770533
0.291,12,15,36789.6
0.291,12,15,136300
0.291,12,15,1.85087e+06
0.291,12,15,173240
0.291,12,15,88157.6
0.291,12,15,35003.1
0.291,12,15,257521
0.291,12,15,696691
0.291,12,15,353525
0.291,12,15,120981
0.291,12,15,2896.35
0.291,12,15,991276
0.291,12,15,109177
0.291,12,15,247159
0.291,12,15,399391
0.291,12,15,405106
0.291,12,15,22552.3
0.291,12,15,195139
0.291,12,15,340882
0.291,12,15,319204
0.291,12,15,266027
0.291,12,15,118846
0.291,12,15,266989
0.291,12,15,44561.5
0.291,12,15,459075
0.291,12,15,37538.3
0.291,12,15,410990
0.291,12,15,68089.9
0.291,12,15,847144
0.291,12,15,447833
0.291,12,15,455057
0.291,12,15,337148
0.291,12,15,549659
0.291,12,15,207171
0.291,12,15,38034.3
0.291,12,15,305524
0.291,12,15,589644
0.291,12,15,578485
0.291,12,15,913745
0.291,12,15,14928.8
0.291,12,15,165372
0.291,12,15,56634.4
0.291,12,15,409260
0.291,12,15,443303
0.291,12,15,410693
0.291,12,15,109308
0.291,12,15,161191
0.291,12,15,51726.8
0.291,12,15,122874
0.291,12,15,534833
0.291,12,15,482612
0.291,12,15,265330
0.291,12,15,328147
0.291,12,15,118299
0.291,12,15,222304
0.291,12,15,354159
0.291,12,15,11079.9
0.291,12,15,246680
0.291,12,15,63749.8
0.291,12,15,308380
0.291,12,15,239838
0.291,12,15,198962
0.291,12,15,6046.44
0.291,12,15,152829
0.291,12,15,389072
0.291,12,15,472345
0.291,12,15,18721.6
0.291,12,15,16003.5
0.291,12,15,177604
0.291,12,15,530072
0.291,12,15,118400
0.291,12,15,20897.3
0.291,12,15,375648
0.291,12,15,46150.9
0.291,12,15,1.07831e+06
0.291,12,15,233848
0.291,12,15,4180.33
0.291,12,15,707057
0.291,12,15,56070.9
0.291,12,15,52536.8
0.291,12,15,501627
0.291,12,15,1.03383e+06
0.291,12,15,234976
0.291,12,15,360366
0.291,12,15,141271
0.291,12,15,1.00165e+06
0.291,12,15,822573
0.291,12,15,168365
0.291,12,15,5687.19
0.291,12,15,232090
0.291,12,15,110619
0.291,12,15,199297
0.291,12,15,355335
0.291,12,15,125704
0.291,12,15,492645
0.291,12,15,78801.5
0.291,12,15,162732
0.291,12,15,565487
0.291,12,15,78831.4
0.291,12,15,4251.03
0.291,12,15,348347
0.291,12,15,605111
0.291,12,15,388595
0.291,12,15,526299
0.291,12,15,1.38835e+06
0.291,12,15,272005
0.291,12,15,81235.6
0.291,12,15,214619
0.291,12,15,174101
0.291,12,15,441073
0.291,12,15,756088
0.291,12,15,253985
0.291,12,15,138556
0.291,12,15,862223
0.291,12,15,107952
0.291,12,15,388764
0.291,12,15,808266
0.291,12,15,478094
0.291,12,15,108601
0.291,12,15,544179
0.291,12,15,266949
0.291,12,15,215482
0.291,12,15,182046
0.291,12,15,873288
0.291,12,15,159914
0.291,12,15,173219
0.291,12,15,182910
0.291,12,15,225057
0.291,12,15,403528
0.291,12,15,169083
0.291,12,15,249084
0.291,12,15,57984.4
0.291,12,15,45328.5
0.291,12,15,173179
0.291,12,15,117071
0.291,12,15,14218.9
0.291,12,15,192533
0.291,12,15,24000.8
0.291,12,15,316484
0.291,12,15,15373.3
0.291,12,15,296902
0.291,12,15,678801
0.291,12,15,87979.7
0.291,12,15,302956
0.291,12,15,349709
0.291,12,15,221454
0.291,12,15,296060
0.291,12,15,15006.3
0.291,12,15,376169
0.291,12,15,383241
0.291,12,15,562248
0.291,12,15,318635
0.291,12,15,11076.8
0.291,12,15,204120
0.291,12,15,1.07033e+06
0.291,12,15,968052
0.291,12,15,1.03973e+06
0.291,12,15,80416
0.291,12,15,238916
0.291,12,15,286952
0.291,12,15,497771
0.291,12,15,76553
0.291,12,15,268619
0.291,12,15,151926
0.291,12,15,36925
0.291,12,15,65261.6
0.291,12,15,120127
0.291,12,15,45594.8
0.291,12,15,397274
0.291,12,15,191551
0.291,12,15,178089
0.291,12,15,490093
0.291,12,15,108990
0.291,12,15,2675.52
0.291,12,15,315293
0.291,12,15,8674.12
0.291,12,15,7860.68
0.291,12,15,454448
0.291,12,15,347997
0.291,12,15,558599
0.291,12,15,29837.9
0.291,12,15,50329.5
0.291,12,15,73660.3
0.291,12,15,150807
0.291,12,15,114855
0.291,12,15,37881.8
0.291,12,15,35837.9
0.291,12,15,138677
0.291,12,15,200871
0.291,12,15,157260
0.291,12,15,889966
0.291,12,15,1.14306e+06
0.291,12,15,232404
0.291,12,15,518948
0.291,12,15,81012.7
0.291,12,15,199911
0.291,12,15,451298
0.291,12,15,310166
0.291,12,15,317337
0.291,12,15,246631
0.291,12,15,18597.1
0.291,12,15,711985
0.291,12,15,11651
0.291,12,15,208845
0.291,12,15,635033
0.291,12,15,221355
0.291,12,15,985155
0.291,12,15,73009.7
0.291,12,15,233760
0.291,12,15,199116
0.291,12,15,39873.9
0.291,12,15,146502
0.291,12,15,244495
0.291,12,15,37126.5
0.291,12,15,64235.4
0.291,12,15,209396
0.291,12,15,33164.2
0.291,12,15,358906
0.291,12,15,317010
0.291,12,15,225128
0.291,12,15,330969
0.291,12,15,12029.5
0.291,12,15,101403
0.291,12,15,210160
0.291,12,15,32278
0.291,12,15,82633.2
0.291,12,15,99793.7
0.291,12,15,580065
0.291,12,15,371128
0.291,12,15,181858
0.291,12,15,1.2294e+06
0.291,12,15,41286.9
0.291,12,15,301688
0.291,12,15,257016
0.291,12,15,1333.57
0.291,12,15,611510
0.291,12,15,142745
0.291,12,15,254390
0.291,12,15,776779
0.291,12,15,310113
0.291,12,15,457321
0.291,12,15,283840
0.291,12,15,14077.3
0.291,12,15,317910
0.291,12,15,293614
0.291,12,15,1.00746e+06
0.291,12,15,130269
0.291,12,15,40968.7
0.291,12,15,22873.1
0.291,12,15,604323
0.291,12,15,385701
0.291,12,15,52436.4
0.291,12,15,148496
0.291,12,15,176089
0.291,12,15,402396
0.291,12,15,157757
0.291,12,15,549168
0.291,12,15,68940.1
0.291,12,15,2.42728e+06
0.291,12,15,24671.7
0.291,12,15,42533.9
0.291,12,15,305586
0.291,12,15,34488.3
0.291,12,15,573256
0.291,12,15,12233.3
0.291,12,15,217351
0.291,12,15,330722
0.291,12,15,648425
0.291,12,15,500975
0.291,12,15,493601
0.291,12,15,963849
0.291,12,15,180136
0.291,12,15,91570.5
0.291,12,15,550031
0.291,12,15,79129.9
0.291,12,15,181264
0.291,12,15,687554
0.291,12,15,715045
0.291,12,15,188860
0.291,12,15,99334.5
0.291,12,15,155866
0.291,12,15,199165
0.291,12,15,27261
0.291,12,15,193752
0.291,12,15,52074.3
0.291,12,15,523138
0.291,12,15,198275
0.291,12,15,903165
0.291,12,15,32978.7
0.291,12,15,102930
0.291,12,15,72957.1
0.291,12,15,808239
0.291,12,15,1.23575e+06
0.291,12,15,582997
0.291,12,15,65354.2
0.291,12,15,1.52629e+06
0.291,12,15,46430.3
0.291,12,15,50481.8
0.291,12,15,14257.4
0.291,12,15,406771
0.291,12,15,33454.2
0.291,12,15,33905.3
0.291,12,15,472907
0.291,12,15,330931
0.291,12,15,85178.6
0.291,12,15,197376
0.291,12,15,362720
0.291,12,15,124594
0.291,12,15,87156.2
0.291,12,15,52445.1
0.291,12,15,87299.2
0.291,12,15,118947
0.291,12,15,144754
0.291,12,15,163713
0.291,12,15,190161
0.291,12,15,149316
0.291,12,15,138295
0.291,12,15,44684
0.291,12,15,141099
0.291,12,15,296572
0.291,12,15,21532.8
0.291,12,15,136506
0.291,12,15,172420
0.291,12,15,33773.1
0.291,12,15,89398.3
0.291,12,15,515320
0.291,12,15,4205.79
0.291,12,15,10085.1
0.291,12,15,292298
0.291,12,15,645032
0.291,12,15,66739.6
0.291,12,15,49339.2
0.291,12,15,243679
0.291,12,15,107987
0.291,12,15,269578
0.291,12,15,327848
0.291,12,15,284301
0.291,12,15,25197.9
0.291,12,15,333952
0.291,12,15,23871.3
0.291,12,15,261251
0.291,12,15,35751.4
0.291,12,15,882271
0.291,12,15,125640
0.291,12,15,302670
0.291,12,15,207237
0.291,12,15,459902
0.291,12,15,957728
0.291,12,15,164324
0.291,12,15,5129.67
0.291,12,15,647330
0.291,12,15,161595
0.291,12,15,76907.2
0.291,12,15,92700.1
0.291,12,15,302805
0.291,12,15,305226
0.291,12,15,573538
0.291,12,15,508901
0.291,12,15,61280.7
0.291,12,15,61895.4
0.291,12,15,280050
0.291,12,15,426273
0.291,12,15,11961.4
0.291,12,15,868025
0.291,12,15,608570
0.291,12,15,40918
0.291,12,15,129328
0.291,12,15,900453
0.291,12,15,9000.43
0.291,12,15,213006
0.291,12,15,1.43017e+06
0.291,12,15,55705.8
0.291,12,15,357514
0.291,12,15,358212
0.291,12,15,384141
0.291,12,15,275587
0.291,12,15,666665
0.291,12,15,205078
0.291,12,15,953553
0.291,12,15,46971.6
0.291,12,15,153320
0.291,12,15,75821.7
0.291,12,15,83147.8
0.291,12,15,1.0298e+06
0.291,12,15,144281
0.291,12,15,382824
0.291,12,15,373722
0.291,12,15,38320.3
0.291,12,15,114705
0.291,12,15,354206
0.291,12,15,55365.5
0.291,12,15,27003.5
0.291,12,15,359781
0.291,12,15,90461.7
0.291,12,15,4050.49
0.291,12,15,264628
0.291,12,15,164258
0.291,12,15,765549
0.291,12,15,319014
0.291,12,15,10934.9
0.291,12,15,950643
0.291,12,15,194542
0.291,12,15,136474
0.291,12,15,310143
0.291,12,15,85690.3
0.291,12,15,946542
0.291,12,15,330323
0.291,12,15,419566
0.291,12,15,2.38954e+06
0.291,12,15,459962
0.291,12,15,321799
0.291,12,15,433129
0.291,12,15,450281
0.291,12,15,115888
0.291,12,15,822790
0.291,12,15,58660.4
0.291,12,15,382300
0.291,12,15,195124
0.291,12,15,59224.2
0.291,12,15,622198
0.291,12,15,813880
0.291,12,15,159115
0.291,12,15,21340.1
0.291,12,15,1.25587e+06
0.291,12,15,63892
0.291,12,15,171915
0.291,12,15,1.00461e+06
0.291,12,15,217255
0.291,12,15,111395
0.291,12,15,623162
0.291,12,15,77047
0.291,12,15,112621
0.291,12,15,92828.5
0.291,12,15,920181
0.291,12,15,11325.8
0.291,12,15,904005
0.291,12,15,26002
0.291,12,15,87627.5
0.291,12,15,1.16949e+06
0.291,12,15,352827
0.291,12,15,5794.11
0.291,12,15,95651.1
0.291,12,15,392925
0.291,12,15,432092
0.291,12,15,731641
0.291,12,15,268098
0.291,12,15,221062
0.291,12,15,1.14329e+06
0.291,12,15,16464.5
0.291,12,15,579415
0.291,12,15,4033.27
0.291,12,15,137286
0.291,12,15,8507.65
0.291,12,15,22773.2
0.291,12,15,391325
0.291,12,15,9583.47
0.291,12,15,600042
0.291,12,15,10607.4
0.291,12,15,173298
0.291,12,15,853125
0.291,12,15,737315
0.291,12,15,499148
0.291,12,15,740110
0.291,12,15,315095
0.291,12,15,152181
0.291,12,15,136254
0.291,12,15,97796.7
0.291,12,15,230072
0.291,12,15,264185
0.291,12,15,383871
0.291,12,15,17977.2
0.291,12,15,339155
0.291,12,15,132497
0.291,12,15,50750.8
0.291,12,15,15604.6
0.291,12,15,217125
0.291,12,15,357961
0.291,12,15,121241
0.291,12,15,589297
0.291,12,15,460018
0.291,12,15,1.14172e+06
0.291,12,15,53753
0.291,12,15,20221.9
0.291,12,15,973842
0.291,12,15,124424
0.291,12,15,68691.9
0.291,12,15,301233
0.291,12,15,71273.5
0.291,12,15,1.87013e+06
0.291,12,15,307616
0.291,12,15,310231
0.291,12,15,8493.27
0.291,12,15,143562
0.291,12,15,390761
0.291,12,15,427049
0.291,12,15,138096
0.291,12,15,313580
0.291,12,15,181880
0.291,12,15,73964
0.291,12,15,126545
0.291,12,15,188832
0.291,12,15,88482.3
0.291,12,15,198801
0.291,12,15,443426
0.291,12,15,24109.9
0.291,12,15,3281.26
0.291,12,15,336426
0.291,12,15,204032
0.291,12,15,197496
0.291,12,15,12709
0.291,12,15,462925
0.291,12,15,98254.2
0.291,12,15,103401
0.291,12,15,238582
0.291,12,15,464395
0.291,12,15,132963
0.291,12,15,82690.3
0.291,12,15,129896
0.291,12,15,154655
0.291,12,15,149498
0.291,12,15,64339.7
0.291,12,15,88845.7
0.291,12,15,189439
0.291,12,15,37507.8
0.291,12,15,47432.5
0.291,12,15,195912
0.291,12,15,175728
0.291,12,15,138904
0.291,12,15,381982
0.291,12,15,422626
0.291,12,15,619137
0.291,12,15,107708
0.291,12,15,349802
0.291,12,15,80735.9
0.291,12,15,491498
0.291,12,15,429804
0.291,12,15,803923
0.291,12,15,656617
0.291,12,15,1.2545e+06
0.291,12,15,28331.7
0.291,12,15,824113
0.291,12,15,140397
0.291,12,15,289643
0.291,12,15,46423.4
0.291,12,15,131581
0.291,12,15,112685
0.291,12,15,72656
0.291,12,15,407231
0.291,12,15,217246
0.291,12,15,267036
0.291,12,15,1.04999e+06
0.291,12,15,326144
0.291,12,15,119694
0.291,12,15,26023.9
0.291,12,15,1099.55
0.291,12,15,35013.9
0.291,12,15,177773
0.291,12,15,100616
0.291,12,15,282939
0.291,12,15,614340
0.291,12,15,239007
0.291,12,15,96256.1
0.291,12,15,214514
0.291,12,15,824.286
0.291,12,15,305140
0.291,12,15,30886.2
0.291,12,15,389954
0.291,12,15,284182
0.291,12,15,244527
0.291,12,15,338339
0.291,12,15,65347.9
0.291,12,15,380197
0.291,12,15,116923
0.291,12,15,184939
0.291,12,15,1.14209e+06
0.291,12,15,72842.1
0.291,12,15,143355
0.291,12,15,684471
0.291,12,15,218314
0.291,12,15,263382
0.291,12,15,1.32399e+06
0.291,12,15,88714.5
0.291,12,15,60121.3
0.291,12,15,475166
0.291,12,15,248102
0.291,12,15,44357
0.291,12,15,98254.8
0.291,12,15,313280
0.291,12,15,11273.9
0.291,12,15,121600
0.291,12,15,19360.3
0.291,12,15,33038.8
0.291,12,15,146772
0.291,12,15,195015
0.291,12,15,1.01334e+06
0.291,12,15,111532
0.291,12,15,226160
0.291,12,15,384440
0.291,12,15,557316
0.291,12,15,470240
0.291,12,15,341975
0.291,12,15,300667
0.291,12,15,215615
0.291,12,15,266228
0.291,12,15,530452
0.291,12,15,32163.6
0.291,12,15,759700
0.291,12,15,930746
0.291,12,15,69959.5
0.291,12,15,85032.7
0.291,12,15,312777
0.291,12,15,331450
0.291,12,15,88230.1
0.291,12,15,489423
0.291,12,15,187861
0.291,12,15,241067
0.291,12,15,206747
0.291,12,15,67487.5
0.291,12,15,1.0191e+06
0.291,12,15,313031
0.291,12,15,66152.5
0.291,12,15,121710
0.291,12,15,39194.3
0.291,12,15,9064.86
0.291,12,15,1.34881e+06
0.291,12,15,95728.9
0.291,12,15,4081.84
0.291,12,15,128441
0.291,12,15,217795
0.291,12,15,470160
0.291,12,15,333856
0.291,12,15,441431
0.291,12,15,196864
0.291,12,15,790069
0.291,12,15,1.1835e+06
0.291,12,15,145174
0.291,12,15,110052
0.291,12,15,143106
0.291,12,15,167960
0.291,12,15,582317
0.291,12,15,361517
0.291,12,15,183246
0.291,12,15,422838
0.291,12,15,2.08082e+06
0.291,12,15,117099
0.291,12,15,139851
0.291,12,15,484203
0.291,12,15,83066
0.291,12,15,214028
0.291,12,15,10901.8
0.291,12,15,58278.8
0.291,12,15,39519.9
0.291,12,15,219618
0.291,12,15,64465.6
0.291,12,15,109677
0.291,12,15,361121
0.291,12,15,133240
0.291,12,15,79339.5
0.291,12,15,114115
0.291,12,15,50354.9
0.291,12,15,215170
0.291,12,15,374348
0.291,12,15,471302
0.291,12,15,65577
0.291,12,15,288971
0.291,12,15,300832
0.291,12,15,877289
0.291,12,15,1.04928e+06
0.291,12,15,30240.5
0.291,12,15,286071
0.291,12,15,561693
0.291,12,15,90964.7
0.291,12,15,429643
0.291,12,15,466071
0.291,12,15,359973
0.291,12,15,41716.3
0.291,12,15,186971
0.291,12,15,90947.6
0.291,12,15,20089.4
0.291,12,15,68173.6
0.291,12,15,82787
0.291,12,15,262552
0.291,12,15,9182.64
0.291,12,15,166202
0.291,12,15,68589.8
0.291,12,15,21333.4
0.291,12,15,265718
0.291,12,15,8263.55
0.291,12,15,29120.2
0.291,12,15,859500
0.291,12,15,156903
0.291,12,15,87033.3
0.291,12,15,499693
0.291,12,15,23171.2
0.291,12,15,27710.7
0.291,12,15,2.10128e+06
0.291,12,15,18826.6
0.291,12,15,791294
0.291,12,15,64192.3
0.291,12,15,22984.7
0.291,12,15,367215
0.291,12,15,167179
0.291,12,15,233279
0.291,12,15,90625.1
0.291,12,15,84210
0.291,12,15,184221
0.291,12,15,265862
0.291,12,15,93298.8
0.291,12,15,307506
0.291,12,15,413353
0.291,12,15,496550
0.291,12,15,438014
0.291,12,15,610609
0.291,12,15,129114
0.291,12,15,124574
0.291,12,15,390825
0.291,12,15,452603
0.291,12,15,178022
0.291,12,15,59899.1
0.291,12,15,405115
0.291,12,15,630448
0.291,12,15,90481.6
0.291,12,15,311062
0.291,12,15,8411.28
0.291,12,15,224912
0.291,12,15,524895
0.291,12,15,710264
0.291,12,15,431971
0.291,12,15,317364
0.291,12,15,42914.3
0.291,12,15,406467
0.291,12,15,214883
0.291,12,15,268949
0.291,12,15,686432
0.291,12,15,448876
0.291,12,15,2923.01
0.291,12,15,666752
0.291,12,15,269233
0.291,12,15,117404
0.291,12,15,24757.9
0.291,12,15,82472.5
0.291,12,15,153256
0.291,12,15,20902.6
0.291,12,15,155263
0.291,12,15,208059
0.291,12,15,258621
0.291,12,15,1.05861e+06
0.291,12,15,136892
0.291,12,15,213683
0.291,12,15,70746.7
0.291,12,15,159765
0.291,12,15,77884.5
0.291,12,15,130142
0.291,12,15,347730
0.291,12,15,402284
0.291,12,15,37104.6
0.291,12,15,761866
0.291,12,15,659679
0.291,12,15,969060
0.291,12,15,4183.4
0.291,12,15,120780
0.291,12,15,532477
0.291,12,15,238441
0.291,12,15,597021
0.291,12,15,1021.58
0.291,12,15,262762
0.291,12,15,919041
0.291,12,15,787533
0.291,12,15,312405
0.291,12,15,27412.6
0.291,12,15,94746.3
0.291,12,15,188202
0.291,12,15,159845
0.291,12,15,567840
0.291,12,15,104215
0.291,12,15,439281
0.291,12,15,486127
0.291,12,15,238421
0.291,12,15,63211.2
0.291,12,15,107944
0.291,12,15,172541
0.291,12,15,43779.3
0.291,12,15,333069
0.291,12,15,723769
0.291,12,15,805686
0.291,12,15,696779
0.291,12,15,53261.3
0.291,12,15,137380
0.291,12,15,279369
0.291,12,15,501760
0.291,12,15,274172
0.291,12,15,150348
0.291,12,15,1.375e+06
0.291,12,15,1.0625e+06
0.291,12,15,578515
0.291,12,15,358345
0.291,12,15,52692.6
0.291,12,15,419928
0.291,12,15,131060
0.291,12,15,1.01267e+06
0.291,12,15,119485
0.291,12,15,90593.5
0.291,12,15,146516
0.291,12,15,1.07266e+06
0.291,12,15,311147
0.291,12,15,60588.6
0.291,12,15,58975.9
0.291,12,15,144373
0.291,12,15,474003
0.291,12,15,232140
0.291,12,15,251082
0.291,12,15,134404
0.291,12,15,839995
0.291,12,15,332195
0.291,12,15,59824.9
0.291,12,15,360599
0.291,12,15,732015
0.291,12,15,262832
0.291,12,15,815423
0.291,12,15,46552
0.291,12,15,682324
0.291,12,15,224227
0.291,12,15,340136
0.291,12,15,189926
0.291,12,15,196393
0.291,12,15,843620
0.291,12,15,230642
0.291,12,15,140131
0.291,12,15,399807
0.291,12,15,142018
0.291,12,15,60484.7
0.291,12,15,347088
0.291,12,15,25826
0.291,12,15,47196.2
0.291,12,15,687578
0.291,12,15,217784
0.291,12,15,66083.7
0.291,12,15,258805
0.291,12,15,45011.1
0.291,12,15,522358
0.291,12,15,208431
0.291,12,15,103467
0.291,12,15,69723.9
0.291,12,15,620160
0.291,12,15,66020
0.291,12,15,125359
0.291,12,15,220285
0.291,12,15,2360.35
0.291,12,15,333918
0.291,12,15,1.09272e+06
0.291,12,15,334992
0.291,12,15,435615
0.291,12,15,295137
0.291,12,15,80148
0.291,12,15,71823.2
0.291,12,15,57847.9
0.291,12,15,385181
0.291,12,15,53734.2
0.291,12,15,583573
0.291,12,15,142231
0.291,12,15,23406.3
0.291,12,15,41571.6
0.291,12,15,690145
0.291,12,15,104948
0.291,12,15,66208.5
0.291,12,15,100900
0.291,12,15,212226
0.291,12,15,950484
0.291,12,15,755505
0.291,12,15,1.0756e+06
0.291,12,15,221683
0.291,12,15,277598
0.291,12,15,217951
0.291,12,15,153296
0.291,12,15,11407.8
0.291,12,15,187401
0.291,12,15,220214
0.291,12,15,263184
0.291,12,15,33202.6
0.291,12,15,164526
0.291,12,15,63772.7
0.291,12,15,280877
0.291,12,15,160427
0.291,12,15,577156
0.291,12,15,340186
0.291,12,15,112324
0.291,12,15,367309
0.291,12,15,75649.2
0.291,12,15,466783
0.291,12,15,116820
0.291,12,15,241585
0.291,12,15,134536
0.291,12,15,318563
0.291,12,15,17442.4
0.291,12,15,409105
0.291,12,15,285852
0.291,12,15,232547
0.291,12,15,297204
0.291,12,15,844365
0.291,12,15,44222.1
0.291,12,15,603127
0.291,12,15,22300.8
0.291,12,15,46971
0.291,12,15,805537
0.291,12,15,124955
0.291,12,15,940038
0.291,12,15,204606
0.291,12,15,146929
0.291,12,15,20699.5
0.291,12,15,426818
0.291,12,15,385212
0.291,12,15,45572.7
0.291,12,15,488230
0.291,12,15,114208
0.291,12,15,332285
0.291,12,15,54404.5
0.291,12,15,234732
0.291,12,15,148655
0.291,12,15,29124.9
0.291,12,15,495035
0.291,12,15,37595.9
0.291,12,15,309874
0.291,12,15,413801
0.291,12,15,406915
0.291,12,15,338864
0.291,12,15,420540
0.291,12,15,943404
0.291,12,15,27517.7
0.291,12,15,236470
0.291,12,15,112481
0.291,12,15,114165
0.291,12,15,26579.3
0.291,12,15,76295.9
0.291,12,15,176199
0.291,12,15,16164.1
0.291,12,15,59693.7
0.291,12,15,64516.7
0.291,12,15,19211.2
0.291,12,15,149857
0.291,12,15,591558
0.291,12,15,335276
0.291,12,15,146197
0.291,12,15,39805.4
0.291,12,15,185616
0.291,12,15,157007
0.291,12,15,24182.8
0.291,12,15,225088
0.291,12,15,175976
0.291,12,15,624260
0.291,12,15,24604.8
0.291,12,15,256299
0.291,12,15,41324.1
0.291,12,15,193076
0.291,12,15,812497
0.291,12,15,208182
0.291,12,15,122797
0.291,12,15,156682
0.291,12,15,497591
0.291,12,15,396078
0.291,12,15,296155
0.291,12,15,48068.1
0.291,12,15,375087
0.291,12,15,330671
0.291,12,15,674898
0.291,12,15,13808.2
0.291,12,15,227288
0.291,12,15,81498
0.291,12,15,146993
0.291,12,15,494968
0.291,12,15,404251
0.291,12,15,594739
0.291,12,15,14110.7
0.291,12,15,404264
0.291,12,15,1.50417e+06
0.291,12,15,63204.6
0.291,12,15,123170
0.291,12,15,520963
0.291,12,15,584625
0.291,12,15,187389
0.291,12,15,92467.7
0.291,12,15,115971
0.291,12,15,110566
0.291,12,15,81934.4
0.291,12,15,139762
0.291,12,15,997693
0.291,12,15,521437
0.291,12,15,22909.1
0.291,12,15,260302
0.291,12,15,91505.5
0.291,12,15,123931
0.291,12,15,391631
0.291,12,15,274503
0.291,12,15,12877.6
0.291,12,15,616819
0.291,12,15,253750
0.291,12,15,881175
0.291,12,15,583466
0.291,12,15,768770
0.291,12,15,792382
0.291,12,15,386423
0.291,12,15,273722
0.291,12,15,83037.9
0.291,12,15,210179
0.291,12,15,6799.17
0.291,12,15,215046
0.291,12,15,288412
0.291,12,15,74103.1
0.291,12,15,116899
0.291,12,15,221195
0.291,12,15,89349.8
0.291,12,15,80452.7
0.291,12,15,707808
0.291,12,15,504973
0.291,12,15,205205
0.291,12,15,69643.3
0.291,12,15,143756
0.291,12,15,49804.4
0.291,12,15,28185.5
0.291,12,15,277742
0.291,12,15,342999
0.291,12,15,6550.21
0.291,12,15,20657.5
0.291,12,15,372007
0.291,12,15,395353
0.291,12,15,295391
0.291,12,15,106465
0.291,12,15,607019
0.291,12,15,394573
0.291,12,15,680630
0.291,12,15,50150
0.291,12,15,145128
0.291,12,15,81928.7
0.291,12,15,105066
0.291,12,15,136669
0.291,12,15,7778.26
0.291,12,15,50261.7
0.291,12,15,596386
0.291,12,15,142997
0.291,12,15,135737
0.291,12,15,144092
0.291,12,15,214869
0.291,12,15,472588
0.291,12,15,1.05173e+06
0.291,12,15,72179.7
0.291,12,15,267100
0.291,12,15,235732
0.291,12,15,89761.5
0.291,12,15,78659.2
0.291,12,15,362819
0.291,12,15,53188.1
0.291,12,15,142214
0.291,12,15,9701.89
0.291,12,15,24744.4
0.291,12,15,705662
0.291,12,15,204259
0.291,12,15,223871
0.291,12,15,26317.7
0.291,12,15,88052.8
0.291,12,15,86653
0.291,12,15,366996
0.291,12,15,129311
0.291,12,15,123263
0.291,12,15,655378
0.291,12,15,281545
0.291,12,15,30567
0.291,12,15,299984
0.291,12,15,87505.3
0.291,12,15,113254
0.291,12,15,14346.9
0.291,12,15,150737
0.291,12,15,79340.1
0.291,12,15,1.2146e+06
0.291,12,15,266995
0.291,12,15,172202
0.291,12,15,262898
0.291,12,15,482530
0.291,12,15,188749
0.291,12,15,315537
0.291,12,15,366474
0.291,12,15,72721.4
0.291,12,15,81182.8
0.291,12,15,44193.1
0.291,12,15,296080
0.291,12,15,107589
0.291,12,15,31648.9
0.291,12,15,51083.8
0.291,12,15,62343.5
0.291,12,15,232518
0.291,12,15,717373
0.291,12,15,310464
0.291,12,15,193202
0.291,12,15,73765.3
0.291,12,15,156232
0.291,12,15,118004
0.291,12,15,92779.4
0.291,12,15,217929
0.291,12,15,182305
0.291,12,15,1.29114e+06
0.291,12,15,319251
0.291,12,15,173779
0.291,12,15,972396
0.291,12,15,686966
0.291,12,15,370966
0.291,12,15,226861
0.291,12,15,1.44314e+06
0.291,12,15,208017
0.291,12,15,949625
0.291,12,15,683653
0.291,12,15,10310.3
0.291,12,15,25463.2
0.291,12,15,805079
0.291,12,15,64293.3
0.291,12,15,25045.4
0.291,12,15,420535
0.291,12,15,548228
0.291,12,15,305794
0.291,12,15,44580.8
0.291,12,15,146100
0.291,12,15,322557
0.291,12,15,130629
0.291,12,15,336880
0.291,12,15,436125
0.291,12,15,256562
0.291,12,15,158275
0.291,12,15,91655.6
0.291,12,15,242136
0.291,12,15,295461
0.291,12,15,866991
0.291,12,15,327097
0.291,12,15,140051
0.291,12,15,170464
0.291,12,15,30697.1
0.291,12,15,121776
0.291,12,15,235060
0.291,12,15,86824.6
0.291,12,15,183633
0.291,12,15,57454.4
0.291,12,15,116838
0.291,12,15,214144
0.291,12,15,120818
0.291,12,15,129974
0.291,12,15,111444
0.291,12,15,671748
0.291,12,15,157071
0.291,12,15,553804
0.291,12,15,265269
0.291,12,15,289296
0.291,12,15,19668.7
0.291,12,15,121442
0.291,12,15,982617
0.291,12,15,527716
0.291,12,15,1.12865e+06
0.291,12,15,159163
0.291,12,15,94527.7
0.291,12,15,1.26266e+06
0.291,12,15,38677.6
0.291,12,15,3102.16
0.291,12,15,59784.3
0.291,12,15,212737
0.291,12,15,209160
0.291,12,15,19583.7
0.291,12,15,157370
0.291,12,15,1.2527e+06
0.291,12,15,436040
0.291,12,15,208291
0.291,12,15,393820
0.291,12,15,54350
0.291,12,15,132566
0.291,12,15,30559.1
0.291,12,15,1.14871e+06
0.291,12,15,221532
0.291,12,15,381874
0.291,12,15,377576
0.291,12,15,162281
0.291,12,15,527975
0.291,12,15,884625
0.291,12,15,876097
0.291,12,15,11029.5
0.291,12,15,120248
0.291,12,15,358359
0.291,12,15,793409
0.291,12,15,15201.6
0.291,12,15,94341.7
0.291,12,15,238137
0.291,12,15,19664.2
0.291,12,15,784.163
0.291,12,15,22442.3
0.291,12,15,109690
0.291,12,15,429523
0.291,12,15,556291
0.291,12,15,196234
0.291,12,15,354851
0.291,12,15,195173
0.291,12,15,168383
0.291,12,15,471884
0.291,12,15,13267.5
0.291,12,15,5494.22
0.291,12,15,378809
0.291,12,15,121734
0.291,12,15,63310.1
0.291,12,15,100356
0.291,12,15,15578.8
0.291,12,15,184997
0.291,12,15,82635.9
0.291,12,15,2.24547e+06
0.291,12,15,45544.3
0.291,12,15,189603
0.291,12,15,106524
0.291,12,15,478463
0.291,12,15,140926
0.291,12,15,40087.4
0.291,12,15,14961.6
0.291,12,15,318660
0.291,12,15,224006
0.291,12,15,45243.3
0.291,12,15,450058
0.291,12,15,878515
0.291,12,15,141763
0.291,12,15,267934
0.291,12,15,303682
0.291,12,15,220343
0.291,12,15,220359
0.291,12,15,762006
0.291,12,15,331583
0.291,12,15,448531
0.291,12,15,93106.6
0.291,12,15,491088
0.291,12,15,33591.1
0.291,12,15,687692
0.291,12,15,58994.9
0.291,12,15,416036
0.291,12,15,410974
0.291,12,15,1.02062e+06
0.291,12,15,533173
0.291,12,15,89941.5
0.291,12,15,29227.8
0.291,12,15,152746
0.291,12,15,597821
0.291,12,15,251608
0.291,12,15,423043
0.291,12,15,254315
0.291,12,15,303222
0.291,12,15,1.20388e+06
0.291,12,15,897985
0.291,12,15,343170
0.291,12,15,212812
0.291,12,15,128101
0.291,12,15,43328.3
0.291,12,15,61467.6
0.291,12,15,140253
0.291,12,15,70652.6
0.291,12,15,70269
0.291,12,15,642041
0.291,12,15,275493
0.291,12,15,196606
0.291,12,15,520380
0.291,12,15,479482
0.291,12,15,915641
0.291,12,15,205293
0.291,12,15,243532
0.291,12,15,214738
0.291,12,15,119566
0.291,12,15,233972
0.291,12,15,336895
0.291,12,15,503483
0.291,12,15,52696.5
0.291,12,15,265569
0.291,12,15,163064
0.291,12,15,9957.7
0.291,12,15,210939
0.291,12,15,596874
0.291,12,15,85335.5
0.291,12,15,762383
0.291,12,15,140704
0.291,12,15,1.15842e+06
0.291,12,15,467536
0.291,12,15,742458
0.291,12,15,576701
0.291,12,15,201553
0.291,12,15,737100
0.291,12,15,36905.3
0.291,12,15,236194
0.291,12,15,41593.3
0.291,12,15,270053
0.291,12,15,768436
0.291,12,15,479767
0.291,12,15,191590
0.291,12,15,165903
0.291,12,15,285219
0.291,12,15,10442.5
0.291,12,15,90835.5
0.291,12,15,218504
0.291,12,15,112601
0.291,12,15,12488.1
0.291,12,15,207068
0.291,12,15,1.06868e+06
0.291,12,15,618693
0.291,12,15,392678
0.291,12,15,57805.7
0.291,12,15,457634
0.291,12,15,52945.7
0.291,12,15,45041.9
0.291,12,15,940507
0.291,12,15,108621
0.291,12,15,964924
0.291,12,15,50221.2
0.291,12,15,64244.7
0.291,12,15,122387
0.291,12,15,44751.6
0.291,12,15,30630.4
0.291,12,15,1.14283e+06
0.291,12,15,81976.9
0.291,12,15,453221
0.291,12,15,228570
0.291,12,15,193978
0.291,12,15,991159
0.291,12,15,36995.4
0.291,12,15,34616
0.291,12,15,125336
0.291,12,15,196914
0.291,12,15,20959.7
0.291,12,15,161844
0.291,12,15,485299
0.291,12,15,527827
0.291,12,15,407709
0.291,12,15,526545
0.291,12,15,103115
0.291,12,15,2683.44
0.291,12,15,39609
0.291,12,15,89035.5
0.291,12,15,56060.2
0.291,12,15,57601
0.291,12,15,34035.1
0.291,12,15,568216
0.291,12,15,6396.34
0.291,12,15,81888.9
0.291,12,15,73722.6
0.291,12,15,217998
0.291,12,15,589520
0.291,12,15,104339
0.291,12,15,302739
0.291,12,15,147236
0.291,12,15,13814.3
0.291,12,15,15794.3
0.291,12,15,172049
0.291,12,15,758828
0.291,12,15,413904
0.291,12,15,360167
0.291,12,15,417628
0.291,12,15,4027.94
0.291,12,15,300034
0.291,12,15,45372.8
0.291,12,15,143857
0.291,12,15,211046
0.291,12,15,579126
0.291,12,15,496760
0.291,12,15,136118
0.291,12,15,119109
0.291,12,15,102135
0.291,12,15,28330.4
0.291,12,15,23181.8
0.291,12,15,107264
0.291,12,15,245112
0.291,12,15,209939
0.291,12,15,584159
0.291,12,15,51518.3
0.291,12,15,382222
0.291,12,15,337135
0.291,12,15,477865
0.291,12,15,164751
0.291,12,15,1.2045e+06
0.291,12,15,222124
0.291,12,15,423334
0.291,12,15,107884
0.291,12,15,99006.7
0.291,12,15,405586
0.291,12,15,665381
0.291,12,15,1.02575e+06
0.291,12,15,711060
0.291,12,15,280416
0.291,12,15,182621
0.291,12,15,505281
0.291,12,15,59641.4
0.291,12,15,141037
0.291,12,15,440314
0.291,12,15,264246
0.291,12,15,244253
0.291,12,15,28250.3
0.291,12,15,348833
0.291,12,15,117857
0.291,12,15,343123
0.291,12,15,129244
0.291,12,15,1.0374e+06
0.291,12,15,301029
0.291,12,15,185586
0.291,12,15,901788
0.291,12,15,33310.2
0.291,12,15,632039
0.291,12,15,175297
0.291,12,15,392359
0.291,12,15,108018
0.291,12,15,211862
0.291,12,15,79210.1
0.291,12,15,185336
0.291,12,15,308059
0.291,12,15,304193
0.291,12,15,226287
0.291,12,15,38213.7
0.291,12,15,262272
0.291,12,15,829780
0.291,12,15,41891.5
0.291,12,15,246775
0.291,12,15,145076
0.291,12,15,136710
0.291,12,15,538853
0.291,12,15,170283
0.291,12,15,63684.8
0.291,12,15,48512.9
0.291,12,15,1.3784e+06
0.291,12,15,336832
0.291,12,15,1.01082e+06
0.291,12,15,27609.4
0.291,12,15,83378.7
0.291,12,15,332133
0.291,12,15,156775
0.291,12,15,124637
0.291,12,15,154319
0.291,12,15,796940
0.291,12,15,669523
0.291,12,15,66649.7
0.291,12,15,933082
0.291,12,15,1.18107e+06
0.291,12,15,554337
0.291,12,15,227128
0.291,12,15,664222
0.291,12,15,26391.3
0.291,12,15,42887.5
0.291,12,15,121537
0.291,12,15,149121
0.291,12,15,47236.8
0.291,12,15,496402
0.291,12,15,85218
0.291,12,15,53660.5
0.291,12,15,24113.6
0.291,12,15,13659
0.291,12,15,29236.7
0.291,12,15,152973
0.291,12,15,616972
0.291,12,15,163991
0.291,12,15,775638
0.291,12,15,160263
0.291,12,15,104081
0.291,12,15,63051.3
0.291,12,15,619745
0.291,12,15,750166
0.291,12,15,162066
0.291,12,15,469923
0.291,12,15,13071.8
0.291,12,15,60910.9
0.291,12,15,119595
0.291,12,15,269532
0.291,12,15,681347
0.291,12,15,2887.68
0.291,12,15,182452
0.291,12,15,433796
0.291,12,15,153126
0.291,12,15,69791.8
0.291,12,15,326001
0.291,12,15,302735
0.291,12,15,231987
0.291,12,15,317849
0.291,12,15,567556
0.291,12,15,3401.14
0.291,12,15,203465
0.291,12,15,93450.1
0.291,12,15,293785
0.291,12,15,622247
0.291,12,15,3583.09
0.291,12,15,207179
0.291,12,15,54504.7
0.291,12,15,179092
0.291,12,15,130470
0.291,12,15,198074
0.291,12,15,30772.3
0.291,12,15,107227
0.291,12,15,343136
0.291,12,15,826973
0.291,12,15,72909.5
0.291,12,15,119839
0.291,12,15,131324
0.291,12,15,29657.1
0.291,12,15,12511.1
0.291,12,15,322798
0.291,12,15,37172.2
0.291,12,15,562025
0.291,12,15,221491
0.291,12,15,156256
0.291,12,15,134410
0.291,12,15,48049.5
0.291,12,15,558250
0.291,12,15,210175
0.291,12,15,182731
0.291,12,15,203239
0.291,12,15,847405
0.291,12,15,360685
0.291,12,15,133432
0.291,12,15,45485.8
0.291,12,15,584842
0.291,12,15,349911
0.291,12,15,95194.3
0.291,12,15,23541.9
0.291,12,15,410416
0.291,12,15,118578
0.291,12,15,110024
0.291,12,15,381928
0.291,12,15,93381.6
0.291,12,15,21362.2
0.291,12,15,42099.6
0.291,12,15,141401
0.291,12,15,1.06878e+06
0.291,12,15,403257
0.291,12,15,106960
0.291,12,15,400052
0.291,12,15,184971
0.291,12,15,150567
0.291,12,15,46924.5
0.291,12,15,12319.8
0.291,12,15,295123
0.291,12,15,25563.5
0.291,12,15,217176
0.291,12,15,276050
0.291,12,15,598638
0.291,12,15,418522
0.291,12,15,336879
0.291,12,15,146566
0.291,12,15,21959.2
0.291,12,15,182163
0.291,12,15,161725
0.291,12,15,143387
0.291,12,15,481741
0.291,12,15,43115.8
0.291,12,15,189809
0.291,12,15,44358.3
0.291,12,15,501282
0.291,12,15,17484.5
0.291,12,15,216029
0.291,12,15,86672.2
0.291,12,15,225098
0.291,12,15,10520.4
0.291,12,15,330965
0.291,12,15,202618
0.291,12,15,504631
0.291,12,15,100683
0.291,12,15,201509
0.291,12,15,53713.8
0.291,12,15,136986
0.291,12,15,83036.1
0.291,12,15,25887.9
0.291,12,15,141395
0.291,12,15,31041.8
0.291,12,15,374013
0.291,12,15,164538
0.291,12,15,318492
0.291,12,15,292747
0.291,12,15,437031
0.291,12,15,502483
0.291,12,15,102060
0.291,12,15,430320
0.291,12,15,342595
0.291,12,15,14779.1
0.291,12,15,217085
0.291,12,15,435832
0.291,12,15,237900
0.291,12,15,438900
0.291,12,15,205645
0.291,12,15,43975.6
0.291,12,15,100609
0.291,12,15,98847
0.291,12,15,116424
0.291,12,15,585980
0.291,12,15,396904
0.291,12,15,177553
0.291,12,15,264218
0.291,12,15,1.26365e+06
0.291,12,15,132653
0.291,12,15,937379
0.291,12,15,157099
0.291,12,15,685663
0.291,12,15,99889.5
0.291,12,15,54177.3
0.291,12,15,624199
0.291,12,15,264545
0.291,12,15,761291
0.291,12,15,32652.6
0.291,12,15,499479
0.291,12,15,165589
0.291,12,15,1986.24
0.291,12,15,525118
0.291,12,15,118250
0.291,12,15,37036.5
0.291,12,15,40648.5
0.291,12,15,121538
0.291,12,15,4269.94
0.291,12,15,663783
0.291,12,15,258707
0.291,12,15,461851
0.291,12,15,976537
0.291,12,15,47135.3
0.291,12,15,102407
0.291,12,15,337419
0.291,12,15,680427
0.291,12,15,137454
0.291,12,15,935504
0.291,12,15,413774
0.291,12,15,643685
0.291,12,15,103942
0.291,12,15,351795
0.291,12,15,230286
0.291,12,15,184672
0.291,12,15,463688
0.291,12,15,107875
0.291,12,15,208106
0.291,12,15,530598
0.291,12,15,1.80673e+06
0.291,12,15,69964.3
0.291,12,15,151525
0.291,12,15,48370.7
0.291,12,15,67119.7
0.291,12,15,207558
0.291,12,15,40927.1
0.291,12,15,752561
0.291,12,15,682093
0.291,12,15,323613
0.291,12,15,235192
0.291,12,15,291823
0.291,12,15,227852
0.291,12,15,539144
0.291,12,15,186523
0.291,12,15,706069
0.291,12,15,272010
0.291,12,15,260604
0.291,12,15,878378
0.291,12,15,1.22356e+06
0.291,12,15,4884.86
0.291,12,15,194100
0.291,12,15,817187
0.291,12,15,38631.4
0.291,12,15,30086.7
0.291,12,15,169920
0.291,12,15,294143
0.291,12,15,51347.1
0.291,12,15,191679
0.291,12,15,123680
0.291,12,15,137229
0.291,12,15,55824
0.291,12,15,82568.6
0.291,12,15,185300
0.291,12,15,146128
0.291,12,15,316559
0.291,12,15,5624.14
0.291,12,15,40269.2
0.291,12,15,17454.7
0.291,12,15,183879
0.291,12,15,320049
0.291,12,15,227061
0.291,12,15,412780
0.291,12,15,494754
0.291,12,15,75426.9
0.291,12,15,206507
0.291,12,15,291448
0.291,12,15,229937
0.291,12,15,184864
0.291,12,15,30272
0.291,12,15,161887
0.291,12,15,223873
0.291,12,15,130139
0.291,12,15,905002
0.291,12,15,4666.5
0.291,12,15,61367.5
0.291,12,15,192874
0.291,12,15,62113.4
0.291,12,15,199557
0.291,12,15,358883
0.291,12,15,231214
0.291,12,15,499573
0.291,12,15,33582.8
0.291,12,15,187951
0.291,12,15,12531.5
0.291,12,15,62319.1
0.291,12,15,205005
0.291,12,15,421886
0.291,12,15,470818
0.291,12,15,204795
0.291,12,15,222185
0.291,12,15,268841
0.291,12,15,89827.3
0.291,12,15,64237.6
0.291,12,15,512651
0.291,12,15,13818.5
0.291,12,15,62332.1
0.291,12,15,249863
0.291,12,15,21213.2
0.291,12,15,43399.2
0.291,12,15,87298.2
0.291,12,15,4949.75
0.291,12,15,20218.2
0.291,12,15,394483
0.291,12,15,23969.1
0.291,12,15,163768
0.291,12,15,372864
0.291,12,15,224064
0.291,12,15,162427
0.291,12,15,18163.9
0.291,12,15,76792.2
0.291,12,15,29609.2
0.291,12,15,139001
0.291,12,15,34092
0.291,12,15,10302.5
0.291,12,15,727100
0.291,12,15,124708
0.291,12,15,120430
0.291,12,15,126563
0.291,12,15,302824
0.291,12,15,262955
0.291,12,15,8526.03
0.291,12,15,232896
0.291,12,15,49497.2
0.291,12,15,452031
0.291,12,15,86048.3
0.291,12,15,118931
0.291,12,15,416856
0.291,12,15,2088.61
0.291,12,15,64780
0.291,12,15,297381
0.291,12,15,46827.2
0.291,12,15,118088
0.291,12,15,434493
0.291,12,15,207322
0.291,12,15,57792.4
0.291,12,15,193372
0.291,12,15,614593
0.291,12,15,215966
0.291,12,15,22733.4
0.291,12,15,507694
0.291,12,15,85808.2
0.291,12,15,415984
0.291,12,15,212511
0.291,12,15,751403
0.291,12,15,521360
0.291,12,15,300427
0.291,12,15,275426
0.291,12,15,134786
0.291,12,15,101322
0.291,12,15,506373
0.291,12,15,270118
0.291,12,15,305843
0.291,12,15,384350
0.291,12,15,144407
0.291,12,15,44084.3
0.291,12,15,482507
0.291,12,15,236978
0.291,12,15,835151
0.291,12,15,253169
0.291,12,15,141259
0.291,12,15,245280
0.291,12,15,22636.7
0.291,12,15,154575
0.291,12,15,1.51447e+06
0.291,12,15,32374.6
0.291,12,15,20074.9
0.291,12,15,1.11472e+06
0.291,12,15,1.40857e+06
0.291,12,15,53929.2
0.291,12,15,8329.69
0.291,12,15,312520
0.291,12,15,135747
0.291,12,15,131613
0.291,12,15,52551.9
0.291,12,15,253738
0.291,12,15,750384
0.291,12,15,15064.2
0.291,12,15,409705
0.291,12,15,65776.6
0.291,12,15,65594.1
0.291,12,15,110826
0.291,12,15,84028.1
0.291,12,15,1.04341e+06
0.291,12,15,806913
0.291,12,15,341247
0.291,12,15,169356
0.291,12,15,150792
0.291,12,15,481623
0.291,12,15,130541
0.291,12,15,203809
0.291,12,15,56261
0.291,12,15,183608
0.291,12,15,1.06857e+06
0.291,12,15,139172
0.291,12,15,688378
0.291,12,15,304384
0.291,12,15,103826
0.291,12,15,30626
0.291,12,15,51811.6
0.291,12,15,290206
0.291,12,15,175185
0.291,12,15,224335
0.291,12,15,32707.1
0.291,12,15,1323.99
0.291,12,15,312429
0.291,12,15,272274
0.291,12,15,67726.9
0.291,12,15,26149.4
0.291,12,15,405006
0.291,12,15,109766
0.291,12,15,64020.4
0.291,12,15,155523
0.291,12,15,129635
0.291,12,15,122933
0.291,12,15,132380
0.291,12,15,85170.1
0.291,12,15,79825.2
0.291,12,15,1.2873e+06
0.291,12,15,195310
0.291,12,15,1.21257e+06
0.291,12,15,330829
0.291,12,15,163373
0.291,12,15,762720
0.291,12,15,163821
0.291,12,15,304496
0.291,12,15,328184
0.291,12,15,57716.9
0.291,12,15,450053
0.291,12,15,234832
0.291,12,15,296728
0.291,12,15,83351.8
0.291,12,15,117423
0.291,12,15,155795
0.291,12,15,26760.3
0.291,12,15,119494
0.291,12,15,94073.7
0.291,12,15,171403
0.291,12,15,754154
0.291,12,15,671507
0.291,12,15,596418
0.291,12,15,58618.2
0.291,12,15,506916
0.291,12,15,85337
0.291,12,15,194151
0.291,12,15,85388.1
0.291,12,15,288581
0.291,12,15,109474
0.291,12,15,33084
0.291,12,15,83318.6
0.291,12,15,308949
0.291,12,15,898421
0.291,12,15,235259
0.291,12,15,90324
0.291,12,15,402642
0.291,12,15,169397
0.291,12,15,368269
0.291,12,15,25788.7
0.291,12,15,134111
0.291,12,15,262604
0.291,12,15,583219
0.291,12,15,65940
0.291,12,15,58657.5
0.291,12,15,141819
0.291,12,15,404584
0.291,12,15,760691
0.291,12,15,298316
0.291,12,15,626960
0.291,12,15,1.04966e+06
0.291,12,15,168530
0.291,12,15,166040
0.291,12,15,264266
0.291,12,15,71306.3
0.291,12,15,120374
0.291,12,15,76789.8
0.291,12,15,50217.5
0.291,12,15,462580
0.291,12,15,17818.2
0.291,12,15,280797
0.291,12,15,28101.3
0.291,12,15,94933.4
0.291,12,15,355369
0.291,12,15,617583
0.291,12,15,542023
0.291,12,15,504620
0.291,12,15,987529
0.291,12,15,683161
0.291,12,15,118380
0.291,12,15,271477
0.291,12,15,1005.4
0.291,12,15,146630
0.291,12,15,247183
0.291,12,15,115605
0.291,12,15,27634.6
0.291,12,15,96586.8
0.291,12,15,581124
0.291,12,15,821321
0.291,12,15,112939
0.291,12,15,569787
0.291,12,15,305950
0.291,12,15,301091
0.291,12,15,86343.3
0.291,12,15,66815.8
0.291,12,15,255879
0.291,12,15,269780
0.291,12,15,706018
0.291,12,15,119834
0.291,12,15,160391
0.291,12,15,293163
0.291,12,15,83759.1
0.291,12,15,483532
0.291,12,15,721326
0.291,12,15,429533
0.291,12,15,36758.7
0.291,12,15,341800
0.291,12,15,24343.4
0.291,12,15,527205
0.291,12,15,299508
0.291,12,15,690262
0.291,12,15,263434
0.291,12,15,64802.4
0.291,12,15,117521
0.291,12,15,561298
0.291,12,15,734794
0.291,12,15,28630.2
0.291,12,15,309115
0.291,12,15,885452
0.291,12,15,159132
0.291,12,15,223064
0.291,12,15,115966
0.291,12,15,778853
0.291,12,15,472294
0.291,12,15,143521
0.291,12,15,26323.3
0.291,12,15,87944.8
0.291,12,15,249894
0.291,12,15,68423.8
0.291,12,15,495370
0.291,12,15,60181.3
0.291,12,15,218205
0.291,12,15,19747.7
0.291,12,15,153411
0.291,12,15,705287
0.291,12,15,45507.5
0.291,12,15,254966
0.291,12,15,132877
0.291,12,15,443208
0.291,12,15,27084.6
0.291,12,15,205998
0.291,12,15,617614
0.291,12,15,655796
0.291,12,15,137680
0.291,12,15,91698.8
0.291,12,15,319156
0.291,12,15,17508.8
0.291,12,15,21043.6
0.291,12,15,92194.1
0.291,12,15,132578
0.291,12,15,61404.6
0.291,12,15,482825
0.291,12,15,95637.7
0.291,12,15,177760
0.291,12,15,287786
0.291,12,15,9923.32
0.291,12,15,424030
0.291,12,15,132237
0.291,12,15,66289.5
0.291,12,15,1.34113e+06
0.291,12,15,11821.5
0.291,12,15,83191.2
0.291,15,18,58677
0.291,15,18,201460
0.291,15,18,169407
0.291,15,18,212834
0.291,15,18,367130
0.291,15,18,193136
0.291,15,18,117139
0.291,15,18,246214
0.291,15,18,7306.56
0.291,15,18,578262
0.291,15,18,11833.2
0.291,15,18,112087
0.291,15,18,8705.19
0.291,15,18,446281
0.291,15,18,55168.6
0.291,15,18,50183.1
0.291,15,18,796359
0.291,15,18,238598
0.291,15,18,44823.7
0.291,15,18,58015
0.291,15,18,163618
0.291,15,18,253047
0.291,15,18,164942
0.291,15,18,505652
0.291,15,18,447654
0.291,15,18,183496
0.291,15,18,295561
0.291,15,18,66322.8
0.291,15,18,719225
0.291,15,18,56703.8
0.291,15,18,100156
0.291,15,18,171574
0.291,15,18,91505.6
0.291,15,18,806914
0.291,15,18,356290
0.291,15,18,37804.8
0.291,15,18,41168.3
0.291,15,18,77453.8
0.291,15,18,193491
0.291,15,18,9261.71
0.291,15,18,223713
0.291,15,18,280924
0.291,15,18,80753.4
0.291,15,18,729788
0.291,15,18,235454
0.291,15,18,140412
0.291,15,18,410431
0.291,15,18,156266
0.291,15,18,293252
0.291,15,18,382912
0.291,15,18,383010
0.291,15,18,600415
0.291,15,18,589523
0.291,15,18,26917.1
0.291,15,18,179105
0.291,15,18,168756
0.291,15,18,196506
0.291,15,18,244292
0.291,15,18,1.1675e+06
0.291,15,18,181872
0.291,15,18,124285
0.291,15,18,12897.8
0.291,15,18,325695
0.291,15,18,703898
0.291,15,18,1.11978e+06
0.291,15,18,32349.5
0.291,15,18,103155
0.291,15,18,1.16025e+06
0.291,15,18,207159
0.291,15,18,1.22562e+06
0.291,15,18,393605
0.291,15,18,415266
0.291,15,18,232015
0.291,15,18,415507
0.291,15,18,306399
0.291,15,18,262504
0.291,15,18,43332
0.291,15,18,128600
0.291,15,18,581111
0.291,15,18,524313
0.291,15,18,75342.9
0.291,15,18,783813
0.291,15,18,323652
0.291,15,18,645881
0.291,15,18,12783.9
0.291,15,18,147333
0.291,15,18,196887
0.291,15,18,165557
0.291,15,18,170325
0.291,15,18,275745
0.291,15,18,6616.93
0.291,15,18,122139
0.291,15,18,248303
0.291,15,18,71492.5
0.291,15,18,429567
0.291,15,18,439599
0.291,15,18,269316
0.291,15,18,84834.4
0.291,15,18,68603
0.291,15,18,395163
0.291,15,18,286335
0.291,15,18,11939.4
0.291,15,18,606128
0.291,15,18,352655
0.291,15,18,149163
0.291,15,18,111354
0.291,15,18,531311
0.291,15,18,265723
0.291,15,18,615078
0.291,15,18,41542.4
0.291,15,18,171834
0.291,15,18,319045
0.291,15,18,699697
0.291,15,18,70720.9
0.291,15,18,588837
0.291,15,18,148504
0.291,15,18,194235
0.291,15,18,347182
0.291,15,18,64675.5
0.291,15,18,376230
0.291,15,18,376719
0.291,15,18,291491
0.291,15,18,947867
0.291,15,18,719108
0.291,15,18,307296
0.291,15,18,455860
0.291,15,18,234751
0.291,15,18,580301
0.291,15,18,76240.5
0.291,15,18,181528
0.291,15,18,81907.2
0.291,15,18,5283.87
0.291,15,18,125583
0.291,15,18,391660
0.291,15,18,405898
0.291,15,18,208520
0.291,15,18,207017
0.291,15,18,17848.7
0.291,15,18,383636
0.291,15,18,109329
0.291,15,18,11303.5
0.291,15,18,179726
0.291,15,18,72452.1
0.291,15,18,165923
0.291,15,18,277039
0.291,15,18,382688
0.291,15,18,284139
0.291,15,18,71783
0.291,15,18,212788
0.291,15,18,229871
0.291,15,18,864855
0.291,15,18,425368
0.291,15,18,110983
0.291,15,18,398056
0.291,15,18,677241
0.291,15,18,52092.2
0.291,15,18,1.03152e+06
0.291,15,18,667316
0.291,15,18,261606
0.291,15,18,328522
0.291,15,18,386242
0.291,15,18,31936.1
0.291,15,18,90068.7
0.291,15,18,204150
0.291,15,18,338716
0.291,15,18,243829
0.291,15,18,66482.7
0.291,15,18,498124
0.291,15,18,10559.1
0.291,15,18,188707
0.291,15,18,24469.3
0.291,15,18,110449
0.291,15,18,167104
0.291,15,18,222573
0.291,15,18,498378
0.291,15,18,152729
0.291,15,18,85767.5
0.291,15,18,330262
0.291,15,18,422496
0.291,15,18,234655
0.291,15,18,78993.8
0.291,15,18,47431.1
0.291,15,18,206148
0.291,15,18,12247.1
0.291,15,18,1.0526e+06
0.291,15,18,77397.3
0.291,15,18,482359
0.291,15,18,101046
0.291,15,18,446606
0.291,15,18,93990.1
0.291,15,18,900781
0.291,15,18,281663
0.291,15,18,120104
0.291,15,18,64837.5
0.291,15,18,512071
0.291,15,18,51090.1
0.291,15,18,221592
0.291,15,18,1.10135e+06
0.291,15,18,477845
0.291,15,18,22556.5
0.291,15,18,194606
0.291,15,18,138163
0.291,15,18,74727
0.291,15,18,88532
0.291,15,18,6695.5
0.291,15,18,204231
0.291,15,18,203814
0.291,15,18,1.34948e+06
0.291,15,18,80153.8
0.291,15,18,400209
0.291,15,18,39070.5
0.291,15,18,734589
0.291,15,18,1.0971e+06
0.291,15,18,294105
0.291,15,18,177759
0.291,15,18,148435
0.291,15,18,270817
0.291,15,18,278211
0.291,15,18,546070
0.291,15,18,258989
0.291,15,18,293223
0.291,15,18,333896
0.291,15,18,49570
0.291,15,18,412698
0.291,15,18,399591
0.291,15,18,26063.3
0.291,15,18,10652.2
0.291,15,18,128331
0.291,15,18,282467
0.291,15,18,166895
0.291,15,18,1.32811e+06
0.291,15,18,414557
0.291,15,18,62709.8
0.291,15,18,176489
0.291,15,18,507498
0.291,15,18,725980
0.291,15,18,251154
0.291,15,18,152772
0.291,15,18,83091.1
0.291,15,18,39623.2
0.291,15,18,108881
0.291,15,18,658927
0.291,15,18,141310
0.291,15,18,303595
0.291,15,18,101739
0.291,15,18,168556
0.291,15,18,849470
0.291,15,18,743901
0.291,15,18,533784
0.291,15,18,429275
0.291,15,18,135254
0.291,15,18,59285.8
0.291,15,18,856954
0.291,15,18,59082.4
0.291,15,18,286567
0.291,15,18,523605
0.291,15,18,334054
0.291,15,18,362537
0.291,15,18,10726.1
0.291,15,18,36288.1
0.291,15,18,111998
0.291,15,18,212721
0.291,15,18,937653
0.291,15,18,511468
0.291,15,18,261337
0.291,15,18,430055
0.291,15,18,244655
0.291,15,18,122551
0.291,15,18,41800.7
0.291,15,18,24263.9
0.291,15,18,107240
0.291,15,18,257041
0.291,15,18,96819.2
0.291,15,18,261782
0.291,15,18,471579
0.291,15,18,1.19633e+06
0.291,15,18,182545
0.291,15,18,184904
0.291,15,18,91935.3
0.291,15,18,35384.8
0.291,15,18,224280
0.291,15,18,105910
0.291,15,18,1.43986e+06
0.291,15,18,1.70889e+06
0.291,15,18,7958.67
0.291,15,18,39992.9
0.291,15,18,177121
0.291,15,18,172348
0.291,15,18,6276.72
0.291,15,18,171270
0.291,15,18,164048
0.291,15,18,70128.4
0.291,15,18,233492
0.291,15,18,401144
0.291,15,18,675663
0.291,15,18,132967
0.291,15,18,130369
0.291,15,18,123094
0.291,15,18,332589
0.291,15,18,6978.01
0.291,15,18,398752
0.291,15,18,104659
0.291,15,18,370547
0.291,15,18,549283
0.291,15,18,239247
0.291,15,18,160722
0.291,15,18,197584
0.291,15,18,73850.3
0.291,15,18,2859.5
0.291,15,18,206568
0.291,15,18,66090.2
0.291,15,18,379505
0.291,15,18,894047
0.291,15,18,89167.3
0.291,15,18,446186
0.291,15,18,66398.8
0.291,15,18,611024
0.291,15,18,61554.7
0.291,15,18,47544.1
0.291,15,18,498248
0.291,15,18,152598
0.291,15,18,724176
0.291,15,18,84101.5
0.291,15,18,171400
0.291,15,18,546609
0.291,15,18,354862
0.291,15,18,224746
0.291,15,18,514378
0.291,15,18,180703
0.291,15,18,102097
0.291,15,18,876844
0.291,15,18,222482
0.291,15,18,349958
0.291,15,18,86591.5
0.291,15,18,502990
0.291,15,18,112236
0.291,15,18,767773
0.291,15,18,330673
0.291,15,18,64371.3
0.291,15,18,571836
0.291,15,18,189071
0.291,15,18,113632
0.291,15,18,793484
0.291,15,18,73107.2
0.291,15,18,267570
0.291,15,18,35747
0.291,15,18,911801
0.291,15,18,187269
0.291,15,18,105245
0.291,15,18,139251
0.291,15,18,295326
0.291,15,18,143039
0.291,15,18,469831
0.291,15,18,438096
0.291,15,18,78139.1
0.291,15,18,716313
0.291,15,18,167206
0.291,15,18,1.02301e+06
0.291,15,18,809364
0.291,15,18,80251.8
0.291,15,18,324417
0.291,15,18,574162
0.291,15,18,980001
0.291,15,18,300856
0.291,15,18,56812.2
0.291,15,18,589658
0.291,15,18,757830
0.291,15,18,499313
0.291,15,18,312261
0.291,15,18,48215.7
0.291,15,18,231061
0.291,15,18,522995
0.291,15,18,48626.6
0.291,15,18,16641.2
0.291,15,18,30902.7
0.291,15,18,698243
0.291,15,18,104959
0.291,15,18,1.16689e+06
0.291,15,18,119549
0.291,15,18,241640
0.291,15,18,514567
0.291,15,18,331336
0.291,15,18,308585
0.291,15,18,252675
0.291,15,18,1.5825e+06
0.291,15,18,364003
0.291,15,18,100658
0.291,15,18,963215
0.291,15,18,355736
0.291,15,18,92791.1
0.291,15,18,231205
0.291,15,18,37929.1
0.291,15,18,54209
0.291,15,18,153737
0.291,15,18,12461.3
0.291,15,18,196295
0.291,15,18,23007.5
0.291,15,18,335562
0.291,15,18,312900
0.291,15,18,621664
0.291,15,18,42675.4
0.291,15,18,272328
0.291,15,18,279231
0.291,15,18,74475.1
0.291,15,18,576183
0.291,15,18,31622.9
0.291,15,18,125116
0.291,15,18,313883
0.291,15,18,120470
0.291,15,18,297448
0.291,15,18,294967
0.291,15,18,61384.8
0.291,15,18,134355
0.291,15,18,309780
0.291,15,18,650971
0.291,15,18,869764
0.291,15,18,479045
0.291,15,18,59935
0.291,15,18,624419
0.291,15,18,430274
0.291,15,18,825666
0.291,15,18,1.0378e+06
0.291,15,18,456717
0.291,15,18,11304.8
0.291,15,18,219923
0.291,15,18,338564
0.291,15,18,450271
0.291,15,18,330891
0.291,15,18,840140
0.291,15,18,477339
0.291,15,18,1.09951e+06
0.291,15,18,501930
0.291,15,18,147659
0.291,15,18,906049
0.291,15,18,850433
0.291,15,18,310677
0.291,15,18,140811
0.291,15,18,362240
0.291,15,18,92521.7
0.291,15,18,9303.56
0.291,15,18,451672
0.291,15,18,13577.8
0.291,15,18,463565
0.291,15,18,580776
0.291,15,18,376819
0.291,15,18,131367
0.291,15,18,288087
0.291,15,18,359719
0.291,15,18,207203
0.291,15,18,230361
0.291,15,18,237896
0.291,15,18,189581
0.291,15,18,162044
0.291,15,18,99507.2
0.291,15,18,75910.3
0.291,15,18,161044
0.291,15,18,475310
0.291,15,18,530774
0.291,15,18,625708
0.291,15,18,42753
0.291,15,18,184218
0.291,15,18,428539
0.291,15,18,318338
0.291,15,18,1.4814e+06
0.291,15,18,168492
0.291,15,18,32557.8
0.291,15,18,218033
0.291,15,18,32720.6
0.291,15,18,27885.4
0.291,15,18,1.38113e+06
0.291,15,18,542849
0.291,15,18,304866
0.291,15,18,59416.2
0.291,15,18,280900
0.291,15,18,36819
0.291,15,18,230387
0.291,15,18,426972
0.291,15,18,827825
0.291,15,18,77386.2
0.291,15,18,516384
0.291,15,18,215157
0.291,15,18,92950
0.291,15,18,240980
0.291,15,18,455833
0.291,15,18,255226
0.291,15,18,539967
0.291,15,18,140144
0.291,15,18,537248
0.291,15,18,483724
0.291,15,18,425419
0.291,15,18,138983
0.291,15,18,813134
0.291,15,18,47735.4
0.291,15,18,763703
0.291,15,18,129542
0.291,15,18,1.36794e+06
0.291,15,18,315455
0.291,15,18,266092
0.291,15,18,160073
0.291,15,18,606137
0.291,15,18,362191
0.291,15,18,53405.6
0.291,15,18,102444
0.291,15,18,43095.4
0.291,15,18,82561
0.291,15,18,238007
0.291,15,18,817360
0.291,15,18,409404
0.291,15,18,173115
0.291,15,18,243265
0.291,15,18,1.13871e+06
0.291,15,18,243165
0.291,15,18,155882
0.291,15,18,200437
0.291,15,18,309833
0.291,15,18,53841.7
0.291,15,18,142684
0.291,15,18,287613
0.291,15,18,204887
0.291,15,18,268067
0.291,15,18,372039
0.291,15,18,354446
0.291,15,18,157113
0.291,15,18,363196
0.291,15,18,110573
0.291,15,18,12959.6
0.291,15,18,14070.9
0.291,15,18,234255
0.291,15,18,882055
0.291,15,18,244081
0.291,15,18,54701.9
0.291,15,18,286934
0.291,15,18,28326.9
0.291,15,18,14276.2
0.291,15,18,152346
0.291,15,18,351641
0.291,15,18,15742.1
0.291,15,18,493710
0.291,15,18,431272
0.291,15,18,319308
0.291,15,18,101781
0.291,15,18,455951
0.291,15,18,13130.8
0.291,15,18,916501
0.291,15,18,346193
0.291,15,18,221037
0.291,15,18,725176
0.291,15,18,347996
0.291,15,18,33786
0.291,15,18,329160
0.291,15,18,361479
0.291,15,18,230283
0.291,15,18,1.02086e+06
0.291,15,18,96042.2
0.291,15,18,47100.7
0.291,15,18,1.10022e+06
0.291,15,18,127850
0.291,15,18,124138
0.291,15,18,81130.2
0.291,15,18,496477
0.291,15,18,254376
0.291,15,18,68906.8
0.291,15,18,248537
0.291,15,18,88074.7
0.291,15,18,403333
0.291,15,18,965881
0.291,15,18,29067.6
0.291,15,18,396078
0.291,15,18,57184.3
0.291,15,18,183723
0.291,15,18,44077.4
0.291,15,18,298062
0.291,15,18,163506
0.291,15,18,42953.2
0.291,15,18,27188.7
0.291,15,18,231759
0.291,15,18,742805
0.291,15,18,229472
0.291,15,18,1.26983e+06
0.291,15,18,310395
0.291,15,18,408712
0.291,15,18,397661
0.291,15,18,127199
0.291,15,18,549461
0.291,15,18,427741
0.291,15,18,80340.4
0.291,15,18,5907.98
0.291,15,18,14986.9
0.291,15,18,117028
0.291,15,18,137879
0.291,15,18,90338.4
0.291,15,18,787527
0.291,15,18,225560
0.291,15,18,171472
0.291,15,18,93793.4
0.291,15,18,390558
0.291,15,18,76484.3
0.291,15,18,177446
0.291,15,18,699586
0.291,15,18,113071
0.291,15,18,451310
0.291,15,18,123999
0.291,15,18,753606
0.291,15,18,229111
0.291,15,18,139288
0.291,15,18,189792
0.291,15,18,45499.8
0.291,15,18,253930
0.291,15,18,759168
0.291,15,18,322300
0.291,15,18,1.37885e+06
0.291,15,18,536018
0.291,15,18,661242
0.291,15,18,850672
0.291,15,18,302247
0.291,15,18,258596
0.291,15,18,421662
0.291,15,18,154326
0.291,15,18,1.01859e+06
0.291,15,18,22051
0.291,15,18,64196.7
0.291,15,18,785860
0.291,15,18,363027
0.291,15,18,270900
0.291,15,18,71429.4
0.291,15,18,439543
0.291,15,18,260133
0.291,15,18,604972
0.291,15,18,465094
0.291,15,18,319497
0.291,15,18,126441
0.291,15,18,13365.3
0.291,15,18,36832.5
0.291,15,18,799582
0.291,15,18,91864.5
0.291,15,18,198144
0.291,15,18,464417
0.291,15,18,724091
0.291,15,18,259347
0.291,15,18,386019
0.291,15,18,594094
0.291,15,18,1.40765e+06
0.291,15,18,176824
0.291,15,18,38857.9
0.291,15,18,123426
0.291,15,18,252640
0.291,15,18,667809
0.291,15,18,70901.5
0.291,15,18,528915
0.291,15,18,163977
0.291,15,18,2292.3
0.291,15,18,93612.7
0.291,15,18,8868.94
0.291,15,18,27907.6
0.291,15,18,262098
0.291,15,18,204785
0.291,15,18,349554
0.291,15,18,690299
0.291,15,18,352026
0.291,15,18,1.13741e+06
0.291,15,18,173608
0.291,15,18,55787.9
0.291,15,18,1.02777e+06
0.291,15,18,133981
0.291,15,18,45171.5
0.291,15,18,126791
0.291,15,18,2.24754e+06
0.291,15,18,180798
0.291,15,18,767750
0.291,15,18,98191.2
0.291,15,18,337151
0.291,15,18,625534
0.291,15,18,119698
0.291,15,18,53296.3
0.291,15,18,25435.5
0.291,15,18,431736
0.291,15,18,629182
0.291,15,18,172191
0.291,15,18,714755
0.291,15,18,179967
0.291,15,18,372327
0.291,15,18,100856
0.291,15,18,280835
0.291,15,18,97112.5
0.291,15,18,148436
0.291,15,18,1.62946e+06
0.291,15,18,360572
0.291,15,18,708210
0.291,15,18,359757
0.291,15,18,362552
0.291,15,18,206480
0.291,15,18,179580
0.291,15,18,368983
0.291,15,18,129331
0.291,15,18,808196
0.291,15,18,83191.4
0.291,15,18,301620
0.291,15,18,176116
0.291,15,18,93089.2
0.291,15,18,375514
0.291,15,18,304822
0.291,15,18,519863
0.291,15,18,298942
0.291,15,18,157549
0.291,15,18,100868
0.291,15,18,205767
0.291,15,18,704641
0.291,15,18,343699
0.291,15,18,219357
0.291,15,18,171158
0.291,15,18,70055.5
0.291,15,18,135992
0.291,15,18,441962
0.291,15,18,340072
0.291,15,18,210774
0.291,15,18,230480
0.291,15,18,272080
0.291,15,18,21267.6
0.291,15,18,853184
0.291,15,18,232196
0.291,15,18,225148
0.291,15,18,141175
0.291,15,18,278380
0.291,15,18,283989
0.291,15,18,108595
0.291,15,18,430605
0.291,15,18,276607
0.291,15,18,536645
0.291,15,18,74995.5
0.291,15,18,74308.7
0.291,15,18,503168
0.291,15,18,452097
0.291,15,18,399042
0.291,15,18,209391
0.291,15,18,320500
0.291,15,18,555663
0.291,15,18,319423
0.291,15,18,529147
0.291,15,18,54637.7
0.291,15,18,247507
0.291,15,18,16581.1
0.291,15,18,152272
0.291,15,18,290280
0.291,15,18,1.11966e+06
0.291,15,18,302678
0.291,15,18,45374.2
0.291,15,18,169217
0.291,15,18,28513.1
0.291,15,18,281212
0.291,15,18,659662
0.291,15,18,173203
0.291,15,18,16405.5
0.291,15,18,123488
0.291,15,18,14026.5
0.291,15,18,822404
0.291,15,18,171079
0.291,15,18,326042
0.291,15,18,67532.1
0.291,15,18,377158
0.291,15,18,92302.4
0.291,15,18,497392
0.291,15,18,320979
0.291,15,18,46831.2
0.291,15,18,207429
0.291,15,18,760916
0.291,15,18,224130
0.291,15,18,526573
0.291,15,18,366970
0.291,15,18,188431
0.291,15,18,598439
0.291,15,18,118320
0.291,15,18,119507
0.291,15,18,7310.94
0.291,15,18,229224
0.291,15,18,221599
0.291,15,18,78472.5
0.291,15,18,147363
0.291,15,18,422971
0.291,15,18,657017
0.291,15,18,29168.1
0.291,15,18,492710
0.291,15,18,228686
0.291,15,18,73341.1
0.291,15,18,22428.2
0.291,15,18,228849
0.291,15,18,205679
0.291,15,18,1.7206e+06
0.291,15,18,408485
0.291,15,18,857322
0.291,15,18,148553
0.291,15,18,201431
0.291,15,18,118298
0.291,15,18,538366
0.291,15,18,97142.4
0.291,15,18,14423.1
0.291,15,18,161452
0.291,15,18,345190
0.291,15,18,628010
0.291,15,18,465383
0.291,15,18,1.17861e+06
0.291,15,18,1.64397e+06
0.291,15,18,687853
0.291,15,18,320642
0.291,15,18,39340.1
0.291,15,18,80054.5
0.291,15,18,19891.4
0.291,15,18,109672
0.291,15,18,258570
0.291,15,18,156779
0.291,15,18,403490
0.291,15,18,378993
0.291,15,18,283066
0.291,15,18,143221
0.291,15,18,270186
0.291,15,18,127375
0.291,15,18,364723
0.291,15,18,129190
0.291,15,18,340055
0.291,15,18,114235
0.291,15,18,73713.8
0.291,15,18,498757
0.291,15,18,937229
0.291,15,18,1.79308e+06
0.291,15,18,80650.4
0.291,15,18,32712.1
0.291,15,18,129785
0.291,15,18,33771.7
0.291,15,18,276941
0.291,15,18,109675
0.291,15,18,190425
0.291,15,18,218361
0.291,15,18,134759
0.291,15,18,877873
0.291,15,18,295020
0.291,15,18,52371.1
0.291,15,18,154868
0.291,15,18,230557
0.291,15,18,643273
0.291,15,18,111308
0.291,15,18,585106
0.291,15,18,744110
0.291,15,18,427654
0.291,15,18,404169
0.291,15,18,26342.3
0.291,15,18,105680
0.291,15,18,139616
0.291,15,18,51177.7
0.291,15,18,76864.3
0.291,15,18,749936
0.291,15,18,3689.65
0.291,15,18,1.58287e+06
0.291,15,18,27992.3
0.291,15,18,441614
0.291,15,18,501135
0.291,15,18,326394
0.291,15,18,59259.1
0.291,15,18,90303.9
0.291,15,18,910278
0.291,15,18,224899
0.291,15,18,218699
0.291,15,18,320733
0.291,15,18,327744
0.291,15,18,684221
0.291,15,18,622724
0.291,15,18,153414
0.291,15,18,162948
0.291,15,18,142053
0.291,15,18,210764
0.291,15,18,244878
0.291,15,18,75894
0.291,15,18,567867
0.291,15,18,69788.8
0.291,15,18,1.0317e+06
0.291,15,18,585138
0.291,15,18,25492
0.291,15,18,210240
0.291,15,18,149049
0.291,15,18,420858
0.291,15,18,121403
0.291,15,18,285163
0.291,15,18,113687
0.291,15,18,1.05825e+06
0.291,15,18,183721
0.291,15,18,290897
0.291,15,18,175634
0.291,15,18,14213
0.291,15,18,14941.6
0.291,15,18,613008
0.291,15,18,753933
0.291,15,18,127751
0.291,15,18,506574
0.291,15,18,822524
0.291,15,18,1.33828e+06
0.291,15,18,81718.2
0.291,15,18,349667
0.291,15,18,21117.7
0.291,15,18,28537.4
0.291,15,18,497896
0.291,15,18,527447
0.291,15,18,37576.2
0.291,15,18,664767
0.291,15,18,166230
0.291,15,18,617488
0.291,15,18,51812.2
0.291,15,18,121468
0.291,15,18,315778
0.291,15,18,1.24933e+06
0.291,15,18,30749.4
0.291,15,18,149707
0.291,15,18,157230
0.291,15,18,57728.7
0.291,15,18,27047.9
0.291,15,18,49199.7
0.291,15,18,166817
0.291,15,18,392543
0.291,15,18,567074
0.291,15,18,83214.1
0.291,15,18,584416
0.291,15,18,915741
0.291,15,18,51739.8
0.291,15,18,479526
0.291,15,18,500957
0.291,15,18,88928.2
0.291,15,18,37748.3
0.291,15,18,427013
0.291,15,18,940914
0.291,15,18,97998
0.291,15,18,97738.9
0.291,15,18,59103.5
0.291,15,18,41787.6
0.291,15,18,16643.3
0.291,15,18,241897
0.291,15,18,367247
0.291,15,18,934680
0.291,15,18,471464
0.291,15,18,98324.7
0.291,15,18,836629
0.291,15,18,281406
0.291,15,18,134660
0.291,15,18,99812
0.291,15,18,724024
0.291,15,18,873833
0.291,15,18,750502
0.291,15,18,129585
0.291,15,18,124089
0.291,15,18,502953
0.291,15,18,557950
0.291,15,18,15662.7
0.291,15,18,280610
0.291,15,18,50486
0.291,15,18,481289
0.291,15,18,161996
0.291,15,18,280247
0.291,15,18,94362.3
0.291,15,18,200891
0.291,15,18,324927
0.291,15,18,36063.4
0.291,15,18,396551
0.291,15,18,354459
0.291,15,18,154626
0.291,15,18,1.94923e+06
0.291,15,18,211950
0.291,15,18,521364
0.291,15,18,24141.1
0.291,15,18,135942
0.291,15,18,441280
0.291,15,18,270251
0.291,15,18,181470
0.291,15,18,51200.9
0.291,15,18,125928
0.291,15,18,48165.9
0.291,15,18,65254.1
0.291,15,18,327934
0.291,15,18,689633
0.291,15,18,231926
0.291,15,18,183874
0.291,15,18,151412
0.291,15,18,72209.3
0.291,15,18,63560
0.291,15,18,100073
0.291,15,18,864049
0.291,15,18,280337
0.291,15,18,85684.2
0.291,15,18,828553
0.291,15,18,1.04191e+06
0.291,15,18,180071
0.291,15,18,509833
0.291,15,18,173462
0.291,15,18,453349
0.291,15,18,1.06125e+06
0.291,15,18,485127
0.291,15,18,750768
0.291,15,18,508402
0.291,15,18,411330
0.291,15,18,572581
0.291,15,18,336878
0.291,15,18,317878
0.291,15,18,1.35449e+06
0.291,15,18,728068
0.291,15,18,223769
0.291,15,18,84741.5
0.291,15,18,18659
0.291,15,18,221194
0.291,15,18,66191.6
0.291,15,18,195215
0.291,15,18,236254
0.291,15,18,391901
0.291,15,18,454535
0.291,15,18,14264.7
0.291,15,18,465725
0.291,15,18,316334
0.291,15,18,326919
0.291,15,18,50252.2
0.291,15,18,281635
0.291,15,18,324879
0.291,15,18,44504.6
0.291,15,18,288718
0.291,15,18,1.2476e+06
0.291,15,18,624764
0.291,15,18,79487.5
0.291,15,18,13923.4
0.291,15,18,242872
0.291,15,18,94120.3
0.291,15,18,79412.2
0.291,15,18,153705
0.291,15,18,534837
0.291,15,18,650153
0.291,15,18,720919
0.291,15,18,326491
0.291,15,18,1.01257e+06
0.291,15,18,443861
0.291,15,18,931941
0.291,15,18,32970.8
0.291,15,18,202449
0.291,15,18,38912.3
0.291,15,18,571674
0.291,15,18,213027
0.291,15,18,616543
0.291,15,18,807640
0.291,15,18,804471
0.291,15,18,172192
0.291,15,18,64621.7
0.291,15,18,574475
0.291,15,18,383438
0.291,15,18,122542
0.291,15,18,37909.5
0.291,15,18,193755
0.291,15,18,541391
0.291,15,18,148551
0.291,15,18,281465
0.291,15,18,29792.5
0.291,15,18,252863
0.291,15,18,61509.6
0.291,15,18,25097.1
0.291,15,18,113873
0.291,15,18,256918
0.291,15,18,343383
0.291,15,18,93720.6
0.291,15,18,30518.3
0.291,15,18,407061
0.291,15,18,24362.7
0.291,15,18,351190
0.291,15,18,118038
0.291,15,18,293676
0.291,15,18,234323
0.291,15,18,453228
0.291,15,18,759959
0.291,15,18,550314
0.291,15,18,706439
0.291,15,18,522345
0.291,15,18,356884
0.291,15,18,45839
0.291,15,18,2040.17
0.291,15,18,226362
0.291,15,18,101963
0.291,15,18,158903
0.291,15,18,213538
0.291,15,18,840698
0.291,15,18,657165
0.291,15,18,512803
0.291,15,18,331949
0.291,15,18,323022
0.291,15,18,223271
0.291,15,18,319814
0.291,15,18,78900.4
0.291,15,18,152415
0.291,15,18,54779.7
0.291,15,18,70621.3
0.291,15,18,163337
0.291,15,18,124108
0.291,15,18,625271
0.291,15,18,101320
0.291,15,18,188497
0.291,15,18,773480
0.291,15,18,1.12716e+06
0.291,15,18,275325
0.291,15,18,526134
0.291,15,18,291464
0.291,15,18,205944
0.291,15,18,140315
0.291,15,18,288264
0.291,15,18,14064.9
0.291,15,18,627288
0.291,15,18,64067.9
0.291,15,18,250876
0.291,15,18,358246
0.291,15,18,438203
0.291,15,18,1.03149e+06
0.291,15,18,109454
0.291,15,18,855563
0.291,15,18,87854.1
0.291,15,18,300704
0.291,15,18,93154
0.291,15,18,350517
0.291,15,18,87291.5
0.291,15,18,72943.8
0.291,15,18,319989
0.291,15,18,1.21839e+06
0.291,15,18,308619
0.291,15,18,170656
0.291,15,18,215592
0.291,15,18,193202
0.291,15,18,24922.4
0.291,15,18,278966
0.291,15,18,41876.3
0.291,15,18,211900
0.291,15,18,388337
0.291,15,18,172269
0.291,15,18,58482.6
0.291,15,18,119826
0.291,15,18,88548.9
0.291,15,18,1.16356e+06
0.291,15,18,24939.1
0.291,15,18,302025
0.291,15,18,58878.4
0.291,15,18,48162.5
0.291,15,18,95612.4
0.291,15,18,46360.3
0.291,15,18,139293
0.291,15,18,57137.5
0.291,15,18,177224
0.291,15,18,576723
0.291,15,18,871841
0.291,15,18,272468
0.291,15,18,270302
0.291,15,18,103602
0.291,15,18,294287
0.291,15,18,147722
0.291,15,18,302439
0.291,15,18,187442
0.291,15,18,572846
0.291,15,18,279041
0.291,15,18,240335
0.291,15,18,121572
0.291,15,18,643568
0.291,15,18,283926
0.291,15,18,10647.8
0.291,15,18,26571.7
0.291,15,18,74997.6
0.291,15,18,250233
0.291,15,18,149639
0.291,15,18,86870
0.291,15,18,61205.9
0.291,15,18,171237
0.291,15,18,1.19336e+06
0.291,15,18,421461
0.291,15,18,508112
0.291,15,18,686061
0.291,15,18,52822.2
0.291,15,18,455273
0.291,15,18,20260.4
0.291,15,18,126437
0.291,15,18,386674
0.291,15,18,47944.5
0.291,15,18,416430
0.291,15,18,181427
0.291,15,18,293919
0.291,15,18,94251.1
0.291,15,18,73204.7
0.291,15,18,691176
0.291,15,18,1.3396e+06
0.291,15,18,955243
0.291,15,18,289511
0.291,15,18,132013
0.291,15,18,860402
0.291,15,18,185768
0.291,15,18,257105
0.291,15,18,72471.1
0.291,15,18,935577
0.291,15,18,106497
0.291,15,18,217491
0.291,15,18,363204
0.291,15,18,367816
0.291,15,18,400275
0.291,15,18,324260
0.291,15,18,488570
0.291,15,18,228266
0.291,15,18,393938
0.291,15,18,251427
0.291,15,18,547683
0.291,15,18,280801
0.291,15,18,470533
0.291,15,18,192896
0.291,15,18,311321
0.291,15,18,60761.2
0.291,15,18,166528
0.291,15,18,36588.1
0.291,15,18,222570
0.291,15,18,174224
0.291,15,18,61158.8
0.291,15,18,127376
0.291,15,18,84559.2
0.291,15,18,593835
0.291,15,18,244808
0.291,15,18,632975
0.291,15,18,941355
0.291,15,18,396897
0.291,15,18,711634
0.291,15,18,114346
0.291,15,18,1.20233e+06
0.291,15,18,515100
0.291,15,18,485083
0.291,15,18,224952
0.291,15,18,144638
0.291,15,18,497154
0.291,15,18,275646
0.291,15,18,88420.1
0.291,15,18,212767
0.291,15,18,11593.1
0.291,15,18,53772.6
0.291,15,18,619922
0.291,15,18,178192
0.291,15,18,596899
0.291,15,18,661298
0.291,15,18,855437
0.291,15,18,523065
0.291,15,18,412283
0.291,15,18,1.00975e+06
0.291,15,18,158634
0.291,15,18,291299
0.291,15,18,194020
0.291,15,18,456894
0.291,15,18,104812
0.291,15,18,61199.1
0.291,15,18,74207.4
0.291,15,18,62603.2
0.291,15,18,526660
0.291,15,18,1.14942e+06
0.291,15,18,592502
0.291,15,18,147331
0.291,15,18,181021
0.291,15,18,276799
0.291,15,18,174606
0.291,15,18,240063
0.291,15,18,154525
0.291,15,18,57304.8
0.291,15,18,141028
0.291,15,18,118239
0.291,15,18,518404
0.291,15,18,285914
0.291,15,18,96464.4
0.291,15,18,150784
0.291,15,18,650638
0.291,15,18,49811.2
0.291,15,18,414001
0.291,15,18,157991
0.291,15,18,437310
0.291,15,18,305021
0.291,15,18,94122
0.291,15,18,757465
0.291,15,18,665449
0.291,15,18,224960
0.291,15,18,9620.1
0.291,15,18,384724
0.291,15,18,633118
0.291,15,18,36246.2
0.291,15,18,249926
0.291,15,18,46709.7
0.291,15,18,414255
0.291,15,18,81761.1
0.291,15,18,86753.3
0.291,15,18,758361
0.291,15,18,590107
0.291,15,18,209137
0.291,15,18,947332
0.291,15,18,225865
0.291,15,18,48170.3
0.291,15,18,135631
0.291,15,18,303642
0.291,15,18,37492.6
0.291,15,18,52595.9
0.291,15,18,35536.2
0.291,15,18,363032
0.291,15,18,312039
0.291,15,18,147044
0.291,15,18,239660
0.291,15,18,668607
0.291,15,18,17001.6
0.291,15,18,92864.2
0.291,15,18,46254.7
0.291,15,18,179191
0.291,15,18,919382
0.291,15,18,511557
0.291,15,18,2.16406e+06
0.291,15,18,306365
0.291,15,18,45138.9
0.291,15,18,283226
0.291,15,18,146601
0.291,15,18,285102
0.291,15,18,297747
0.291,15,18,157485
0.291,15,18,216157
0.291,15,18,226572
0.291,15,18,388878
0.291,15,18,97988.2
0.291,15,18,41298
0.291,15,18,516389
0.291,15,18,376693
0.291,15,18,1.11666e+06
0.291,15,18,35881.7
0.291,15,18,622970
0.291,15,18,68298.2
0.291,15,18,431039
0.291,15,18,465801
0.291,15,18,204356
0.291,15,18,27650.7
0.291,15,18,519661
0.291,15,18,15113.8
0.291,15,18,180602
0.291,15,18,374866
0.291,15,18,102290
0.291,15,18,19715.9
0.291,15,18,95682.2
0.291,15,18,28700.9
0.291,15,18,92653.5
0.291,15,18,668611
0.291,15,18,426898
0.291,15,18,82229.6
0.291,15,18,242199
0.291,15,18,789598
0.291,15,18,200942
0.291,15,18,30388
0.291,15,18,4684.31
0.291,15,18,113347
0.291,15,18,474951
0.291,15,18,346193
0.291,15,18,413731
0.291,15,18,57495.2
0.291,15,18,181815
0.291,15,18,206794
0.291,15,18,1.26176e+06
0.291,15,18,207951
0.291,15,18,171385
0.291,15,18,14159.7
0.291,15,18,59054.6
0.291,15,18,29276
0.291,15,18,221954
0.291,15,18,1.2281e+06
0.291,15,18,435877
0.291,15,18,175513
0.291,15,18,646540
0.291,15,18,126195
0.291,15,18,55587.7
0.291,15,18,159234
0.291,15,18,536395
0.291,15,18,211067
0.291,15,18,1.71828e+06
0.291,15,18,671805
0.291,15,18,876819
0.291,15,18,676677
0.291,15,18,561192
0.291,15,18,116490
0.291,15,18,300897
0.291,15,18,255657
0.291,15,18,9655.97
0.291,15,18,565961
0.291,15,18,296377
0.291,15,18,145811
0.291,15,18,262406
0.291,15,18,283334
0.291,15,18,452796
0.291,15,18,10451.3
0.291,15,18,346996
0.291,15,18,179315
0.291,15,18,74608.7
0.291,15,18,61608.3
0.291,15,18,41503.9
0.291,15,18,182981
0.291,15,18,329427
0.291,15,18,9005.69
0.291,15,18,661201
0.291,15,18,654297
0.291,15,18,99951
0.291,15,18,581613
0.291,15,18,188779
0.291,15,18,108199
0.291,15,18,191578
0.291,15,18,23425.7
0.291,15,18,152418
0.291,15,18,1.01318e+06
0.291,15,18,553894
0.291,15,18,484015
0.291,15,18,119836
0.291,15,18,174807
0.291,15,18,96171.5
0.291,15,18,816345
0.291,15,18,134458
0.291,15,18,347422
0.291,15,18,361358
0.291,15,18,17350.4
0.291,15,18,70749.9
0.291,15,18,19919.6
0.291,15,18,66294.7
0.291,15,18,1.32468e+06
0.291,15,18,46974.3
0.291,15,18,145369
0.291,15,18,687846
0.291,15,18,287728
0.291,15,18,339638
0.291,15,18,365027
0.291,15,18,1.01495e+06
0.291,15,18,49761.2
0.291,15,18,1.12427e+06
0.291,15,18,689332
0.291,15,18,106663
0.291,15,18,333789
0.291,15,18,280286
0.291,15,18,224648
0.291,15,18,484437
0.291,15,18,375867
0.291,15,18,115399
0.291,15,18,796493
0.291,15,18,475087
0.291,15,18,661188
0.291,15,18,136186
0.291,15,18,139650
0.291,15,18,30826
0.291,15,18,145203
0.291,15,18,168529
0.291,15,18,89767.3
0.291,15,18,793232
0.291,15,18,369631
0.291,15,18,247207
0.291,15,18,186315
0.291,15,18,681612
0.291,15,18,556058
0.291,15,18,212921
0.291,15,18,29886
0.291,15,18,118737
0.291,15,18,66348.4
0.291,15,18,333432
0.291,15,18,243102
0.291,15,18,87111.8
0.291,15,18,22748.2
0.291,15,18,548076
0.291,15,18,307137
0.291,15,18,675202
0.291,15,18,496190
0.291,15,18,66893.8
0.291,15,18,198003
0.291,15,18,470979
0.291,15,18,262721
0.291,15,18,38225.6
0.291,15,18,168815
0.291,15,18,59358.9
0.291,15,18,8065.94
0.291,15,18,161430
0.291,15,18,183522
0.291,15,18,94974.8
0.291,15,18,20914.5
0.291,15,18,185082
0.291,15,18,93587
0.291,15,18,146836
0.291,15,18,508690
0.291,15,18,323874
0.291,15,18,663380
0.291,15,18,36551.8
0.291,15,18,92307.3
0.291,15,18,398016
0.291,15,18,343999
0.291,15,18,138888
0.291,15,18,184708
0.291,15,18,63634.4
0.291,15,18,333806
0.291,15,18,446974
0.291,15,18,707788
0.291,15,18,246126
0.291,15,18,680157
0.291,15,18,254947
0.291,15,18,51007.9
0.291,15,18,1.1839e+06
0.291,15,18,538558
0.291,15,18,231332
0.291,15,18,618298
0.291,15,18,517257
0.291,15,18,189179
0.291,15,18,153617
0.291,15,18,337137
0.291,15,18,868226
0.291,15,18,484913
0.291,15,18,560035
0.291,15,18,315316
0.291,15,18,461291
0.291,15,18,179185
0.291,15,18,287744
0.291,15,18,532854
0.291,15,18,264819
0.291,15,18,287127
0.291,15,18,54618.2
0.291,15,18,91396
0.291,15,18,1.00187e+06
0.291,15,18,237225
0.291,15,18,166594
0.291,15,18,729023
0.291,15,18,453747
0.291,15,18,281453
0.291,15,18,1.25737e+06
0.291,15,18,85942.3
0.291,15,18,652187
0.291,15,18,77981.1
0.291,15,18,172626
0.291,15,18,82558.3
0.291,15,18,19070.6
0.291,15,18,543806
0.291,15,18,309514
0.291,15,18,6182.52
0.291,15,18,250030
0.291,15,18,20322.2
0.291,15,18,65634.7
0.291,15,18,129843
0.291,15,18,317256
0.291,15,18,10601.3
0.291,15,18,967231
0.291,15,18,1.24253e+06
0.291,15,18,145610
0.291,15,18,172805
0.291,15,18,443615
0.291,15,18,247699
0.291,15,18,312127
0.291,15,18,547997
0.291,15,18,507622
0.291,15,18,282387
0.291,15,18,135559
0.291,15,18,434215
0.291,15,18,25948.8
0.291,15,18,37734.7
0.291,15,18,628938
0.291,15,18,597782
0.291,15,18,286904
0.291,15,18,1.13822e+06
0.291,15,18,68430.1
0.291,15,18,336557
0.291,15,18,675368
0.291,15,18,940696
0.291,15,18,596126
0.291,15,18,101671
0.291,15,18,274790
0.291,15,18,31765.4
0.291,15,18,127535
0.291,15,18,132292
0.291,15,18,129414
0.291,15,18,235830
0.291,15,18,105296
0.291,15,18,34360.2
0.291,15,18,45521.6
0.291,15,18,48010.8
0.291,15,18,438531
0.291,15,18,872962
0.291,15,18,165182
0.291,15,18,50545.7
0.291,15,18,821076
0.291,15,18,698012
0.291,15,18,135084
0.291,15,18,39149.5
0.291,15,18,571034
0.291,15,18,27813.9
0.291,15,18,351385
0.291,15,18,820487
0.291,15,18,730965
0.291,15,18,382012
0.291,15,18,587809
0.291,15,18,275222
0.291,15,18,2.10017e+06
0.291,15,18,681503
0.291,15,18,74891.5
0.291,15,18,32127.1
0.291,15,18,692373
0.291,15,18,370583
0.291,15,18,96843.7
0.291,15,18,14925.7
0.291,15,18,75547.2
0.291,15,18,207274
0.291,15,18,131079
0.291,15,18,429224
0.291,15,18,52284
0.291,15,18,670926
0.291,15,18,80559.7
0.291,15,18,855045
0.291,15,18,143251
0.291,15,18,1.19895e+06
0.291,15,18,135847
0.291,15,18,162729
0.291,15,18,101486
0.291,15,18,131055
0.291,15,18,41441.7
0.291,15,18,124542
0.291,15,18,363138
0.291,15,18,511442
0.291,15,18,245303
0.291,15,18,151418
0.291,15,18,370915
0.291,15,18,423027
0.291,15,18,632276
0.291,15,18,121910
0.291,15,18,478809
0.291,15,18,158672
0.291,15,18,236026
0.291,15,18,33504.1
0.291,15,18,226934
0.291,15,18,312574
0.291,15,18,755125
0.291,15,18,886199
0.291,15,18,472322
0.291,15,18,363899
0.291,15,18,24197.6
0.291,15,18,751624
0.291,15,18,334525
0.291,15,18,790703
0.291,15,18,421400
0.291,15,18,937696
0.291,15,18,214508
0.291,15,18,791704
0.291,15,18,481991
0.291,15,18,390063
0.291,15,18,184274
0.291,15,18,7908.4
0.291,15,18,208430
0.291,15,18,182676
0.291,15,18,592923
0.291,15,18,715664
0.291,15,18,444526
0.291,15,18,673795
0.291,15,18,18227.9
0.291,15,18,243623
0.291,15,18,170158
0.291,15,18,400462
0.291,15,18,449989
0.291,15,18,326875
0.291,15,18,366939
0.291,15,18,130337
0.291,15,18,155007
0.291,15,18,574390
0.291,15,18,209988
0.291,15,18,969799
0.291,15,18,106974
0.291,15,18,60299.8
0.291,15,18,15309.1
0.291,15,18,339956
0.291,15,18,25354.1
0.291,15,18,558097
0.291,15,18,102318
0.291,15,18,248105
0.291,15,18,706241
0.291,15,18,70563.1
0.291,15,18,186494
0.291,15,18,116292
0.291,15,18,783483
0.291,15,18,42220.5
0.291,15,18,312203
0.291,15,18,794707
0.291,15,18,137948
0.291,15,18,1.29586e+06
0.291,15,18,442204
0.291,15,18,31466.3
0.291,15,18,1.4263e+06
0.291,15,18,51117.4
0.291,15,18,341243
0.291,15,18,74127.1
0.291,15,18,42460.4
0.291,15,18,491095
0.291,15,18,398715
0.291,15,18,86721.7
0.291,15,18,885708
0.291,15,18,376851
0.291,15,18,422807
0.291,15,18,1.00133e+06
0.291,15,18,898053
0.291,15,18,502260
0.291,15,18,618814
0.291,15,18,1.19132e+06
0.291,15,18,300168
0.291,15,18,551616
0.291,15,18,174538
0.291,15,18,461809
0.291,15,18,165239
0.291,15,18,16263.8
0.291,15,18,174969
0.291,15,18,28165.5
0.291,15,18,167941
0.291,15,18,592108
0.291,15,18,342117
0.291,15,18,431552
0.291,15,18,198236
0.291,15,18,555037
0.291,15,18,526752
0.291,15,18,138713
0.291,15,18,107394
0.291,15,18,250983
0.291,15,18,79170.4
0.291,15,18,243171
0.291,15,18,407148
0.291,15,18,17171
0.291,15,18,30057.1
0.291,15,18,97655.1
0.291,15,18,389727
0.291,15,18,262844
0.291,15,18,130035
0.291,15,18,672414
0.291,15,18,494536
0.291,15,18,627965
0.291,15,18,53193.6
0.291,15,18,1.01943e+06
0.291,15,18,271378
0.291,15,18,480600
0.291,15,18,382140
0.291,15,18,443026
0.291,15,18,186084
0.291,15,18,75341.2
0.291,15,18,722259
0.291,15,18,211833
0.291,15,18,86735.1
0.291,15,18,118591
0.291,15,18,116244
0.291,15,18,57062.8
0.291,15,18,185943
0.291,15,18,158310
0.291,15,18,301696
0.291,15,18,227499
0.291,15,18,481291
0.291,15,18,665742
0.291,15,18,11776.3
0.291,15,18,354772
0.291,15,18,14121.7
0.291,15,18,53389.6
0.291,15,18,224122
0.291,15,18,72079.4
0.291,15,18,295645
0.291,15,18,101384
0.291,15,18,137238
0.291,15,18,206737
0.291,15,18,195946
0.291,15,18,20503.3
0.291,15,18,628798
0.291,15,18,457696
0.291,15,18,193818
0.291,15,18,85230.1
0.291,15,18,16305.4
0.291,15,18,36081.3
0.291,15,18,410258
0.291,15,18,179553
0.291,15,18,746872
0.291,15,18,223568
0.291,15,18,210063
0.291,15,18,249468
0.291,15,18,193501
0.291,15,18,1.10442e+06
0.291,15,18,27461.3
0.291,15,18,272976
0.291,15,18,144946
0.291,15,18,335869
0.291,15,18,227669
0.291,15,18,239498
0.291,15,18,327798
0.291,15,18,314350
0.291,15,18,113268
0.291,15,18,99409.2
0.291,15,18,90311.2
0.291,15,18,392886
0.291,15,18,341174
0.291,15,18,13317.3
0.291,15,18,240365
0.291,15,18,103686
0.291,15,18,192795
0.291,15,18,312025
0.291,15,18,60173
0.291,15,18,640512
0.291,15,18,128172
0.291,15,18,393560
0.291,15,18,899747
0.291,15,18,208455
0.291,15,18,323889
0.291,15,18,354419
0.291,15,18,663584
0.291,15,18,545064
0.291,15,18,134592
0.291,15,18,158179
0.291,15,18,243089
0.291,15,18,482194
0.291,15,18,45725.9
0.291,15,18,98707.1
0.291,15,18,167730
0.291,15,18,48988.3
0.291,15,18,450098
0.291,15,18,45015.5
0.291,15,18,146651
0.291,15,18,137928
0.291,15,18,21532.8
0.291,15,18,39915.1
0.291,15,18,51848.6
0.291,15,18,250932
0.291,15,18,148866
0.291,15,18,14614.9
0.291,15,18,1.19181e+06
0.291,15,18,248179
0.291,15,18,269190
0.291,15,18,36044.4
0.291,15,18,488577
0.291,15,18,157387
0.291,15,18,382393
0.291,15,18,1.23265e+06
0.291,15,18,46817.2
0.291,15,18,212754
0.291,15,18,18796.1
0.291,15,18,30215.7
0.291,15,18,277062
0.291,15,18,386213
0.291,15,18,52201.9
0.291,15,18,53590.4
0.291,15,18,39001
0.291,15,18,310286
0.291,15,18,236875
0.291,15,18,250437
0.291,15,18,377094
0.291,15,18,926532
0.291,15,18,147028
0.291,15,18,23537.6
0.291,15,18,77845.3
0.291,15,18,54781.6
0.291,15,18,743496
0.291,15,18,846803
0.291,15,18,114549
0.291,15,18,304733
0.291,15,18,189036
0.291,15,18,81778.7
0.291,15,18,17300
0.291,15,18,277455
0.291,15,18,6046.4
0.291,15,18,332942
0.291,15,18,740238
0.291,15,18,300042
0.291,15,18,40239.4
0.291,15,18,72351.8
0.291,15,18,438706
0.291,15,18,225905
0.291,15,18,255082
0.291,15,18,956433
0.291,15,18,241284
0.291,15,18,1.09134e+06
0.291,15,18,219848
0.291,15,18,35774.3
0.291,15,18,111177
0.291,15,18,386942
0.291,15,18,943377
0.291,15,18,171090
0.291,15,18,176093
0.291,15,18,171224
0.291,15,18,92228
0.291,15,18,93231
0.291,15,18,190833
0.291,15,18,572778
0.291,15,18,342310
0.291,15,18,238775
0.291,15,18,393235
0.291,15,18,461305
0.291,15,18,186497
0.291,15,18,522097
0.291,15,18,687252
0.291,15,18,333326
0.291,15,18,136009
0.291,15,18,16483.8
0.291,15,18,112944
0.291,15,18,148952
0.291,15,18,271305
0.291,15,18,306267
0.291,15,18,495446
0.291,15,18,107627
0.291,15,18,325782
0.291,15,18,30289.7
0.291,15,18,23082.9
0.291,15,18,714533
0.291,15,18,144647
0.291,15,18,27022
0.291,15,18,167636
0.291,15,18,472439
0.291,15,18,531204
0.291,15,18,477472
0.291,15,18,15067.4
0.291,15,18,176009
0.291,15,18,465054
0.291,15,18,149532
0.291,15,18,327466
0.291,15,18,494903
0.291,15,18,192832
0.291,15,18,448881
0.291,15,18,100126
0.291,15,18,848858
0.291,15,18,13781.5
0.291,15,18,98843.1
0.291,15,18,192954
0.291,15,18,1.07335e+06
0.291,15,18,129886
0.291,15,18,322028
0.291,15,18,275224
0.291,15,18,130291
0.291,15,18,278620
0.291,15,18,66429.4
0.291,15,18,130569
0.291,15,18,285695
0.291,15,18,253058
0.291,15,18,328400
0.291,15,18,12962.6
0.291,15,18,131771
0.291,15,18,111465
0.291,15,18,1.06426e+06
0.291,15,18,581057
0.291,15,18,184132
0.291,15,18,819659
0.291,15,18,55622.2
0.291,15,18,494151
0.291,15,18,503509
0.291,15,18,117411
0.291,15,18,67146.1
0.291,15,18,318094
0.291,15,18,279215
0.291,15,18,282574
0.291,15,18,297967
0.291,15,18,692691
0.291,15,18,3924.87
0.291,15,18,118363
0.291,15,18,430726
0.291,15,18,1.39869e+06
0.291,15,18,409148
0.291,15,18,736215
0.291,15,18,220888
0.291,15,18,174208
0.291,15,18,88103.2
0.291,15,18,69255.7
0.291,15,18,52102.6
0.291,15,18,1.02203e+06
0.291,15,18,144653
0.291,15,18,114378
0.291,15,18,494451
0.291,15,18,163804
0.291,15,18,109344
0.291,15,18,478631
0.291,15,18,530260
0.291,15,18,849556
0.291,15,18,146120
0.291,15,18,54094.9
0.291,15,18,287591
0.291,15,18,59257.9
0.291,15,18,138044
0.291,15,18,603511
0.291,15,18,158281
0.291,15,18,796141
0.291,15,18,416297
0.291,15,18,430018
0.291,15,18,85010.5
0.291,15,18,33324.9
0.291,15,18,70219.3
0.291,15,18,358610
0.291,15,18,46654.6
0.291,15,18,117084
0.291,15,18,205002
0.291,15,18,443802
0.291,15,18,160514
0.291,15,18,312326
0.291,15,18,1.08826e+06
0.291,15,18,573368
0.291,15,18,24621.3
0.291,15,18,367060
0.291,15,18,102448
0.291,15,18,100177
0.291,15,18,102973
0.291,15,18,576116
0.291,15,18,989722
0.291,15,18,310992
0.291,15,18,145203
0.291,15,18,1.00404e+06
0.291,15,18,111850
0.291,15,18,649397
0.291,15,18,697691
0.291,15,18,464341
0.291,15,18,374111
0.291,15,18,992712
0.291,15,18,135243
0.291,15,18,367575
0.291,15,18,228140
0.291,15,18,12481.2
0.291,15,18,197521
0.291,21,24,3489.98
0.291,21,24,472176
0.291,21,24,276212
0.291,21,24,217492
0.291,21,24,42242.1
0.291,21,24,29643.9
0.291,21,24,184519
0.291,21,24,176195
0.291,21,24,332199
0.291,21,24,855564
0.291,21,24,64154.4
0.291,21,24,116370
0.291,21,24,126615
0.291,21,24,63986.4
0.291,21,24,513166
0.291,21,24,276736
0.291,21,24,45394.6
0.291,21,24,326825
0.291,21,24,84736.7
0.291,21,24,222130
0.291,21,24,16993.8
0.291,21,24,538686
0.291,21,24,339770
0.291,21,24,21049.1
0.291,21,24,304204
0.291,21,24,1.32623e+06
0.291,21,24,280480
0.291,21,24,366225
0.291,21,24,99010.5
0.291,21,24,139346
0.291,21,24,37547.6
0.291,21,24,345747
0.291,21,24,226855
0.291,21,24,145283
0.291,21,24,45741.6
0.291,21,24,602288
0.291,21,24,911376
0.291,21,24,293856
0.291,21,24,584418
0.291,21,24,52034.2
0.291,21,24,375378
0.291,21,24,185002
0.291,21,24,187446
0.291,21,24,335870
0.291,21,24,1.02775e+06
0.291,21,24,227684
0.291,21,24,21674.6
0.291,21,24,167778
0.291,21,24,372261
0.291,21,24,252005
0.291,21,24,213678
0.291,21,24,399168
0.291,21,24,348081
0.291,21,24,192688
0.291,21,24,472415
0.291,21,24,325928
0.291,21,24,686869
0.291,21,24,220872
0.291,21,24,253983
0.291,21,24,1.45059e+06
0.291,21,24,643647
0.291,21,24,189865
0.291,21,24,152778
0.291,21,24,45011.6
0.291,21,24,630040
0.291,21,24,67697.3
0.291,21,24,807311
0.291,21,24,126548
0.291,21,24,105261
0.291,21,24,26742.3
0.291,21,24,35657.6
0.291,21,24,919910
0.291,21,24,224984
0.291,21,24,313384
0.291,21,24,477411
0.291,21,24,118442
0.291,21,24,55339.6
0.291,21,24,314766
0.291,21,24,26244.5
0.291,21,24,452355
0.291,21,24,27705.2
0.291,21,24,154327
0.291,21,24,166723
0.291,21,24,165284
0.291,21,24,46257.8
0.291,21,24,479635
0.291,21,24,279329
0.291,21,24,109316
0.291,21,24,44352.4
0.291,21,24,810034
0.291,21,24,14428.3
0.291,21,24,430660
0.291,21,24,88419.6
0.291,21,24,16032.6
0.291,21,24,34137.4
0.291,21,24,677626
0.291,21,24,623231
0.291,21,24,523043
0.291,21,24,708307
0.291,21,24,127417
0.291,21,24,133692
0.291,21,24,305520
0.291,21,24,204493
0.291,21,24,361130
0.291,21,24,397708
0.291,21,24,295095
0.291,21,24,804221
0.291,21,24,47425
0.291,21,24,551289
0.291,21,24,20600.1
0.291,21,24,77059
0.291,21,24,297609
0.291,21,24,877687
0.291,21,24,101041
0.291,21,24,104776
0.291,21,24,42551.4
0.291,21,24,559036
0.291,21,24,97202.3
0.291,21,24,13235.6
0.291,21,24,236676
0.291,21,24,167537
0.291,21,24,202803
0.291,21,24,88559.4
0.291,21,24,43972.9
0.291,21,24,470092
0.291,21,24,706818
0.291,21,24,145651
0.291,21,24,591800
0.291,21,24,38185.5
0.291,21,24,425990
0.291,21,24,964452
0.291,21,24,428437
0.291,21,24,701629
0.291,21,24,155988
0.291,21,24,123266
0.291,21,24,113421
0.291,21,24,304926
0.291,21,24,236887
0.291,21,24,314589
0.291,21,24,181400
0.291,21,24,104998
0.291,21,24,260606
0.291,21,24,492173
0.291,21,24,447183
0.291,21,24,158816
0.291,21,24,166755
0.291,21,24,230780
0.291,21,24,163746
0.291,21,24,891923
0.291,21,24,336150
0.291,21,24,864327
0.291,21,24,416525
0.291,21,24,89349.7
0.291,21,24,52153.8
0.291,21,24,31714.4
0.291,21,24,465890
0.291,21,24,80363.8
0.291,21,24,185635
0.291,21,24,1.87402e+06
0.291,21,24,90350.7
0.291,21,24,271084
0.291,21,24,81816.1
0.291,21,24,639708
0.291,21,24,62247.6
0.291,21,24,322706
0.291,21,24,81069.7
0.291,21,24,533433
0.291,21,24,118964
0.291,21,24,77584.8
0.291,21,24,195056
0.291,21,24,341368
0.291,21,24,455879
0.291,21,24,136176
0.291,21,24,402598
0.291,21,24,331176
0.291,21,24,103791
0.291,21,24,244868
0.291,21,24,146150
0.291,21,24,28350.7
0.291,21,24,232889
0.291,21,24,78751
0.291,21,24,134077
0.291,21,24,289111
0.291,21,24,206815
0.291,21,24,66965.8
0.291,21,24,356833
0.291,21,24,346937
0.291,21,24,24344
0.291,21,24,189044
0.291,21,24,990241
0.291,21,24,30796.1
0.291,21,24,49812.5
0.291,21,24,385476
0.291,21,24,834838
0.291,21,24,119341
0.291,21,24,482596
0.291,21,24,13857.8
0.291,21,24,472021
0.291,21,24,615787
0.291,21,24,146644
0.291,21,24,1.10792e+06
0.291,21,24,191664
0.291,21,24,187082
0.291,21,24,192946
0.291,21,24,203241
0.291,21,24,48785.7
0.291,21,24,56863.4
0.291,21,24,321780
0.291,21,24,34289.7
0.291,21,24,231274
0.291,21,24,152053
0.291,21,24,263566
0.291,21,24,106349
0.291,21,24,248619
0.291,21,24,225893
0.291,21,24,401918
0.291,21,24,404670
0.291,21,24,475751
0.291,21,24,186973
0.291,21,24,164594
0.291,21,24,13583.7
0.291,21,24,539821
0.291,21,24,410896
0.291,21,24,85471.9
0.291,21,24,204921
0.291,21,24,125732
0.291,21,24,37275.6
0.291,21,24,24815.3
0.291,21,24,189306
0.291,21,24,546481
0.291,21,24,585455
0.291,21,24,261628
0.291,21,24,407108
0.291,21,24,274937
0.291,21,24,567672
0.291,21,24,1.07994e+06
0.291,21,24,214640
0.291,21,24,107153
0.291,21,24,417821
0.291,21,24,506843
0.291,21,24,242783
0.291,21,24,359222
0.291,21,24,79861.6
0.291,21,24,495685
0.291,21,24,152629
0.291,21,24,338445
0.291,21,24,208507
0.291,21,24,1.52939e+06
0.291,21,24,891142
0.291,21,24,96839.7
0.291,21,24,1.11323e+06
0.291,21,24,198513
0.291,21,24,67315.9
0.291,21,24,357618
0.291,21,24,175563
0.291,21,24,47139.4
0.291,21,24,625010
0.291,21,24,74975.1
0.291,21,24,54429.1
0.291,21,24,420340
0.291,21,24,144453
0.291,21,24,191106
0.291,21,24,579325
0.291,21,24,1.0136e+06
0.291,21,24,640502
0.291,21,24,150799
0.291,21,24,34206.2
0.291,21,24,72986.9
0.291,21,24,54362.6
0.291,21,24,64480
0.291,21,24,96194.6
0.291,21,24,201935
0.291,21,24,107037
0.291,21,24,396712
0.291,21,24,245256
0.291,21,24,113045
0.291,21,24,139091
0.291,21,24,152973
0.291,21,24,56633.9
0.291,21,24,179900
0.291,21,24,111578
0.291,21,24,75669.7
0.291,21,24,293723
0.291,21,24,89884.6
0.291,21,24,169720
0.291,21,24,175712
0.291,21,24,149278
0.291,21,24,166220
0.291,21,24,200804
0.291,21,24,149230
0.291,21,24,122632
0.291,21,24,391689
0.291,21,24,63874.8
0.291,21,24,362690
0.291,21,24,364429
0.291,21,24,105678
0.291,21,24,22100.7
0.291,21,24,62406.9
0.291,21,24,2.57729e+06
0.291,21,24,301747
0.291,21,24,74919.4
0.291,21,24,833106
0.291,21,24,535740
0.291,21,24,765688
0.291,21,24,798009
0.291,21,24,550806
0.291,21,24,839315
0.291,21,24,198225
0.291,21,24,241970
0.291,21,24,20471.5
0.291,21,24,74462.4
0.291,21,24,529743
0.291,21,24,625986
0.291,21,24,28232
0.291,21,24,167366
0.291,21,24,421932
0.291,21,24,174513
0.291,21,24,180940
0.291,21,24,26359.7
0.291,21,24,171737
0.291,21,24,138140
0.291,21,24,52252.2
0.291,21,24,534686
0.291,21,24,390765
0.291,21,24,149776
0.291,21,24,829121
0.291,21,24,18846
0.291,21,24,658359
0.291,21,24,4194.7
0.291,21,24,307146
0.291,21,24,256587
0.291,21,24,137707
0.291,21,24,122908
0.291,21,24,70954.4
0.291,21,24,67299.7
0.291,21,24,20267.6
0.291,21,24,155359
0.291,21,24,190435
0.291,21,24,297360
0.291,21,24,264545
0.291,21,24,251528
0.291,21,24,167093
0.291,21,24,1.29814e+06
0.291,21,24,491589
0.291,21,24,340520
0.291,21,24,94291.6
0.291,21,24,277983
0.291,21,24,19945.1
0.291,21,24,277964
0.291,21,24,130016
0.291,21,24,235827
0.291,21,24,178856
0.291,21,24,187871
0.291,21,24,44735.8
0.291,21,24,77574
0.291,21,24,153099
0.291,21,24,20221.9
0.291,21,24,49871.3
0.291,21,24,241251
0.291,21,24,81897.4
0.291,21,24,66347.8
0.291,21,24,265284
0.291,21,24,241425
0.291,21,24,197752
0.291,21,24,37527.2
0.291,21,24,312332
0.291,21,24,97289.1
0.291,21,24,28582.9
0.291,21,24,153480
0.291,21,24,849554
0.291,21,24,7696.52
0.291,21,24,282641
0.291,21,24,113273
0.291,21,24,271358
0.291,21,24,195335
0.291,21,24,38494.1
0.291,21,24,51960.7
0.291,21,24,254122
0.291,21,24,588452
0.291,21,24,576291
0.291,21,24,412934
0.291,21,24,623485
0.291,21,24,525834
0.291,21,24,545847
0.291,21,24,145813
0.291,21,24,389152
0.291,21,24,76121.3
0.291,21,24,334236
0.291,21,24,47921.8
0.291,21,24,543080
0.291,21,24,489779
0.291,21,24,145199
0.291,21,24,448772
0.291,21,24,29868.9
0.291,21,24,182049
0.291,21,24,214588
0.291,21,24,91862.5
0.291,21,24,998811
0.291,21,24,79214
0.291,21,24,53617.1
0.291,21,24,59944.4
0.291,21,24,125621
0.291,21,24,282862
0.291,21,24,220388
0.291,21,24,441261
0.291,21,24,380233
0.291,21,24,425461
0.291,21,24,870608
0.291,21,24,86429.5
0.291,21,24,131529
0.291,21,24,351505
0.291,21,24,74883.3
0.291,21,24,260234
0.291,21,24,336573
0.291,21,24,186272
0.291,21,24,64720.8
0.291,21,24,48990.2
0.291,21,24,138588
0.291,21,24,68680.3
0.291,21,24,464635
0.291,21,24,622327
0.291,21,24,288310
0.291,21,24,6252.53
0.291,21,24,207439
0.291,21,24,41441.3
0.291,21,24,198122
0.291,21,24,53477.7
0.291,21,24,50064.9
0.291,21,24,163741
0.291,21,24,91549.8
0.291,21,24,17171.6
0.291,21,24,156646
0.291,21,24,115147
0.291,21,24,245182
0.291,21,24,100807
0.291,21,24,60198.9
0.291,21,24,12696.1
0.291,21,24,584527
0.291,21,24,668794
0.291,21,24,259024
0.291,21,24,214950
0.291,21,24,140958
0.291,21,24,293742
0.291,21,24,716619
0.291,21,24,499197
0.291,21,24,298623
0.291,21,24,284821
0.291,21,24,219445
0.291,21,24,96207.2
0.291,21,24,87844.7
0.291,21,24,167997
0.291,21,24,59786.2
0.291,21,24,342598
0.291,21,24,140263
0.291,21,24,200447
0.291,21,24,36748.5
0.291,21,24,888169
0.291,21,24,669098
0.291,21,24,19662.5
0.291,21,24,415202
0.291,21,24,312344
0.291,21,24,171968
0.291,21,24,28722.8
0.291,21,24,18672.7
0.291,21,24,48110.5
0.291,21,24,61741.5
0.291,21,24,465951
0.291,21,24,109117
0.291,21,24,1.65083e+06
0.291,21,24,49707.7
0.291,21,24,283412
0.291,21,24,289124
0.291,21,24,102757
0.291,21,24,1.37135e+06
0.291,21,24,403475
0.291,21,24,94526
0.291,21,24,15583.5
0.291,21,24,450191
0.291,21,24,139787
0.291,21,24,264693
0.291,21,24,928756
0.291,21,24,141017
0.291,21,24,192547
0.291,21,24,317803
0.291,21,24,247764
0.291,21,24,213388
0.291,21,24,199293
0.291,21,24,49428.4
0.291,21,24,125040
0.291,21,24,928846
0.291,21,24,201836
0.291,21,24,124515
0.291,21,24,37001.3
0.291,21,24,401300
0.291,21,24,371163
0.291,21,24,131352
0.291,21,24,221289
0.291,21,24,444460
0.291,21,24,334590
0.291,21,24,200060
0.291,21,24,225678
0.291,21,24,1.20214e+06
0.291,21,24,49911.7
0.291,21,24,55811.9
0.291,21,24,746731
0.291,21,24,1.00555e+06
0.291,21,24,349916
0.291,21,24,318028
0.291,21,24,118406
0.291,21,24,414942
0.291,21,24,1.02656e+06
0.291,21,24,465005
0.291,21,24,1.42801e+06
0.291,21,24,1.05092e+06
0.291,21,24,196491
0.291,21,24,510919
0.291,21,24,156830
0.291,21,24,431823
0.291,21,24,50031.4
0.291,21,24,378245
0.291,21,24,237419
0.291,21,24,103169
0.291,21,24,137474
0.291,21,24,1.08137e+06
0.291,21,24,131870
0.291,21,24,228203
0.291,21,24,32281.9
0.291,21,24,10486.2
0.291,21,24,23108.6
0.291,21,24,43280.2
0.291,21,24,180021
0.291,21,24,820140
0.291,21,24,419440
0.291,21,24,220922
0.291,21,24,925030
0.291,21,24,667778
0.291,21,24,189354
0.291,21,24,61025.6
0.291,21,24,117849
0.291,21,24,39041.2
0.291,21,24,451035
0.291,21,24,373524
0.291,21,24,16822.8
0.291,21,24,578742
0.291,21,24,56040.4
0.291,21,24,443902
0.291,21,24,895414
0.291,21,24,527632
0.291,21,24,1.3271e+06
0.291,21,24,586719
0.291,21,24,199473
0.291,21,24,109509
0.291,21,24,25123.3
0.291,21,24,442182
0.291,21,24,181529
0.291,21,24,143819
0.291,21,24,483598
0.291,21,24,66879.9
0.291,21,24,325307
0.291,21,24,66870
0.291,21,24,174374
0.291,21,24,63718.6
0.291,21,24,344501
0.291,21,24,34303.1
0.291,21,24,228120
0.291,21,24,238883
0.291,21,24,71056.1
0.291,21,24,374624
0.291,21,24,12341.7
0.291,21,24,203970
0.291,21,24,355292
0.291,21,24,38980.2
0.291,21,24,27962
0.291,21,24,251287
0.291,21,24,71107.7
0.291,21,24,426185
0.291,21,24,41825.7
0.291,21,24,96238.6
0.291,21,24,346329
0.291,21,24,177227
0.291,21,24,107993
0.291,21,24,275934
0.291,21,24,209868
0.291,21,24,1.68159e+06
0.291,21,24,201406
0.291,21,24,191643
0.291,21,24,223856
0.291,21,24,39483.2
0.291,21,24,98450.4
0.291,21,24,184632
0.291,21,24,738021
0.291,21,24,501444
0.291,21,24,119564
0.291,21,24,122763
0.291,21,24,194529
0.291,21,24,97759.1
0.291,21,24,1.22747e+06
0.291,21,24,559889
0.291,21,24,66493.2
0.291,21,24,81020.9
0.291,21,24,482029
0.291,21,24,42767.2
0.291,21,24,420636
0.291,21,24,147174
0.291,21,24,52727.4
0.291,21,24,21853.1
0.291,21,24,40129.2
0.291,21,24,228437
0.291,21,24,57644.9
0.291,21,24,54765.6
0.291,21,24,302680
0.291,21,24,410740
0.291,21,24,446179
0.291,21,24,71074.3
0.291,21,24,602691
0.291,21,24,250498
0.291,21,24,232924
0.291,21,24,132796
0.291,21,24,408937
0.291,21,24,24144.4
0.291,21,24,147014
0.291,21,24,57785.7
0.291,21,24,11062.4
0.291,21,24,502708
0.291,21,24,931622
0.291,21,24,23578.6
0.291,21,24,394002
0.291,21,24,753844
0.291,21,24,217678
0.291,21,24,549250
0.291,21,24,32801.1
0.291,21,24,302345
0.291,21,24,328782
0.291,21,24,136075
0.291,21,24,341137
0.291,21,24,232810
0.291,21,24,65972.9
0.291,21,24,305277
0.291,21,24,541909
0.291,21,24,71638.8
0.291,21,24,385983
0.291,21,24,508535
0.291,21,24,82934.4
0.291,21,24,493242
0.291,21,24,75820.9
0.291,21,24,465923
0.291,21,24,95356.5
0.291,21,24,47984.8
0.291,21,24,416490
0.291,21,24,262872
0.291,21,24,540010
0.291,21,24,311870
0.291,21,24,103683
0.291,21,24,14522.6
0.291,21,24,66587.9
0.291,21,24,100413
0.291,21,24,674304
0.291,21,24,117348
0.291,21,24,505173
0.291,21,24,300499
0.291,21,24,1.05181e+06
0.291,21,24,111292
0.291,21,24,26549.7
0.291,21,24,521212
0.291,21,24,37405.6
0.291,21,24,166407
0.291,21,24,128473
0.291,21,24,49457.3
0.291,21,24,147204
0.291,21,24,110440
0.291,21,24,975277
0.291,21,24,32166.6
0.291,21,24,702217
0.291,21,24,212663
0.291,21,24,823943
0.291,21,24,254225
0.291,21,24,146821
0.291,21,24,568452
0.291,21,24,876268
0.291,21,24,228880
0.291,21,24,139637
0.291,21,24,40248.2
0.291,21,24,231170
0.291,21,24,314971
0.291,21,24,751459
0.291,21,24,418758
0.291,21,24,299988
0.291,21,24,374134
0.291,21,24,135317
0.291,21,24,138110
0.291,21,24,156516
0.291,21,24,511119
0.291,21,24,565217
0.291,21,24,1.29403e+06
0.291,21,24,292005
0.291,21,24,371154
0.291,21,24,333525
0.291,21,24,140552
0.291,21,24,324006
0.291,21,24,214007
0.291,21,24,332485
0.291,21,24,177200
0.291,21,24,255219
0.291,21,24,60261.7
0.291,21,24,375809
0.291,21,24,173577
0.291,21,24,1.12481e+06
0.291,21,24,240217
0.291,21,24,20783.9
0.291,21,24,16078.1
0.291,21,24,681675
0.291,21,24,469316
0.291,21,24,288788
0.291,21,24,331263
0.291,21,24,133558
0.291,21,24,33036.9
0.291,21,24,565230
0.291,21,24,265738
0.291,21,24,102828
0.291,21,24,394649
0.291,21,24,52684.5
0.291,21,24,347312
0.291,21,24,153263
0.291,21,24,544815
0.291,21,24,974477
0.291,21,24,100143
0.291,21,24,608849
0.291,21,24,194094
0.291,21,24,105587
0.291,21,24,92232.6
0.291,21,24,361960
0.291,21,24,409725
0.291,21,24,63624.6
0.291,21,24,48802.8
0.291,21,24,80447.1
0.291,21,24,314431
0.291,21,24,61591.8
0.291,21,24,128204
0.291,21,24,206053
0.291,21,24,643918
0.291,21,24,306769
0.291,21,24,46689.8
0.291,21,24,48654.7
0.291,21,24,50167.3
0.291,21,24,128584
0.291,21,24,98343.2
0.291,21,24,44735.7
0.291,21,24,299152
0.291,21,24,158579
0.291,21,24,516404
0.291,21,24,346196
0.291,21,24,1.0544e+06
0.291,21,24,230572
0.291,21,24,253599
0.291,21,24,30041.3
0.291,21,24,247036
0.291,21,24,26629
0.291,21,24,516434
0.291,21,24,823910
0.291,21,24,97638.6
0.291,21,24,233674
0.291,21,24,196254
0.291,21,24,352747
0.291,21,24,65648.9
0.291,21,24,362111
0.291,21,24,228745
0.291,21,24,660420
0.291,21,24,101243
0.291,21,24,304824
0.291,21,24,400482
0.291,21,24,194948
0.291,21,24,766674
0.291,21,24,501868
0.291,21,24,62903.4
0.291,21,24,191567
0.291,21,24,361241
0.291,21,24,52126.7
0.291,21,24,243334
0.291,21,24,318556
0.291,21,24,1.10853e+06
0.291,21,24,633748
0.291,21,24,185606
0.291,21,24,380878
0.291,21,24,137492
0.291,21,24,247459
0.291,21,24,442299
0.291,21,24,392387
0.291,21,24,73061.4
0.291,21,24,100924
0.291,21,24,206152
0.291,21,24,121278
0.291,21,24,267535
0.291,21,24,158382
0.291,21,24,78971.3
0.291,21,24,73820.1
0.291,21,24,284865
0.291,21,24,380446
0.291,21,24,389921
0.291,21,24,51371.1
0.291,21,24,438457
0.291,21,24,978999
0.291,21,24,16015.4
0.291,21,24,245067
0.291,21,24,701423
0.291,21,24,164211
0.291,21,24,300518
0.291,21,24,127467
0.291,21,24,12447.6
0.291,21,24,430158
0.291,21,24,101490
0.291,21,24,113444
0.291,21,24,370998
0.291,21,24,114966
0.291,21,24,76774.5
0.291,21,24,37445.4
0.291,21,24,353188
0.291,21,24,293376
0.291,21,24,267832
0.291,21,24,807080
0.291,21,24,38848.7
0.291,21,24,357889
0.291,21,24,264467
0.291,21,24,135306
0.291,21,24,375823
0.291,21,24,179117
0.291,21,24,48621.6
0.291,21,24,145178
0.291,21,24,105490
0.291,21,24,394261
0.291,21,24,155416
0.291,21,24,94373.6
0.291,21,24,235092
0.291,21,24,65747.6
0.291,21,24,480049
0.291,21,24,523209
0.291,21,24,94374.8
0.291,21,24,115640
0.291,21,24,59404.6
0.291,21,24,546819
0.291,21,24,275554
0.291,21,24,124412
0.291,21,24,519514
0.291,21,24,77939.9
0.291,21,24,161287
0.291,21,24,271789
0.291,21,24,257557
0.291,21,24,461121
0.291,21,24,27493.9
0.291,21,24,77561.4
0.291,21,24,77041.6
0.291,21,24,87994.5
0.291,21,24,94884.5
0.291,21,24,671421
0.291,21,24,303343
0.291,21,24,92288.6
0.291,21,24,362340
0.291,21,24,134988
0.291,21,24,41406
0.291,21,24,46836.4
0.291,21,24,38489.8
0.291,21,24,1.15191e+06
0.291,21,24,244505
0.291,21,24,369454
0.291,21,24,213466
0.291,21,24,28622
0.291,21,24,966362
0.291,21,24,97693.8
0.291,21,24,77061.9
0.291,21,24,605760
0.291,21,24,16189.1
0.291,21,24,805320
0.291,21,24,566797
0.291,21,24,428972
0.291,21,24,138979
0.291,21,24,111976
0.291,21,24,41593.1
0.291,21,24,188297
0.291,21,24,65521.3
0.291,21,24,296961
0.291,21,24,133987
0.291,21,24,119278
0.291,21,24,452288
0.291,21,24,215110
0.291,21,24,158459
0.291,21,24,564055
0.291,21,24,378036
0.291,21,24,196674
0.291,21,24,194869
0.291,21,24,56666.6
0.291,21,24,52118.3
0.291,21,24,914070
0.291,21,24,33270.2
0.291,21,24,502207
0.291,21,24,545181
0.291,21,24,218848
0.291,21,24,100425
0.291,21,24,585216
0.291,21,24,220457
0.291,21,24,133342
0.291,21,24,120906
0.291,21,24,80307.9
0.291,21,24,1.59656e+06
0.291,21,24,1.29801e+06
0.291,21,24,15464.8
0.291,21,24,55322.6
0.291,21,24,144891
0.291,21,24,570591
0.291,21,24,192956
0.291,21,24,415605
0.291,21,24,87949.1
0.291,21,24,251505
0.291,21,24,108421
0.291,21,24,354834
0.291,21,24,264390
0.291,21,24,289279
0.291,21,24,225663
0.291,21,24,392644
0.291,21,24,9730.74
0.291,21,24,98477.4
0.291,21,24,65985
0.291,21,24,74022.8
0.291,21,24,312185
0.291,21,24,143375
0.291,21,24,104697
0.291,21,24,391291
0.291,21,24,426946
0.291,21,24,390884
0.291,21,24,510666
0.291,21,24,479070
0.291,21,24,32882.8
0.291,21,24,35655.5
0.291,21,24,910793
0.291,21,24,401720
0.291,21,24,484212
0.291,21,24,148989
0.291,21,24,814048
0.291,21,24,99889.7
0.291,21,24,406642
0.291,21,24,186719
0.291,21,24,138958
0.291,21,24,607729
0.291,21,24,230383
0.291,21,24,203790
0.291,21,24,177750
0.291,21,24,327448
0.291,21,24,145854
0.291,21,24,303844
0.291,21,24,153299
0.291,21,24,23613.9
0.291,21,24,527466
0.291,21,24,587780
0.291,21,24,446595
0.291,21,24,51780.1
0.291,21,24,124159
0.291,21,24,443852
0.291,21,24,168209
0.291,21,24,233734
0.291,21,24,482929
0.291,21,24,90895
0.291,21,24,759418
0.291,21,24,828788
0.291,21,24,491472
0.291,21,24,42944
0.291,21,24,208176
0.291,21,24,280273
0.291,21,24,279089
0.291,21,24,14645.2
0.291,21,24,568989
0.291,21,24,513291
0.291,21,24,35107
0.291,21,24,179732
0.291,21,24,666899
0.291,21,24,243533
0.291,21,24,322922
0.291,21,24,208334
0.291,21,24,339170
0.291,21,24,175063
0.291,21,24,613827
0.291,21,24,125926
0.291,21,24,49921.9
0.291,21,24,156440
0.291,21,24,132374
0.291,21,24,720346
0.291,21,24,223355
0.291,21,24,241653
0.291,21,24,72393
0.291,21,24,167838
0.291,21,24,451032
0.291,21,24,314860
0.291,21,24,277562
0.291,21,24,14686.9
0.291,21,24,167062
0.291,21,24,137875
0.291,21,24,68634.3
0.291,21,24,118644
0.291,21,24,252486
0.291,21,24,135510
0.291,21,24,90292.1
0.291,21,24,79447.5
0.291,21,24,108344
0.291,21,24,70677
0.291,21,24,141206
0.291,21,24,28560.2
0.291,21,24,654293
0.291,21,24,135868
0.291,21,24,45690.8
0.291,21,24,114600
0.291,21,24,42826
0.291,21,24,189993
0.291,21,24,32775
0.291,21,24,54138.9
0.291,21,24,257993
0.291,21,24,178333
0.291,21,24,477272
0.291,21,24,228139
0.291,21,24,731927
0.291,21,24,356148
0.291,21,24,786140
0.291,21,24,58708.5
0.291,21,24,866462
0.291,21,24,33283.9
0.291,21,24,383606
0.291,21,24,213713
0.291,21,24,108688
0.291,21,24,93443.7
0.291,21,24,30415.9
0.291,21,24,102549
0.291,21,24,99342.8
0.291,21,24,434804
0.291,21,24,423259
0.291,21,24,1.79297e+06
0.291,21,24,402792
0.291,21,24,34324.6
0.291,21,24,321167
0.291,21,24,17552.8
0.291,21,24,272816
0.291,21,24,675807
0.291,21,24,9034.81
0.291,21,24,171943
0.291,21,24,88188.1
0.291,21,24,268483
0.291,21,24,96711.3
0.291,21,24,165459
0.291,21,24,52147.3
0.291,21,24,543300
0.291,21,24,62665.4
0.291,21,24,53033.7
0.291,21,24,1.85253e+06
0.291,21,24,5816.44
0.291,21,24,64901.4
0.291,21,24,383186
0.291,21,24,149955
0.291,21,24,68692.1
0.291,21,24,204519
0.291,21,24,174573
0.291,21,24,103842
0.291,21,24,175529
0.291,21,24,516003
0.291,21,24,311915
0.291,21,24,188055
0.291,21,24,1.74843e+06
0.291,21,24,124086
0.291,21,24,99245.3
0.291,21,24,166466
0.291,21,24,156902
0.291,21,24,610283
0.291,21,24,489781
0.291,21,24,179665
0.291,21,24,34807.4
0.291,21,24,221780
0.291,21,24,1.23276e+06
0.291,21,24,461968
0.291,21,24,31232.3
0.291,21,24,599850
0.291,21,24,20268.3
0.291,21,24,26441.8
0.291,21,24,156534
0.291,21,24,107981
0.291,21,24,259290
0.291,21,24,691796
0.291,21,24,364911
0.291,21,24,257224
0.291,21,24,43106.7
0.291,21,24,342221
0.291,21,24,550019
0.291,21,24,223016
0.291,21,24,81591.9
0.291,21,24,167954
0.291,21,24,88195.5
0.291,21,24,493388
0.291,21,24,187962
0.291,21,24,333329
0.291,21,24,31041.9
0.291,21,24,519007
0.291,21,24,63180.8
0.291,21,24,18541.5
0.291,21,24,171761
0.291,21,24,403526
0.291,21,24,280567
0.291,21,24,310516
0.291,21,24,147317
0.291,21,24,17531
0.291,21,24,921967
0.291,21,24,31586.2
0.291,21,24,455977
0.291,21,24,21987
0.291,21,24,245531
0.291,21,24,287500
0.291,21,24,24652.9
0.291,21,24,121229
0.291,21,24,529884
0.291,21,24,299482
0.291,21,24,435068
0.291,21,24,506543
0.291,21,24,193937
0.291,21,24,129928
0.291,21,24,311363
0.291,21,24,62164.6
0.291,21,24,596496
0.291,21,24,683840
0.291,21,24,48627.6
0.291,21,24,9616.34
0.291,21,24,905074
0.291,21,24,74196.8
0.291,21,24,40747.8
0.291,21,24,78035.2
0.291,21,24,1.00665e+06
0.291,21,24,26645.7
0.291,21,24,600911
0.291,21,24,153774
0.291,21,24,123416
0.291,21,24,15972.2
0.291,21,24,80903
0.291,21,24,91597.1
0.291,21,24,699786
0.291,21,24,573091
0.291,21,24,190000
0.291,21,24,351574
0.291,21,24,36109.4
0.291,21,24,16897.8
0.291,21,24,343741
0.291,21,24,39103.4
0.291,21,24,15601.8
0.291,21,24,101181
0.291,21,24,62314.1
0.291,21,24,151195
0.291,21,24,481238
0.291,21,24,103431
0.291,21,24,635992
0.291,21,24,290024
0.291,21,24,24194.4
0.291,21,24,133873
0.291,21,24,34799.7
0.291,21,24,367318
0.291,21,24,400106
0.291,21,24,110006
0.291,21,24,2389.72
0.291,21,24,122187
0.291,21,24,51877.2
0.291,21,24,688897
0.291,21,24,185523
0.291,21,24,762408
0.291,21,24,242481
0.291,21,24,26364.8
0.291,21,24,60531.6
0.291,21,24,35738.6
0.291,21,24,171213
0.291,21,24,641483
0.291,21,24,166933
0.291,21,24,309867
0.291,21,24,45895.4
0.291,21,24,91371
0.291,21,24,61838.1
0.291,21,24,3925.28
0.291,21,24,186157
0.291,21,24,546306
0.291,21,24,272937
0.291,21,24,5646.74
0.291,21,24,336720
0.291,21,24,114701
0.291,21,24,106345
0.291,21,24,344320
0.291,21,24,509988
0.291,21,24,57320.3
0.291,21,24,195801
0.291,21,24,270283
0.291,21,24,103818
0.291,21,24,11995.8
0.291,21,24,388932
0.291,21,24,51251.4
0.291,21,24,352500
0.291,21,24,55254.2
0.291,21,24,55950.9
0.291,21,24,128614
0.291,21,24,778744
0.291,21,24,325337
0.291,21,24,212167
0.291,21,24,240623
0.291,21,24,388216
0.291,21,24,292438
0.291,21,24,164231
0.291,21,24,512949
0.291,21,24,50903.3
0.291,21,24,42230.6
0.291,21,24,151556
0.291,21,24,344630
0.291,21,24,11611.3
0.291,21,24,354913
0.291,21,24,153763
0.291,21,24,371701
0.291,21,24,245560
0.291,21,24,109984
0.291,21,24,508741
0.291,21,24,34842.4
0.291,21,24,424471
0.291,21,24,159912
0.291,21,24,163410
0.291,21,24,939167
0.291,21,24,365506
0.291,21,24,285425
0.291,21,24,177765
0.291,21,24,40894.5
0.291,21,24,321415
0.291,21,24,126552
0.291,21,24,164840
0.291,21,24,182443
0.291,21,24,188764
0.291,21,24,252293
0.291,21,24,120846
0.291,21,24,80010.9
0.291,21,24,45484.4
0.291,21,24,212934
0.291,21,24,283664
0.291,21,24,341508
0.291,21,24,576229
0.291,21,24,160281
0.291,21,24,142122
0.291,21,24,813353
0.291,21,24,663063
0.291,21,24,188595
0.291,21,24,95026.1
0.291,21,24,375892
0.291,21,24,389904
0.291,21,24,102570
0.291,21,24,34205.4
0.291,21,24,93421.9
0.291,21,24,260244
0.291,21,24,437722
0.291,21,24,217246
0.291,21,24,178658
0.291,21,24,231322
0.291,21,24,435510
0.291,21,24,486632
0.291,21,24,70234.5
0.291,21,24,829380
0.291,21,24,265561
0.291,21,24,668722
0.291,21,24,227398
0.291,21,24,175572
0.291,21,24,100313
0.291,21,24,673556
0.291,21,24,16107.6
0.291,21,24,457961
0.291,21,24,61280
0.291,21,24,469788
0.291,21,24,50242.3
0.291,21,24,219950
0.291,21,24,333856
0.291,21,24,47298.2
0.291,21,24,228738
0.291,21,24,233639
0.291,21,24,282310
0.291,21,24,1.02685e+06
0.291,21,24,22748.3
0.291,21,24,91805.9
0.291,21,24,148623
0.291,21,24,7798.89
0.291,21,24,595294
0.291,21,24,155477
0.291,21,24,86945.1
0.291,21,24,254201
0.291,21,24,369611
0.291,21,24,710306
0.291,21,24,977618
0.291,21,24,147731
0.291,21,24,238249
0.291,21,24,241215
0.291,21,24,72047.4
0.291,21,24,528685
0.291,21,24,71822.5
0.291,21,24,1.65859e+06
0.291,21,24,151232
0.291,21,24,29116.9
0.291,21,24,507953
0.291,21,24,114299
0.291,21,24,423696
0.291,21,24,183510
0.291,21,24,565204
0.291,21,24,456532
0.291,21,24,148954
0.291,21,24,267034
0.291,21,24,96692.8
0.291,21,24,60409
0.291,21,24,261388
0.291,21,24,124942
0.291,21,24,621569
0.291,21,24,136013
0.291,21,24,83814
0.291,21,24,26369.9
0.291,21,24,361449
0.291,21,24,25447.8
0.291,21,24,421510
0.291,21,24,193512
0.291,21,24,94071.7
0.291,21,24,35688.6
0.291,21,24,226235
0.291,21,24,85568.5
0.291,21,24,148429
0.291,21,24,736314
0.291,21,24,253739
0.291,21,24,47271.8
0.291,21,24,92906.5
0.291,21,24,353756
0.291,21,24,96288.5
0.291,21,24,923960
0.291,21,24,230568
0.291,21,24,100795
0.291,21,24,180691
0.291,21,24,259480
0.291,21,24,17626.4
0.291,21,24,298049
0.291,21,24,1.09358e+06
0.291,21,24,323413
0.291,21,24,116325
0.291,21,24,14612.2
0.291,21,24,198390
0.291,21,24,178960
0.291,21,24,433249
0.291,21,24,54513.8
0.291,21,24,763201
0.291,21,24,120413
0.291,21,24,225427
0.291,21,24,404698
0.291,21,24,45245.9
0.291,21,24,145302
0.291,21,24,177674
0.291,21,24,656228
0.291,21,24,80909.5
0.291,21,24,214186
0.291,21,24,71299.6
0.291,21,24,540123
0.291,21,24,108709
0.291,21,24,46044.1
0.291,21,24,133612
0.291,21,24,135142
0.291,21,24,129803
0.291,21,24,761320
0.291,21,24,340867
0.291,21,24,554361
0.291,21,24,415365
0.291,21,24,69944.5
0.291,21,24,118030
0.291,21,24,152515
0.291,21,24,50736.1
0.291,21,24,126868
0.291,21,24,435813
0.291,21,24,282903
0.291,21,24,565247
0.291,21,24,101758
0.291,21,24,12327.9
0.291,21,24,490493
0.291,21,24,10361.9
0.291,21,24,44508
0.291,21,24,336304
0.291,21,24,24903.2
0.291,21,24,778989
0.291,21,24,246479
0.291,21,24,349469
0.291,21,24,51338
0.291,21,24,305716
0.291,21,24,380777
0.291,21,24,46878.9
0.291,21,24,148118
0.291,21,24,387852
0.291,21,24,990038
0.291,21,24,361745
0.291,21,24,517474
0.291,21,24,667189
0.291,21,24,460568
0.291,21,24,677527
0.291,21,24,472440
0.291,21,24,271905
0.291,21,24,159711
0.291,21,24,29237.5
0.291,21,24,1.07821e+06
0.291,21,24,36169.3
0.291,21,24,44060
0.291,21,24,320089
0.291,21,24,290175
0.291,21,24,595286
0.291,21,24,17829.9
0.291,21,24,120271
0.291,21,24,208450
0.291,21,24,291053
0.291,21,24,52092.6
0.291,21,24,1.09215e+06
0.291,21,24,97036.4
0.291,21,24,184946
0.291,21,24,85885.4
0.291,21,24,327588
0.291,21,24,122468
0.291,21,24,29998.5
0.291,21,24,53271.9
0.291,21,24,273162
0.291,21,24,44666.7
0.291,21,24,20174.3
0.291,21,24,652261
0.291,21,24,283753
0.291,21,24,253710
0.291,21,24,490248
0.291,21,24,1.02252e+06
0.291,21,24,40645
0.291,21,24,254004
0.291,21,24,162683
0.291,21,24,170657
0.291,21,24,837155
0.291,21,24,224517
0.291,21,24,216085
0.291,21,24,202587
0.291,21,24,109576
0.291,21,24,15096.5
0.291,21,24,379159
0.291,21,24,290591
0.291,21,24,447395
0.291,21,24,77635.4
0.291,21,24,105092
0.291,21,24,67370.9
0.291,21,24,123217
0.291,21,24,246824
0.291,21,24,451019
0.291,21,24,46053.3
0.291,21,24,45650.4
0.291,21,24,294329
0.291,21,24,590522
0.291,21,24,571328
0.291,21,24,69691
0.291,21,24,467929
0.291,21,24,332379
0.291,21,24,846763
0.291,21,24,92032.9
0.291,21,24,739917
0.291,21,24,1.38897e+06
0.291,21,24,491628
0.291,21,24,63462.1
0.291,21,24,385884
0.291,21,24,415155
0.291,21,24,30863
0.291,21,24,509711
0.291,21,24,74394.5
0.291,21,24,153184
0.291,21,24,44591.7
0.291,21,24,527432
0.291,21,24,236620
0.291,21,24,81150.4
0.291,21,24,459058
0.291,21,24,366195
0.291,21,24,405090
0.291,21,24,723142
0.291,21,24,139483
0.291,21,24,107629
0.291,21,24,104535
0.291,21,24,443954
0.291,21,24,482733
0.291,21,24,118673
0.291,21,24,206640
0.291,21,24,101725
0.291,21,24,15107.7
0.291,21,24,121840
0.291,21,24,579672
0.291,21,24,157278
0.291,21,24,587348
0.291,21,24,52565.1
0.291,21,24,358750
0.291,21,24,378232
0.291,21,24,74671.1
0.291,21,24,274658
0.291,21,24,1.38476e+06
0.291,21,24,147988
0.291,21,24,75936.8
0.291,21,24,66815.7
0.291,21,24,167109
0.291,21,24,81234.7
0.291,21,24,77980.8
0.291,21,24,143334
0.291,21,24,812933
0.291,21,24,88389.8
0.291,21,24,126451
0.291,21,24,97147
0.291,21,24,152346
0.291,21,24,305169
0.291,21,24,219219
0.291,21,24,105637
0.291,21,24,301169
0.291,21,24,232515
0.291,21,24,280348
0.291,21,24,209463
0.291,21,24,618869
0.291,21,24,30243.7
0.291,21,24,46267.4
0.291,21,24,141805
0.291,21,24,293538
0.291,21,24,130448
0.291,21,24,1.39513e+06
0.291,21,24,121558
0.291,21,24,130124
0.291,21,24,25970.1
0.291,21,24,266497
0.291,21,24,212404
0.291,21,24,865277
0.291,21,24,211975
0.291,21,24,192234
0.291,21,24,185412
0.291,21,24,87523.7
0.291,21,24,744662
0.291,21,24,66885.7
0.291,21,24,34256.3
0.291,21,24,188186
0.291,21,24,460485
0.291,21,24,110562
0.291,21,24,45732.3
0.291,21,24,630756
0.291,21,24,77447.3
0.291,21,24,144904
0.291,21,24,127084
0.291,21,24,230326
0.291,21,24,44105.1
0.291,21,24,25549.6
0.291,21,24,101026
0.291,21,24,517806
0.291,21,24,38526.9
0.291,21,24,184222
0.291,21,24,257523
0.291,21,24,922092
0.291,21,24,181970
0.291,21,24,146614
0.291,21,24,135898
0.291,21,24,326347
0.291,21,24,775974
0.291,21,24,384561
0.291,21,24,142763
0.291,21,24,128527
0.291,21,24,107589
0.291,21,24,228896
0.291,21,24,221507
0.291,21,24,215066
0.291,21,24,306240
0.291,21,24,144279
0.291,21,24,60260.1
0.291,21,24,29857.3
0.291,21,24,148653
0.291,21,24,230706
0.291,21,24,134063
0.291,21,24,482780
0.291,21,24,443886
0.291,21,24,173493
0.291,21,24,183675
0.291,21,24,32228.5
0.291,21,24,580129
0.291,21,24,847741
0.291,21,24,1.14481e+06
0.291,21,24,142828
0.291,21,24,177466
0.291,21,24,59439.7
0.291,21,24,153899
0.291,21,24,234207
0.291,21,24,503673
0.291,21,24,402486
0.291,21,24,127566
0.291,21,24,534940
0.291,21,24,142941
0.291,21,24,260566
0.291,21,24,5109.82
0.291,21,24,368306
0.291,21,24,155692
0.291,21,24,79558.6
0.291,21,24,298772
0.291,21,24,40119.4
0.291,21,24,146960
0.291,21,24,385725
0.291,21,24,80064
0.291,21,24,327884
0.291,21,24,572454
0.291,21,24,21335.8
0.291,21,24,329592
0.291,21,24,293721
0.291,21,24,107180
0.291,21,24,285345
0.291,21,24,66764.4
0.291,21,24,157144
0.291,21,24,376568
0.291,21,24,1.41807e+06
0.291,21,24,42028.4
0.291,21,24,311692
0.291,21,24,74173.9
0.291,21,24,196172
0.291,21,24,858592
0.291,21,24,281596
0.291,21,24,116855
0.291,21,24,388366
0.291,21,24,137896
0.291,21,24,505012
0.291,21,24,569796
0.291,21,24,430231
0.291,21,24,226275
0.291,21,24,231693
0.291,21,24,34968.2
0.291,21,24,29418.1
0.291,21,24,1.20852e+06
0.291,21,24,70146.7
0.291,21,24,355395
0.291,21,24,335508
0.291,21,24,59518.4
0.291,21,24,1.38208e+06
0.291,21,24,709285
0.291,21,24,761422
0.291,21,24,110030
0.291,21,24,801264
0.291,21,24,347002
0.291,21,24,560058
0.291,21,24,551405
0.291,21,24,36017.8
0.291,21,24,241746
0.291,21,24,379688
0.291,21,24,282887
0.291,21,24,185826
0.291,21,24,117022
0.291,21,24,233808
0.291,21,24,251172
0.291,21,24,46388.4
0.291,21,24,112567
0.291,21,24,924689
0.291,21,24,27877.4
0.291,21,24,194011
0.291,21,24,407092
0.291,21,24,756423
0.291,21,24,39870.5
0.291,21,24,127715
0.291,21,24,8024.21
0.291,21,24,260682
0.291,21,24,70098.1
0.291,21,24,483228
0.291,21,24,92993.3
0.291,21,24,19074.7
0.291,21,24,25193.1
0.291,21,24,203004
0.291,21,24,369488
0.291,21,24,423963
0.291,21,24,163269
0.291,21,24,32133.8
0.291,21,24,61538.7
0.291,21,24,346357
0.291,21,24,98067.7
0.291,21,24,72765.8
0.291,21,24,27513.4
0.291,21,24,193276
0.291,21,24,183504
0.291,21,24,211943
0.291,21,24,147211
0.291,21,24,302560
0.291,21,24,163071
0.291,21,24,104581
0.291,21,24,1.10141e+06
0.291,21,24,282550
0.291,21,24,95400.3
0.291,21,24,127002
0.291,21,24,760431
0.291,21,24,287890
0.291,21,24,704184
0.291,21,24,280848
0.291,21,24,100472
0.291,21,24,81211.3
0.291,21,24,214352
0.291,21,24,709757
0.291,21,24,38058.2
0.291,21,24,676231
0.291,21,24,184127
0.291,21,24,25261
0.291,21,24,593175
0.291,21,24,96809.4
0.291,21,24,648494
0.291,21,24,140698
0.291,21,24,193413
0.291,21,24,64509.4
0.291,21,24,388988
0.291,21,24,496081
0.291,21,24,766433
0.291,21,24,638207
0.291,21,24,435672
0.291,21,24,651465
0.291,21,24,80416
0.291,21,24,309660
0.291,21,24,281139
0.291,21,24,1.03514e+06
0.291,21,24,140114
0.291,21,24,444381
0.291,21,24,319124
0.291,21,24,110958
0.291,21,24,7857.08
0.291,21,24,306637
0.291,21,24,43442.2
0.291,21,24,403786
0.291,21,24,291576
0.291,21,24,37202.8
0.291,21,24,171434
0.291,21,24,220875
0.291,21,24,181805
0.291,21,24,401586
0.291,21,24,334613
0.291,21,24,374570
0.291,21,24,184620
0.291,21,24,164400
0.291,21,24,105853
0.291,21,24,972205
0.291,21,24,192627
0.291,21,24,188831
0.291,21,24,57012.2
0.291,21,24,275781
0.291,21,24,299623
0.291,21,24,83657
0.291,21,24,59861.3
0.291,21,24,232134
0.291,21,24,320163
0.291,21,24,177138
0.291,21,24,461848
0.291,21,24,175392
0.291,21,24,114588
0.291,21,24,208355
0.291,21,24,292301
0.291,21,24,93184.1
0.291,21,24,202987
0.291,21,24,32164.6
0.291,21,24,369907
0.291,21,24,386848
0.291,21,24,902151
0.291,21,24,211796
0.291,21,24,426949
0.291,21,24,174134
0.291,21,24,100513
0.291,21,24,292781
0.291,21,24,99275
0.291,21,24,117856
0.291,21,24,27521.8
0.291,21,24,197879
0.291,21,24,94455.8
0.291,21,24,175804
0.291,21,24,226451
0.291,21,24,391428
0.291,21,24,370904
0.291,21,24,182830
0.291,21,24,90159.1
0.291,21,24,223560
0.291,21,24,569437
0.291,21,24,197505
0.291,21,24,26993.8
0.291,21,24,435084
0.291,21,24,88381.2
0.291,21,24,189506
0.291,21,24,50057.4
0.291,21,24,265206
0.291,21,24,596075
0.291,21,24,42464.7
0.291,21,24,74956.1
0.291,21,24,263836
0.291,21,24,110802
0.291,21,24,62627.6
0.291,21,24,460821
0.291,21,24,122592
0.291,21,24,1.29865e+06
0.291,21,24,137224
0.291,21,24,53779.3
0.291,21,24,143464
0.291,21,24,93074.2
0.291,21,24,456603
0.291,21,24,153202
0.291,21,24,353011
0.291,21,24,173996
0.291,21,24,211956
0.291,21,24,149728
0.291,21,24,227930
0.291,21,24,30681.8
0.291,21,24,458245
0.291,21,24,279976
0.291,21,24,107419
0.291,21,24,90969.2
0.291,21,24,74663.6
0.291,21,24,389574
0.291,21,24,107720
0.291,21,24,545147
0.291,21,24,294036
0.291,21,24,264602
0.291,21,24,813205
0.291,21,24,279353
0.291,21,24,128872
0.291,21,24,149605
0.291,21,24,321888
0.291,21,24,33612.2
0.291,21,24,51848.5
0.291,21,24,248655
0.291,21,24,170079
0.291,21,24,91016.2
0.291,21,24,120923
0.291,21,24,426288
0.291,21,24,131359
0.291,21,24,344138
0.291,21,24,346983
0.291,21,24,316859
0.291,21,24,316622
0.291,21,24,101178
0.291,21,24,685928
0.291,21,24,370282
0.291,21,24,573918
0.291,21,24,47599.1
0.291,21,24,7485.31
0.291,21,24,971574
0.291,21,24,988364
0.291,21,24,437022
0.291,21,24,595377
0.291,21,24,322041
0.291,21,24,224572
0.291,21,24,174478
0.291,21,24,468901
0.291,21,24,82421.6
0.291,21,24,140137
0.291,21,24,13387.4
0.291,21,24,108164
0.291,21,24,416849
0.291,21,24,412347
0.291,21,24,97443.2
0.291,21,24,59620.3
0.291,21,24,192558
0.291,21,24,493761
0.291,21,24,67044.9
0.291,21,24,238497
0.291,21,24,242505
0.291,21,24,351957
0.291,21,24,234352
0.291,21,24,916723
0.291,21,24,542427
0.291,21,24,98596.7
0.291,21,24,150086
0.291,21,24,84639.5
0.291,21,24,246927
0.291,21,24,749973
0.291,21,24,496512
0.291,21,24,294858
0.291,21,24,415616
0.291,21,24,357407
0.291,21,24,1.24695e+06
0.291,21,24,487268
0.291,21,24,161470
0.291,21,24,138907
0.291,21,24,165646
0.291,21,24,2.24362e+06
0.291,21,24,689018
0.291,21,24,225579
0.291,21,24,340953
0.291,21,24,5918.21
0.291,21,24,605523
0.291,21,24,791668
0.291,21,24,170044
0.291,21,24,276174
0.291,21,24,333037
0.291,21,24,46468.8
0.291,21,24,752428
0.291,21,24,779931
0.291,21,24,311434
0.291,21,24,611781
0.291,21,24,154198
0.291,21,24,44852.1
0.291,21,24,151430
0.291,21,24,253810
0.291,21,24,605938
0.291,21,24,9611.5
0.291,21,24,106025
0.291,21,24,471042
0.291,21,24,394049
0.291,21,24,129793
0.291,21,24,483416
0.291,21,24,10878.6
0.291,21,24,157314
0.291,21,24,772252
0.291,21,24,79022.7
0.291,21,24,446726
0.291,21,24,124551
0.291,21,24,71694.8
0.291,21,24,518052
0.291,21,24,570523
0.291,21,24,517242
0.291,21,24,331096
0.291,21,24,240723
0.291,21,24,506136
0.291,21,24,193788
0.291,21,24,132729
0.291,21,24,169821
0.291,21,24,361352
0.291,21,24,112408
0.291,21,24,79266.1
0.291,21,24,432141
0.291,21,24,612449
0.291,21,24,369803
0.291,21,24,14306.5
0.291,21,24,264286
0.291,21,24,323075
0.291,21,24,271707
0.291,21,24,234855
0.291,21,24,122889
0.291,21,24,745351
0.291,21,24,273628
0.291,21,24,243363
0.291,21,24,164983
0.291,21,24,33363.5
0.291,21,24,134701
0.291,21,24,126423
0.291,21,24,46943.1
0.291,21,24,1.39356e+06
0.291,21,24,479081
0.291,21,24,347183
0.291,21,24,63208.1
0.291,21,24,193598
0.291,21,24,465144
0.291,21,24,604653
0.291,21,24,138948
0.291,21,24,100029
0.291,21,24,1.57364e+06
0.291,21,24,241537
0.291,21,24,69097.9
0.291,21,24,36313.4
0.291,21,24,118476
0.291,21,24,406371
0.291,21,24,486344
0.291,21,24,59005
0.291,21,24,320158
0.291,21,24,23073.1
0.291,21,24,68342.5
0.291,21,24,919007
0.291,21,24,30905.9
0.291,21,24,94582
0.291,21,24,560636
0.291,21,24,246121
0.291,21,24,649299
0.291,21,24,240596
0.291,21,24,729275
0.291,21,24,148446
0.291,21,24,354128
0.291,21,24,328095
0.291,21,24,335317
0.291,21,24,428068
0.291,21,24,187059
0.291,21,24,401333
0.291,21,24,79716.1
0.291,21,24,120911
0.291,21,24,277989
0.291,21,24,87616.2
0.291,21,24,929892
0.291,21,24,133089
0.291,21,24,533515
0.291,21,24,714254
0.291,21,24,671201
0.291,21,24,966762
0.291,21,24,58038.1
0.291,21,24,38112.4
0.291,21,24,416532
0.291,21,24,95704.7
0.291,21,24,858624
0.291,21,24,499879
0.291,21,24,10500.1
0.291,21,24,103603
0.291,21,24,363016
0.291,21,24,101344
0.291,21,24,106637
0.291,21,24,536499
0.291,21,24,218208
0.291,21,24,26582.9
0.291,21,24,339553
0.291,21,24,64790.8
0.291,21,24,338786
0.291,21,24,280089
0.291,21,24,868022
0.291,21,24,47979.5
0.291,21,24,673110
0.291,21,24,218444
0.291,21,24,14706.5
0.291,21,24,454682
0.291,21,24,1.11127e+06
0.291,21,24,961334
0.291,21,24,68861.3
0.291,21,24,701195
0.291,21,24,141641
0.291,21,24,505767
0.291,21,24,78168.7
0.290915,24,27,289832
0.290915,24,27,522829
0.290915,24,27,139095
0.290915,24,27,472368
0.290915,24,27,246334
0.290915,24,27,134464
0.290915,24,27,244173
0.290915,24,27,45639.2
0.290915,24,27,786608
0.290915,24,27,153434
0.290915,24,27,191794
0.290915,24,27,106068
0.290915,24,27,446672
0.290915,24,27,210618
0.290915,24,27,191408
0.290915,24,27,408919
0.290915,24,27,461590
0.290915,24,27,29508.6
0.290915,24,27,1.05271e+06
0.290915,24,27,1.14339e+06
0.290915,24,27,228138
0.290915,24,27,140941
0.290915,24,27,53332.6
0.290915,24,27,26143.3
0.290915,24,27,96089.7
0.290915,24,27,34529.3
0.290915,24,27,423873
0.290915,24,27,95308.5
0.290915,24,27,888518
0.290915,24,27,454815
0.290915,24,27,149216
0.290915,24,27,626220
0.290915,24,27,200033
0.290915,24,27,67291.1
0.290915,24,27,295505
0.290915,24,27,363650
0.290915,24,27,208086
0.290915,24,27,950307
0.290915,24,27,28033
0.290915,24,27,281257
0.290915,24,27,460830
0.290915,24,27,391680
0.290915,24,27,114069
0.290915,24,27,45003.5
0.290915,24,27,270652
0.290915,24,27,101039
0.290915,24,27,255291
0.290915,24,27,222082
0.290915,24,27,63912.6
0.290915,24,27,29463.6
0.290915,24,27,138451
0.290915,24,27,95673.7
0.290915,24,27,80621.1
0.290915,24,27,576314
0.290915,24,27,184838
0.290915,24,27,631733
0.290915,24,27,241071
0.290915,24,27,498275
0.290915,24,27,34339.4
0.290915,24,27,797849
0.290915,24,27,370763
0.290915,24,27,856333
0.290915,24,27,70072.9
0.290915,24,27,147539
0.290915,24,27,211953
0.290915,24,27,211464
0.290915,24,27,433498
0.290915,24,27,656541
0.290915,24,27,626393
0.290915,24,27,281014
0.290915,24,27,905104
0.290915,24,27,226213
0.290915,24,27,254252
0.290915,24,27,100712
0.290915,24,27,54239.9
0.290915,24,27,282448
0.290915,24,27,247412
0.290915,24,27,86119.7
0.290915,24,27,108745
0.290915,24,27,562457
0.290915,24,27,87699.7
0.290915,24,27,1.31767e+06
0.290915,24,27,215140
0.290915,24,27,863670
0.290915,24,27,247837
0.290915,24,27,221242
0.290915,24,27,254836
0.290915,24,27,312551
0.290915,24,27,258043
0.290915,24,27,76447.4
0.290915,24,27,382463
0.290915,24,27,375875
0.290915,24,27,209683
0.290915,24,27,362068
0.290915,24,27,787674
0.290915,24,27,273729
0.290915,24,27,667630
0.290915,24,27,157606
0.290915,24,27,135604
0.290915,24,27,200035
0.290915,24,27,106583
0.290915,24,27,166799
0.290915,24,27,200325
0.290915,24,27,150026
0.290915,24,27,82600.8
0.290915,24,27,426540
0.290915,24,27,1.07692e+06
0.290915,24,27,102131
0.290915,24,27,959727
0.290915,24,27,96718.1
0.290915,24,27,53602.5
0.290915,24,27,333460
0.290915,24,27,432157
0.290915,24,27,708048
0.290915,24,27,84204
0.290915,24,27,279408
0.290915,24,27,218656
0.290915,24,27,870779
0.290915,24,27,287104
0.290915,24,27,590679
0.290915,24,27,892193
0.290915,24,27,304285
0.290915,24,27,132669
0.290915,24,27,44488.8
0.290915,24,27,142691
0.290915,24,27,701528
0.290915,24,27,489890
0.290915,24,27,410956
0.290915,24,27,81596.3
0.290915,24,27,92839.9
0.290915,24,27,48765.9
0.290915,24,27,511808
0.290915,24,27,141095
0.290915,24,27,807379
0.290915,24,27,275092
0.290915,24,27,259646
0.290915,24,27,633785
0.290915,24,27,1.16757e+06
0.290915,24,27,186978
0.290915,24,27,338873
0.290915,24,27,58182.8
0.290915,24,27,499610
0.290915,24,27,31051.8
0.290915,24,27,126741
0.290915,24,27,479474
0.290915,24,27,139570
0.290915,24,27,636871
0.290915,24,27,420974
0.290915,24,27,796251
0.290915,24,27,90502.7
0.290915,24,27,123692
0.290915,24,27,29333.7
0.290915,24,27,292308
0.290915,24,27,349903
0.290915,24,27,35036.8
0.290915,24,27,245261
0.290915,24,27,309753
0.290915,24,27,397559
0.290915,24,27,144456
0.290915,24,27,167397
0.290915,24,27,142539
0.290915,24,27,463969
0.290915,24,27,326679
0.290915,24,27,266803
0.290915,24,27,1.13852e+06
0.290915,24,27,835466
0.290915,24,27,274784
0.290915,24,27,325188
0.290915,24,27,50960.6
0.290915,24,27,25060.3
0.290915,24,27,164538
0.290915,24,27,587946
0.290915,24,27,90073.4
0.290915,24,27,144040
0.290915,24,27,96711.1
0.290915,24,27,24256.2
0.290915,24,27,404369
0.290915,24,27,312654
0.290915,24,27,57020.1
0.290915,24,27,556658
0.290915,24,27,63953.3
0.290915,24,27,90289.7
0.290915,24,27,114151
0.290915,24,27,91779
0.290915,24,27,26672.9
0.290915,24,27,270698
0.290915,24,27,433124
0.290915,24,27,976260
0.290915,24,27,224955
0.290915,24,27,853170
0.290915,24,27,345255
0.290915,24,27,34405
0.290915,24,27,55171.2
0.290915,24,27,134896
0.290915,24,27,33472.6
0.290915,24,27,669022
0.290915,24,27,169805
0.290915,24,27,497115
0.290915,24,27,36030.8
0.290915,24,27,325098
0.290915,24,27,65591.2
0.290915,24,27,571476
0.290915,24,27,61649.9
0.290915,24,27,326885
0.290915,24,27,297033
0.290915,24,27,115750
0.290915,24,27,107410
0.290915,24,27,115575
0.290915,24,27,232884
0.290915,24,27,537283
0.290915,24,27,212441
0.290915,24,27,33913.4
0.290915,24,27,309609
0.290915,24,27,764389
0.290915,24,27,110528
0.290915,24,27,94587.5
0.290915,24,27,1.38789e+06
0.290915,24,27,214160
0.290915,24,27,282482
0.290915,24,27,293433
0.290915,24,27,301431
0.290915,24,27,382713
0.290915,24,27,142464
0.290915,24,27,604194
0.290915,24,27,346053
0.290915,24,27,96885.2
0.290915,24,27,206357
0.290915,24,27,256497
0.290915,24,27,1.50238e+06
0.290915,24,27,117144
0.290915,24,27,663485
0.290915,24,27,647521
0.290915,24,27,411518
0.290915,24,27,181259
0.290915,24,27,728073
0.290915,24,27,185913
0.290915,24,27,111119
0.290915,24,27,960221
0.290915,24,27,218517
0.290915,24,27,60649.3
0.290915,24,27,404693
0.290915,24,27,888606
0.290915,24,27,81374.7
0.290915,24,27,168503
0.290915,24,27,80115.1
0.290915,24,27,126453
0.290915,24,27,382743
0.290915,24,27,1.34051e+06
0.290915,24,27,86369.3
0.290915,24,27,445509
0.290915,24,27,225457
0.290915,24,27,15547
0.290915,24,27,117438
0.290915,24,27,17519.8
0.290915,24,27,164763
0.290915,24,27,343733
0.290915,24,27,291514
0.290915,24,27,389474
0.290915,24,27,697332
0.290915,24,27,386527
0.290915,24,27,192210
0.290915,24,27,58026.5
0.290915,24,27,127499
0.290915,24,27,131777
0.290915,24,27,84107.4
0.290915,24,27,535132
0.290915,24,27,743270
0.290915,24,27,213096
0.290915,24,27,279712
0.290915,24,27,198557
0.290915,24,27,302344
0.290915,24,27,193872
0.290915,24,27,505306
0.290915,24,27,113324
0.290915,24,27,898212
0.290915,24,27,335753
0.290915,24,27,162800
0.290915,24,27,148091
0.290915,24,27,180599
0.290915,24,27,392409
0.290915,24,27,805926
0.290915,24,27,64525.5
0.290915,24,27,209519
0.290915,24,27,222123
0.290915,24,27,302793
0.290915,24,27,147376
0.290915,24,27,90958
0.290915,24,27,329988
0.290915,24,27,162233
0.290915,24,27,171379
0.290915,24,27,339503
0.290915,24,27,14585
0.290915,24,27,67556.4
0.290915,24,27,1.25987e+06
0.290915,24,27,385193
0.290915,24,27,1.0159e+06
0.290915,24,27,895626
0.290915,24,27,210601
0.290915,24,27,217272
0.290915,24,27,72919.9
0.290915,24,27,123628
0.290915,24,27,482705
0.290915,24,27,697251
0.290915,24,27,192136
0.290915,24,27,267567
0.290915,24,27,382399
0.290915,24,27,310287
0.290915,24,27,257096
0.290915,24,27,362495
0.290915,24,27,26960.8
0.290915,24,27,268740
0.290915,24,27,104052
0.290915,24,27,362625
0.290915,24,27,62862.8
0.290915,24,27,191847
0.290915,24,27,551925
0.290915,24,27,96148
0.290915,24,27,40118.2
0.290915,24,27,99043.9
0.290915,24,27,194122
0.290915,24,27,565753
0.290915,24,27,164739
0.290915,24,27,192510
0.290915,24,27,132164
0.290915,24,27,117754
0.290915,24,27,30993.3
0.290915,24,27,206528
0.290915,24,27,71461
0.290915,24,27,240878
0.290915,24,27,200557
0.290915,24,27,972512
0.290915,24,27,189048
0.290915,24,27,369156
0.290915,24,27,498906
0.290915,24,27,1.00856e+06
0.290915,24,27,1.00824e+06
0.290915,24,27,88661
0.290915,24,27,122283
0.290915,24,27,181963
0.290915,24,27,117715
0.290915,24,27,362683
0.290915,24,27,550185
0.290915,24,27,354685
0.290915,24,27,594432
0.290915,24,27,252338
0.290915,24,27,124261
0.290915,24,27,525019
0.290915,24,27,113160
0.290915,24,27,677303
0.290915,24,27,87192.9
0.290915,24,27,384217
0.290915,24,27,52827.9
0.290915,24,27,29717.7
0.290915,24,27,168360
0.290915,24,27,1.06304e+06
0.290915,24,27,42273.3
0.290915,24,27,473010
0.290915,24,27,665464
0.290915,24,27,159995
0.290915,24,27,26895.7
0.290915,24,27,134265
0.290915,24,27,553656
0.290915,24,27,1.26616e+06
0.290915,24,27,53779
0.290915,24,27,107819
0.290915,24,27,1.04154e+06
0.290915,24,27,161820
0.290915,24,27,841365
0.290915,24,27,104700
0.290915,24,27,327463
0.290915,24,27,368286
0.290915,24,27,583746
0.290915,24,27,591440
0.290915,24,27,208496
0.290915,24,27,260720
0.290915,24,27,25599.3
0.290915,24,27,235595
0.290915,24,27,306520
0.290915,24,27,256488
0.290915,24,27,161597
0.290915,24,27,515553
0.290915,24,27,31042.9
0.290915,24,27,93341.1
0.290915,24,27,20517.5
0.290915,24,27,625327
0.290915,24,27,864194
0.290915,24,27,217404
0.290915,24,27,1.41118e+06
0.290915,24,27,149339
0.290915,24,27,49497.9
0.290915,24,27,48963.4
0.290915,24,27,156294
0.290915,24,27,233895
0.290915,24,27,410954
0.290915,24,27,178624
0.290915,24,27,95719.9
0.290915,24,27,78780.5
0.290915,24,27,153037
0.290915,24,27,222512
0.290915,24,27,188590
0.290915,24,27,315637
0.290915,24,27,99221.1
0.290915,24,27,339359
0.290915,24,27,243084
0.290915,24,27,101376
0.290915,24,27,177374
0.290915,24,27,205690
0.290915,24,27,263061
0.290915,24,27,146044
0.290915,24,27,29885.6
0.290915,24,27,572977
0.290915,24,27,449166
0.290915,24,27,123922
0.290915,24,27,717116
0.290915,24,27,885146
0.290915,24,27,594425
0.290915,24,27,98095.4
0.290915,24,27,177443
0.290915,24,27,23212.7
0.290915,24,27,1.15382e+06
0.290915,24,27,199657
0.290915,24,27,211285
0.290915,24,27,374985
0.290915,24,27,208567
0.290915,24,27,224316
0.290915,24,27,914016
0.290915,24,27,236257
0.290915,24,27,52262.1
0.290915,24,27,406712
0.290915,24,27,116069
0.290915,24,27,498258
0.290915,24,27,534266
0.290915,24,27,322653
0.290915,24,27,167028
0.290915,24,27,309849
0.290915,24,27,399975
0.290915,24,27,426298
0.290915,24,27,155732
0.290915,24,27,421302
0.290915,24,27,528623
0.290915,24,27,144383
0.290915,24,27,57634.8
0.290915,24,27,381161
0.290915,24,27,545075
0.290915,24,27,184992
0.290915,24,27,1.03543e+06
0.290915,24,27,32246.4
0.290915,24,27,273372
0.290915,24,27,73620.8
0.290915,24,27,435106
0.290915,24,27,1.13518e+06
0.290915,24,27,639325
0.290915,24,27,107922
0.290915,24,27,263906
0.290915,24,27,536779
0.290915,24,27,280567
0.290915,24,27,424948
0.290915,24,27,225020
0.290915,24,27,54103.2
0.290915,24,27,78649
0.290915,24,27,310046
0.290915,24,27,1.06755e+06
0.290915,24,27,849464
0.290915,24,27,267959
0.290915,24,27,135890
0.290915,24,27,95898.2
0.290915,24,27,42307
0.290915,24,27,109973
0.290915,24,27,1.14518e+06
0.290915,24,27,336358
0.290915,24,27,168756
0.290915,24,27,183600
0.290915,24,27,129787
0.290915,24,27,92523.6
0.290915,24,27,244200
0.290915,24,27,31943.7
0.290915,24,27,303550
0.290915,24,27,141669
0.290915,24,27,94273.3
0.290915,24,27,110665
0.290915,24,27,310688
0.290915,24,27,356015
0.290915,24,27,145303
0.290915,24,27,253369
0.290915,24,27,592347
0.290915,24,27,63826.9
0.290915,24,27,149805
0.290915,24,27,88676.9
0.290915,24,27,135881
0.290915,24,27,17327.9
0.290915,24,27,338912
0.290915,24,27,596456
0.290915,24,27,82237.1
0.290915,24,27,222803
0.290915,24,27,47689
0.290915,24,27,234736
0.290915,24,27,56580.7
0.290915,24,27,287689
0.290915,24,27,317222
0.290915,24,27,288879
0.290915,24,27,206902
0.290915,24,27,218538
0.290915,24,27,84061
0.290915,24,27,692446
0.290915,24,27,314892
0.290915,24,27,130574
0.290915,24,27,182550
0.290915,24,27,77445.2
0.290915,24,27,413575
0.290915,24,27,244558
0.290915,24,27,86638.5
0.290915,24,27,1.46223e+06
0.290915,24,27,550633
0.290915,24,27,305358
0.290915,24,27,44814.6
0.290915,24,27,384183
0.290915,24,27,228968
0.290915,24,27,21003.4
0.290915,24,27,217503
0.290915,24,27,131412
0.290915,24,27,26485.7
0.290915,24,27,269200
0.290915,24,27,295615
0.290915,24,27,157110
0.290915,24,27,149004
0.290915,24,27,287028
0.290915,24,27,456764
0.290915,24,27,278770
0.290915,24,27,84496.7
0.290915,24,27,441713
0.290915,24,27,50237.7
0.290915,24,27,43344
0.290915,24,27,708161
0.290915,24,27,249073
0.290915,24,27,70749.5
0.290915,24,27,213214
0.290915,24,27,261508
0.290915,24,27,95792.5
0.290915,24,27,49146.6
0.290915,24,27,244213
0.290915,24,27,412296
0.290915,24,27,75024.2
0.290915,24,27,188016
0.290915,24,27,414697
0.290915,24,27,698084
0.290915,24,27,229311
0.290915,24,27,264050
0.290915,24,27,166798
0.290915,24,27,409399
0.290915,24,27,453450
0.290915,24,27,279818
0.290915,24,27,86233
0.290915,24,27,324584
0.290915,24,27,633416
0.290915,24,27,413424
0.290915,24,27,194363
0.290915,24,27,52975.6
0.290915,24,27,172788
0.290915,24,27,100275
0.290915,24,27,414632
0.290915,24,27,641485
0.290915,24,27,304504
0.290915,24,27,1.31046e+06
0.290915,24,27,313456
0.290915,24,27,256324
0.290915,24,27,199554
0.290915,24,27,143917
0.290915,24,27,185937
0.290915,24,27,1.10971e+06
0.290915,24,27,321736
0.290915,24,27,195481
0.290915,24,27,594420
0.290915,24,27,437178
0.290915,24,27,540087
0.290915,24,27,337915
0.290915,24,27,287027
0.290915,24,27,68198.1
0.290915,24,27,347811
0.290915,24,27,427486
0.290915,24,27,211175
0.290915,24,27,169876
0.290915,24,27,733201
0.290915,24,27,914018
0.290915,24,27,383146
0.290915,24,27,307737
0.290915,24,27,190064
0.290915,24,27,206437
0.290915,24,27,173459
0.290915,24,27,975573
0.290915,24,27,493740
0.290915,24,27,101287
0.290915,24,27,323332
0.290915,24,27,167809
0.290915,24,27,365410
0.290915,24,27,438553
0.290915,24,27,327874
0.290915,24,27,726906
0.290915,24,27,44158.4
0.290915,24,27,435652
0.290915,24,27,76099.6
0.290915,24,27,520896
0.290915,24,27,101007
0.290915,24,27,279791
0.290915,24,27,77741.7
0.290915,24,27,202570
0.290915,24,27,70493.1
0.290915,24,27,121167
0.290915,24,27,64530.4
0.290915,24,27,168263
0.290915,24,27,168315
0.290915,24,27,506281
0.290915,24,27,93851.3
0.290915,24,27,424388
0.290915,24,27,414169
0.290915,24,27,220022
0.290915,24,27,746257
0.290915,24,27,993661
0.290915,24,27,344693
0.290915,24,27,18769.7
0.290915,24,27,211192
0.290915,24,27,176995
0.290915,24,27,746681
0.290915,24,27,67264.5
0.290915,24,27,66326.1
0.290915,24,27,553187
0.290915,24,27,166913
0.290915,24,27,102557
0.290915,24,27,79787
0.290915,24,27,12108.9
0.290915,24,27,93683.3
0.290915,24,27,65991.7
0.290915,24,27,172934
0.290915,24,27,1.40495e+06
0.290915,24,27,615995
0.290915,24,27,232177
0.290915,24,27,191087
0.290915,24,27,75296.9
0.290915,24,27,242724
0.290915,24,27,891027
0.290915,24,27,55897.5
0.290915,24,27,761220
0.290915,24,27,58731.5
0.290915,24,27,62802.9
0.290915,24,27,365667
0.290915,24,27,420505
0.290915,24,27,28217.9
0.290915,24,27,51965.8
0.290915,24,27,700418
0.290915,24,27,56235.9
0.290915,24,27,290241
0.290915,24,27,180346
0.290915,24,27,1.64718e+06
0.290915,24,27,1.54958e+06
0.290915,24,27,226929
0.290915,24,27,126560
0.290915,24,27,165010
0.290915,24,27,415579
0.290915,24,27,10184.9
0.290915,24,27,162340
0.290915,24,27,801253
0.290915,24,27,130116
0.290915,24,27,377569
0.290915,24,27,71222.8
0.290915,24,27,195031
0.290915,24,27,390612
0.290915,24,27,191246
0.290915,24,27,36560
0.290915,24,27,279418
0.290915,24,27,208241
0.290915,24,27,314657
0.290915,24,27,50031.2
0.290915,24,27,162427
0.290915,24,27,156944
0.290915,24,27,1.55744e+06
0.290915,24,27,203620
0.290915,24,27,265620
0.290915,24,27,435842
0.290915,24,27,150526
0.290915,24,27,181524
0.290915,24,27,45879.2
0.290915,24,27,19040.7
0.290915,24,27,33832.8
0.290915,24,27,65824.8
0.290915,24,27,24370.5
0.290915,24,27,249878
0.290915,24,27,235703
0.290915,24,27,440087
0.290915,24,27,314559
0.290915,24,27,246106
0.290915,24,27,23337.3
0.290915,24,27,180588
0.290915,24,27,111794
0.290915,24,27,153761
0.290915,24,27,31876.4
0.290915,24,27,15887.3
0.290915,24,27,105535
0.290915,24,27,38101.8
0.290915,24,27,51493.6
0.290915,24,27,284240
0.290915,24,27,629504
0.290915,24,27,561158
0.290915,24,27,906581
0.290915,24,27,120819
0.290915,24,27,61848.4
0.290915,24,27,69142.3
0.290915,24,27,26191.1
0.290915,24,27,120643
0.290915,24,27,169562
0.290915,24,27,69145.9
0.290915,24,27,547433
0.290915,24,27,93859.9
0.290915,24,27,167877
0.290915,24,27,469075
0.290915,24,27,309328
0.290915,24,27,357029
0.290915,24,27,317836
0.290915,24,27,59780.8
0.290915,24,27,152393
0.290915,24,27,210210
0.290915,24,27,946044
0.290915,24,27,63069.5
0.290915,24,27,434369
0.290915,24,27,1.05565e+06
0.290915,24,27,34295.3
0.290915,24,27,458758
0.290915,24,27,292065
0.290915,24,27,383062
0.290915,24,27,702531
0.290915,24,27,1.64934e+06
0.290915,24,27,290226
0.290915,24,27,260144
0.290915,24,27,702901
0.290915,24,27,459673
0.290915,24,27,763706
0.290915,24,27,932133
0.290915,24,27,391977
0.290915,24,27,73276.5
0.290915,24,27,70801.9
0.290915,24,27,20811.2
0.290915,24,27,167598
0.290915,24,27,1.18713e+06
0.290915,24,27,57872.4
0.290915,24,27,97100.9
0.290915,24,27,318320
0.290915,24,27,475298
0.290915,24,27,49932.4
0.290915,24,27,166214
0.290915,24,27,278924
0.290915,24,27,193973
0.290915,24,27,11773.8
0.290915,24,27,82351.4
0.290915,24,27,668922
0.290915,24,27,837374
0.290915,24,27,23474.6
0.290915,24,27,61138.9
0.290915,24,27,137442
0.290915,24,27,345632
0.290915,24,27,699638
0.290915,24,27,430656
0.290915,24,27,37627.7
0.290915,24,27,352391
0.290915,24,27,1.00343e+06
0.290915,24,27,20571
0.290915,24,27,164824
0.290915,24,27,66177.8
0.290915,24,27,330256
0.290915,24,27,282757
0.290915,24,27,8408.96
0.290915,24,27,793684
0.290915,24,27,464569
0.290915,24,27,482737
0.290915,24,27,180257
0.290915,24,27,393639
0.290915,24,27,150066
0.290915,24,27,570725
0.290915,24,27,13037.2
0.290915,24,27,583797
0.290915,24,27,138328
0.290915,24,27,188563
0.290915,24,27,350225
0.290915,24,27,22776.6
0.290915,24,27,143755
0.290915,24,27,621660
0.290915,24,27,400261
0.290915,24,27,803390
0.290915,24,27,460311
0.290915,24,27,242516
0.290915,24,27,332446
0.290915,24,27,137937
0.290915,24,27,266969
0.290915,24,27,13079.4
0.290915,24,27,106521
0.290915,24,27,524566
0.290915,24,27,37451.1
0.290915,24,27,281386
0.290915,24,27,75581.7
0.290915,24,27,547876
0.290915,24,27,125601
0.290915,24,27,110850
0.290915,24,27,265441
0.290915,24,27,155517
0.290915,24,27,8796.28
0.290915,24,27,379394
0.290915,24,27,104069
0.290915,24,27,17566
0.290915,24,27,718889
0.290915,24,27,140280
0.290915,24,27,188671
0.290915,24,27,187250
0.290915,24,27,369412
0.290915,24,27,392751
0.290915,24,27,166857
0.290915,24,27,602635
0.290915,24,27,255775
0.290915,24,27,32049
0.290915,24,27,176941
0.290915,24,27,132865
0.290915,24,27,209874
0.290915,24,27,352277
0.290915,24,27,353431
0.290915,24,27,909920
0.290915,24,27,165331
0.290915,24,27,612521
0.290915,24,27,101541
0.290915,24,27,373119
0.290915,24,27,367077
0.290915,24,27,505960
0.290915,24,27,240207
0.290915,24,27,220709
0.290915,24,27,86157.3
0.290915,24,27,320251
0.290915,24,27,570138
0.290915,24,27,597619
0.290915,24,27,383731
0.290915,24,27,30344.8
0.290915,24,27,643169
0.290915,24,27,373131
0.290915,24,27,40266.8
0.290915,24,27,128655
0.290915,24,27,133802
0.290915,24,27,169036
0.290915,24,27,226455
0.290915,24,27,117193
0.290915,24,27,358988
0.290915,24,27,28070.1
0.290915,24,27,53969
0.290915,24,27,119054
0.290915,24,27,159300
0.290915,24,27,35359.4
0.290915,24,27,30211.4
0.290915,24,27,441470
0.290915,24,27,41498.8
0.290915,24,27,289796
0.290915,24,27,284383
0.290915,24,27,254433
0.290915,24,27,811016
0.290915,24,27,23060.1
0.290915,24,27,178279
0.290915,24,27,439545
0.290915,24,27,231936
0.290915,24,27,58251.7
0.290915,24,27,143656
0.290915,24,27,31131.7
0.290915,24,27,118716
0.290915,24,27,509482
0.290915,24,27,107091
0.290915,24,27,372029
0.290915,24,27,249730
0.290915,24,27,218862
0.290915,24,27,235838
0.290915,24,27,326557
0.290915,24,27,23026.2
0.290915,24,27,488445
0.290915,24,27,103558
0.290915,24,27,518621
0.290915,24,27,494228
0.290915,24,27,424720
0.290915,24,27,186861
0.290915,24,27,417023
0.290915,24,27,26470.2
0.290915,24,27,262370
0.290915,24,27,86390.6
0.290915,24,27,299096
0.290915,24,27,276892
0.290915,24,27,225757
0.290915,24,27,65738.8
0.290915,24,27,461974
0.290915,24,27,409895
0.290915,24,27,916975
0.290915,24,27,302036
0.290915,24,27,46984.1
0.290915,24,27,51776
0.290915,24,27,377424
0.290915,24,27,513125
0.290915,24,27,117834
0.290915,24,27,52097.2
0.290915,24,27,46983.4
0.290915,24,27,203495
0.290915,24,27,1.13997e+06
0.290915,24,27,491785
0.290915,24,27,210436
0.290915,24,27,45979.4
0.290915,24,27,30974.9
0.290915,24,27,48311.2
0.290915,24,27,97037.2
0.290915,24,27,1.25968e+06
0.290915,24,27,64043.8
0.290915,24,27,22356.7
0.290915,24,27,169414
0.290915,24,27,1.05412e+06
0.290915,24,27,138818
0.290915,24,27,308879
0.290915,24,27,178289
0.290915,24,27,218440
0.290915,24,27,608818
0.290915,24,27,162350
0.290915,24,27,683077
0.290915,24,27,133320
0.290915,24,27,198843
0.290915,24,27,1.0907e+06
0.290915,24,27,121245
0.290915,24,27,442313
0.290915,24,27,51574.4
0.290915,24,27,58499
0.290915,24,27,49790.6
0.290915,24,27,241148
0.290915,24,27,47814.8
0.290915,24,27,36715.5
0.290915,24,27,359332
0.290915,24,27,136943
0.290915,24,27,150247
0.290915,24,27,415512
0.290915,24,27,282361
0.290915,24,27,612253
0.290915,24,27,181701
0.290915,24,27,98449.1
0.290915,24,27,49314.7
0.290915,24,27,333065
0.290915,24,27,173358
0.290915,24,27,342853
0.290915,24,27,157607
0.290915,24,27,1.04132e+06
0.290915,24,27,120655
0.290915,24,27,135675
0.290915,24,27,579385
0.290915,24,27,147875
0.290915,24,27,24042.3
0.290915,24,27,419783
0.290915,24,27,82446.9
0.290915,24,27,143688
0.290915,24,27,514831
0.290915,24,27,91946.7
0.290915,24,27,135262
0.290915,24,27,607927
0.290915,24,27,495951
0.290915,24,27,353838
0.290915,24,27,87860.8
0.290915,24,27,806617
0.290915,24,27,106830
0.290915,24,27,348961
0.290915,24,27,189094
0.290915,24,27,514193
0.290915,24,27,120333
0.290915,24,27,555274
0.290915,24,27,221521
0.290915,24,27,597220
0.290915,24,27,41415.8
0.290915,24,27,49961.8
0.290915,24,27,32336.2
0.290915,24,27,44706.8
0.290915,24,27,72721.5
0.290915,24,27,380390
0.290915,24,27,55390.6
0.290915,24,27,56363.9
0.290915,24,27,15674.6
0.290915,24,27,59177.4
0.290915,24,27,560058
0.290915,24,27,288824
0.290915,24,27,279068
0.290915,24,27,428836
0.290915,24,27,70361
0.290915,24,27,91001.2
0.290915,24,27,13778.5
0.290915,24,27,393318
0.290915,24,27,355487
0.290915,24,27,50163.6
0.290915,24,27,484308
0.290915,24,27,178471
0.290915,24,27,347191
0.290915,24,27,404533
0.290915,24,27,995251
0.290915,24,27,1.41567e+06
0.290915,24,27,75259.3
0.290915,24,27,462336
0.290915,24,27,461850
0.290915,24,27,143913
0.290915,24,27,121940
0.290915,24,27,450068
0.290915,24,27,467068
0.290915,24,27,24239
0.290915,24,27,761398
0.290915,24,27,257232
0.290915,24,27,197026
0.290915,24,27,252920
0.290915,24,27,564103
0.290915,24,27,117478
0.290915,24,27,691358
0.290915,24,27,529114
0.290915,24,27,124151
0.290915,24,27,325434
0.290915,24,27,332382
0.290915,24,27,229174
0.290915,24,27,169638
0.290915,24,27,695746
0.290915,24,27,246922
0.290915,24,27,108478
0.290915,24,27,276409
0.290915,24,27,428303
0.290915,24,27,129541
0.290915,24,27,135308
0.290915,24,27,82140.4
0.290915,24,27,226453
0.290915,24,27,1.28279e+06
0.290915,24,27,185028
0.290915,24,27,44190.8
0.290915,24,27,275483
0.290915,24,27,41271.5
0.290915,24,27,103142
0.290915,24,27,165784
0.290915,24,27,511554
0.290915,24,27,53292.8
0.290915,24,27,161520
0.290915,24,27,82929.1
0.290915,24,27,354848
0.290915,24,27,478593
0.290915,24,27,294764
0.290915,24,27,193689
0.290915,24,27,233307
0.290915,24,27,487354
0.290915,24,27,84424.1
0.290915,24,27,64897.4
0.290915,24,27,259995
0.290915,24,27,149272
0.290915,24,27,479923
0.290915,24,27,209516
0.290915,24,27,55201.9
0.290915,24,27,621971
0.290915,24,27,257027
0.290915,24,27,114637
0.290915,24,27,464605
0.290915,24,27,994755
0.290915,24,27,281032
0.290915,24,27,589357
0.290915,24,27,506386
0.290915,24,27,399101
0.290915,24,27,145844
0.290915,24,27,326151
0.290915,24,27,26353.6
0.290915,24,27,622539
0.290915,24,27,381822
0.290915,24,27,77170.6
0.290915,24,27,96385.2
0.290915,24,27,141699
0.290915,24,27,54273.9
0.290915,24,27,52093.2
0.290915,24,27,175354
0.290915,24,27,335041
0.290915,24,27,215287
0.290915,24,27,465757
0.290915,24,27,630345
0.290915,24,27,93964.1
0.290915,24,27,55254.3
0.290915,24,27,357583
0.290915,24,27,205388
0.290915,24,27,110459
0.290915,24,27,15613
0.290915,24,27,51150.9
0.290915,24,27,495795
0.290915,24,27,117079
0.290915,24,27,54580
0.290915,24,27,225578
0.290915,24,27,381319
0.290915,24,27,53887.2
0.290915,24,27,298835
0.290915,24,27,233697
0.290915,24,27,304897
0.290915,24,27,415371
0.290915,24,27,320399
0.290915,24,27,853353
0.290915,24,27,695973
0.290915,24,27,90565.4
0.290915,24,27,219603
0.290915,24,27,119391
0.290915,24,27,268840
0.290915,24,27,272273
0.290915,24,27,354484
0.290915,24,27,143512
0.290915,24,27,183517
0.290915,24,27,16627
0.290915,24,27,252163
0.290915,24,27,218247
0.290915,24,27,255701
0.290915,24,27,285553
0.290915,24,27,390185
0.290915,24,27,533302
0.290915,24,27,326594
0.290915,24,27,283230
0.290915,24,27,367870
0.290915,24,27,524840
0.290915,24,27,487994
0.290915,24,27,410788
0.290915,24,27,1.23521e+06
0.290915,24,27,529356
0.290915,24,27,11192.5
0.290915,24,27,1.36796e+06
0.290915,24,27,25227.8
0.290915,24,27,50207
0.290915,24,27,335964
0.290915,24,27,71385.1
0.290915,24,27,390329
0.290915,24,27,401768
0.290915,24,27,307522
0.290915,24,27,123844
0.290915,24,27,111119
0.290915,24,27,331385
0.290915,24,27,897910
0.290915,24,27,397262
0.290915,24,27,42699.7
0.290915,24,27,26365.1
0.290915,24,27,58419.7
0.290915,24,27,134136
0.290915,24,27,59658.6
0.290915,24,27,174831
0.290915,24,27,195930
0.290915,24,27,352471
0.290915,24,27,79000.2
0.290915,24,27,447631
0.290915,24,27,304369
0.290915,24,27,70787.6
0.290915,24,27,70585.9
0.290915,24,27,255509
0.290915,24,27,445356
0.290915,24,27,705727
0.290915,24,27,99916.3
0.290915,24,27,190278
0.290915,24,27,15042.1
0.290915,24,27,256928
0.290915,24,27,308023
0.290915,24,27,31794
0.290915,24,27,476476
0.290915,24,27,1.66024e+06
0.290915,24,27,152232
0.290915,24,27,609542
0.290915,24,27,130479
0.290915,24,27,43328.5
0.290915,24,27,894615
0.290915,24,27,791935
0.290915,24,27,273984
0.290915,24,27,198556
0.290915,24,27,238484
0.290915,24,27,286654
0.290915,24,27,309576
0.290915,24,27,349743
0.290915,24,27,31168.8
0.290915,24,27,938501
0.290915,24,27,165638
0.290915,24,27,183250
0.290915,24,27,39955.2
0.290915,24,27,210102
0.290915,24,27,433928
0.290915,24,27,75990.7
0.290915,24,27,382443
0.290915,24,27,182513
0.290915,24,27,293010
0.290915,24,27,22845.3
0.290915,24,27,187418
0.290915,24,27,436234
0.290915,24,27,279027
0.290915,24,27,78879.3
0.290915,24,27,233571
0.290915,24,27,46231.6
0.290915,24,27,114034
0.290915,24,27,462567
0.290915,24,27,90611.4
0.290915,24,27,509415
0.290915,24,27,158670
0.290915,24,27,115482
0.290915,24,27,108301
0.290915,24,27,182804
0.290915,24,27,54566.6
0.290915,24,27,72761
0.290915,24,27,181142
0.290915,24,27,243815
0.290915,24,27,148580
0.290915,24,27,1.09257e+06
0.290915,24,27,242969
0.290915,24,27,129779
0.290915,24,27,274808
0.290915,24,27,298128
0.290915,24,27,686240
0.290915,24,27,206934
0.290915,24,27,189934
0.290915,24,27,92314
0.290915,24,27,694017
0.290915,24,27,381070
0.290915,24,27,17016.3
0.290915,24,27,211516
0.290915,24,27,57710.7
0.290915,24,27,101961
0.290915,24,27,46120.6
0.290915,24,27,77993.9
0.290915,24,27,26120.8
0.290915,24,27,220014
0.290915,24,27,212223
0.290915,24,27,171984
0.290915,24,27,212328
0.290915,24,27,400134
0.290915,24,27,39963.7
0.290915,24,27,131311
0.290915,24,27,918868
0.290915,24,27,217833
0.290915,24,27,347672
0.290915,24,27,309666
0.290915,24,27,126351
0.290915,24,27,393498
0.290915,24,27,219995
0.290915,24,27,124171
0.290915,24,27,318309
0.290915,24,27,123961
0.290915,24,27,32925
0.290915,24,27,48990.1
0.290915,24,27,1.09435e+06
0.290915,24,27,319170
0.290915,24,27,186872
0.290915,24,27,152451
0.290915,24,27,347722
0.290915,24,27,879419
0.290915,24,27,71328.9
0.290915,24,27,108709
0.290915,24,27,67537.5
0.290915,24,27,847316
0.290915,24,27,143285
0.290915,24,27,150227
0.290915,24,27,59674.3
0.290915,24,27,184748
0.290915,24,27,110539
0.290915,24,27,290483
0.290915,24,27,177423
0.290915,24,27,265417
0.290915,24,27,129682
0.290915,24,27,279035
0.290915,24,27,111028
0.290915,24,27,22673.6
0.290915,24,27,22507.5
0.290915,24,27,247474
0.290915,24,27,192361
0.290915,24,27,102427
0.290915,24,27,536208
0.290915,24,27,140842
0.290915,24,27,293557
0.290915,24,27,570605
0.290915,24,27,74100.6
0.290915,24,27,256109
0.290915,24,27,289949
0.290915,24,27,1.25746e+06
0.290915,24,27,82852.9
0.290915,24,27,436789
0.290915,24,27,1.69354e+06
0.290915,24,27,43080.3
0.290915,24,27,108456
0.290915,24,27,45630.9
0.290915,24,27,284700
0.290915,24,27,346392
0.290915,24,27,595564
0.290915,24,27,354891
0.290915,24,27,207420
0.290915,24,27,217860
0.290915,24,27,190314
0.290915,24,27,204192
0.290915,24,27,68822.3
0.290915,24,27,166016
0.290915,24,27,139304
0.290915,24,27,142710
0.290915,24,27,79027.9
0.290915,24,27,104513
0.290915,24,27,641172
0.290915,24,27,15573.4
0.290915,24,27,331852
0.290915,24,27,414205
0.290915,24,27,172310
0.290915,24,27,49483.8
0.290915,24,27,1.00052e+06
0.290915,24,27,197360
0.290915,24,27,173747
0.290915,24,27,113076
0.290915,24,27,61989.8
0.290915,24,27,31159.2
0.290915,24,27,18111
0.290915,24,27,319133
0.290915,24,27,842839
0.290915,24,27,98191
0.290915,24,27,51559.7
0.290915,24,27,1.50465e+06
0.290915,24,27,386816
0.290915,24,27,108894
0.290915,24,27,75579.2
0.290915,24,27,685350
0.290915,24,27,69379.8
0.290915,24,27,704817
0.290915,24,27,210338
0.290915,24,27,42900.1
0.290915,24,27,121700
0.290915,24,27,41337.2
0.290915,24,27,372195
0.290915,24,27,166520
0.290915,24,27,16205.6
0.290915,24,27,604873
0.290915,24,27,218225
0.290915,24,27,64761.1
0.290915,24,27,8506.65
0.290915,24,27,585052
0.290915,24,27,775185
0.290915,24,27,867251
0.290915,24,27,42380.1
0.290915,24,27,129150
0.290915,24,27,194505
0.290915,24,27,273574
0.290915,24,27,1.00085e+06
0.290915,24,27,75561.4
0.290915,24,27,366812
0.290915,24,27,106553
0.290915,24,27,244170
0.290915,24,27,988802
0.290915,24,27,168097
0.290915,24,27,530920
0.290915,24,27,169145
0.290915,24,27,805006
0.290915,24,27,86216.8
0.290915,24,27,136898
0.290915,24,27,40029.9
0.290915,24,27,338267
0.290915,24,27,225374
0.290915,24,27,149825
0.290915,24,27,338563
0.290915,24,27,422385
0.290915,24,27,357641
0.290915,24,27,317572
0.290915,24,27,265800
0.290915,24,27,134737
0.290915,24,27,79346.6
0.290915,24,27,206027
0.290915,24,27,951079
0.290915,24,27,193378
0.290915,24,27,306286
0.290915,24,27,497057
0.290915,24,27,342519
0.290915,24,27,497346
0.290915,24,27,420316
0.290915,24,27,317195
0.290915,24,27,218191
0.290915,24,27,32219
0.290915,24,27,57543.4
0.290915,24,27,936759
0.290915,24,27,153356
0.290915,24,27,111525
0.290915,24,27,21281.4
0.290915,24,27,178453
0.290915,24,27,564150
0.290915,24,27,370002
0.290915,24,27,332157
0.290915,24,27,88112.4
0.290915,24,27,21871.7
0.290915,24,27,526328
0.290915,24,27,281705
0.290915,24,27,91825.7
0.290915,24,27,90631.5
0.290915,24,27,163737
0.290915,24,27,348565
0.290915,24,27,28506.3
0.290915,24,27,25567.4
0.290915,24,27,94506.3
0.290915,24,27,296611
0.290915,24,27,92821.4
0.290915,24,27,183903
0.290915,24,27,889450
0.290915,24,27,757479
0.290915,24,27,650514
0.290915,24,27,1.69797e+06
0.290915,24,27,143505
0.290915,24,27,360356
0.290915,24,27,20696.3
0.290915,24,27,37879.6
0.290915,24,27,208473
0.290915,24,27,122492
0.290915,24,27,75298.8
0.290915,24,27,186608
0.290915,24,27,114650
0.290915,24,27,101855
0.290915,24,27,259032
0.290915,24,27,215635
0.290915,24,27,795645
0.290915,24,27,931922
0.290915,24,27,125376
0.290915,24,27,1.25812e+06
0.290915,24,27,116845
0.290915,24,27,45538.1
0.290915,24,27,402495
0.290915,24,27,294810
0.290915,24,27,27364.1
0.290915,24,27,357969
0.290915,24,27,493802
0.290915,24,27,427432
0.290915,24,27,77313
0.290915,24,27,679908
0.290915,24,27,711812
0.290915,24,27,420821
0.290915,24,27,25330.6
0.290915,24,27,788042
0.290915,24,27,261191
0.290915,24,27,57125.9
0.290915,24,27,56986.4
0.290915,24,27,147235
0.290915,24,27,883895
0.290915,24,27,284125
0.290915,24,27,165278
0.290915,24,27,254281
0.290915,24,27,236565
0.290915,24,27,756016
0.290915,24,27,103146
0.290915,24,27,33630.6
0.290915,24,27,24928.9
0.290915,24,27,470666
0.290915,24,27,292605
0.290915,24,27,424683
0.290915,24,27,47038.3
0.290915,24,27,415417
0.290915,24,27,115673
0.290915,24,27,62249.3
0.290915,24,27,378880
0.290915,24,27,26219.7
0.290915,24,27,27213
0.290915,24,27,156164
0.290915,24,27,278883
0.290915,24,27,59032.1
0.290915,24,27,223565
0.290915,24,27,142581
0.290915,24,27,107557
0.290915,24,27,64302.8
0.290915,24,27,77528.3
0.290915,24,27,403543
0.290915,24,27,330090
0.290915,24,27,644861
0.290915,24,27,278933
0.290915,24,27,134477
0.290915,24,27,349379
0.290915,24,27,262977
0.290915,24,27,273352
0.290915,24,27,553103
0.290915,24,27,352863
0.290915,24,27,74750.4
0.290915,24,27,437046
0.290915,24,27,55592
0.290915,24,27,87829
0.290915,24,27,525829
0.290915,24,27,291121
0.290915,24,27,20231.1
0.290915,24,27,570701
0.290915,24,27,118945
0.290915,24,27,227934
0.290915,24,27,400473
0.290915,24,27,935796
0.290915,24,27,142168
0.290915,24,27,80186.2
0.290915,24,27,126996
0.290915,24,27,82746
0.290915,24,27,170024
0.290915,24,27,141379
0.290915,24,27,71596.7
0.290915,24,27,244806
0.290915,24,27,89506.8
0.290915,24,27,193438
0.290915,24,27,268853
0.290915,24,27,324363
0.290915,24,27,153915
0.290915,24,27,305156
0.290915,24,27,208169
0.290915,24,27,79797.4
0.290915,24,27,470345
0.290915,24,27,379509
0.290915,24,27,336698
0.290915,24,27,304861
0.290915,24,27,333317
0.290915,24,27,116961
0.290915,24,27,52218.1
0.290915,24,27,209363
0.290915,24,27,340663
0.290915,24,27,204174
0.290915,24,27,600728
0.290915,24,27,62252.5
0.290915,24,27,65957.5
0.290915,24,27,191417
0.290915,24,27,221744
0.290915,24,27,260022
0.290915,24,27,176974
0.290915,24,27,353785
0.290915,24,27,116960
0.290915,24,27,132294
0.290915,24,27,434919
0.290915,24,27,725945
0.290915,24,27,626189
0.290915,24,27,64837.2
0.290915,24,27,383575
0.290915,24,27,89766.4
0.290915,24,27,56652.9
0.290915,24,27,125949
0.290915,24,27,669989
0.290915,24,27,53415.1
0.290915,24,27,276559
0.290915,24,27,255666
0.290915,24,27,29847.5
0.290915,24,27,138033
0.290915,24,27,905705
0.290915,24,27,151871
0.290915,24,27,1.04773e+06
0.290915,24,27,210599
0.290915,24,27,42303
0.290915,24,27,188885
0.290915,24,27,247459
0.290915,24,27,1.68047e+06
0.290915,24,27,1.11526e+06
0.290915,24,27,24675.3
0.290915,24,27,43546.1
0.290915,24,27,184329
0.290915,24,27,1.10111e+06
0.290915,24,27,570507
0.290915,24,27,47674.9
0.290915,24,27,359565
0.290915,24,27,578762
0.290915,24,27,312125
0.290915,24,27,442421
0.290915,24,27,1.10838e+06
0.290915,24,27,23191.7
0.290915,24,27,471727
0.290915,24,27,165594
0.290915,24,27,67955.4
0.290915,24,27,314049
0.290915,24,27,261052
0.290915,24,27,415375
0.290915,24,27,69547.8
0.290915,24,27,53426.5
0.290915,24,27,631481
0.290915,24,27,69023.9
0.290915,24,27,76540.8
0.290915,24,27,109212
0.290915,24,27,58470.3
0.290915,24,27,46167.1
0.290915,24,27,262417
0.290915,24,27,523343
0.290915,24,27,196450
0.290915,24,27,309026
0.290915,24,27,628879
0.290915,24,27,71824.9
0.290915,24,27,17544.6
0.290915,24,27,503562
0.290915,24,27,7653.87
0.290915,24,27,27928.3
0.290915,24,27,66436.9
0.290915,24,27,341194
0.290915,24,27,651458
0.290915,24,27,137757
0.290915,24,27,97818.7
0.290915,24,27,1.09794e+06
0.290915,24,27,371126
0.290915,24,27,385522
0.290915,24,27,342266
0.290915,24,27,434085
0.290915,24,27,35504.2
0.290915,24,27,847790
0.290915,24,27,609758
0.290915,24,27,20617.9
0.290915,24,27,45930.2
0.290915,24,27,564684
0.290915,24,27,119047
0.290915,24,27,262268
0.290915,24,27,311303
0.290915,24,27,431135
0.290915,24,27,170352
0.290915,24,27,748114
0.290915,24,27,19085
0.290915,24,27,35398.1
0.290915,24,27,243438
0.290915,24,27,102124
0.290915,24,27,8821.31
0.290915,24,27,82396.4
0.290915,24,27,324436
0.290915,24,27,62006.3
0.290915,24,27,641860
0.290915,24,27,326683
0.290915,24,27,265204
0.290915,24,27,349646
0.290915,24,27,132500
0.290915,24,27,173973
0.290915,24,27,339590
0.290915,24,27,87792.4
0.290915,24,27,627766
0.290915,24,27,742814
0.290915,24,27,430807
0.290915,24,27,128909
0.290915,24,27,778070
0.290915,24,27,253808
0.290915,24,27,249153
0.290915,24,27,656802
0.290915,24,27,66485.6
0.290915,24,27,114768
0.290915,24,27,87312.5
0.290915,24,27,185662
0.290915,24,27,461321
0.290915,24,27,654012
0.290915,24,27,194070
0.290915,24,27,55365.9
0.290915,24,27,121471
0.290915,24,27,602710
0.290915,24,27,32730.5
0.290915,24,27,23878.4
0.290915,24,27,542729
0.290915,24,27,144876
0.290915,24,27,22109.8
0.290915,24,27,1.15354e+06
0.290915,24,27,195037
0.290915,24,27,372661
0.290915,24,27,105586
0.290915,24,27,252338
0.290915,24,27,158493
0.290915,24,27,39128.7
0.290915,24,27,1.38089e+06
0.290915,24,27,224508
0.290915,24,27,461451
0.290915,24,27,65368
0.290915,24,27,431306
0.290915,24,27,72446.4
0.290915,24,27,227519
0.290915,24,27,375885
0.290915,24,27,455672
0.290915,24,27,28033.7
0.290915,24,27,1.09957e+06
0.290915,24,27,139992
0.290915,24,27,194325
0.290915,24,27,291354
0.290915,24,27,280369
0.290915,24,27,102315
0.290915,24,27,305139
0.290915,24,27,178178
0.290915,24,27,233865
0.290915,24,27,238505
0.290915,24,27,64202.7
0.290915,24,27,699398
0.290915,24,27,80331.4
0.290915,24,27,282675
0.290915,24,27,310389
0.290915,24,27,230694
0.290915,24,27,488055
0.290915,24,27,102819
0.290915,24,27,248644
0.290915,24,27,27104.7
0.290915,24,27,199328
0.290915,24,27,104680
0.290915,24,27,653654
0.290915,24,27,450192
0.290915,24,27,478568
0.290915,24,27,24251.7
0.290915,24,27,148901
0.290915,24,27,616119
0.290915,24,27,519152
0.290915,24,27,52765
0.290915,24,27,26605
0.290915,24,27,312792
0.290915,24,27,74070.5
0.290915,24,27,141039
0.290915,24,27,701635
0.290915,24,27,236805
0.290915,24,27,402298
0.290915,24,27,86680.2
0.290915,24,27,135374
0.290915,24,27,569898
0.290915,24,27,1.01312e+06
0.290915,24,27,70804.2
0.290915,24,27,48350.5
0.290915,24,27,568493
0.290915,24,27,543302
0.290915,24,27,17373.9
0.290915,24,27,1.06415e+06
0.290915,24,27,699522
0.290915,24,27,257115
0.290915,24,27,53209
0.290915,24,27,178286
0.290915,24,27,123190
0.290915,24,27,62140.7
0.290915,24,27,1.31348e+06
0.290915,24,27,60735
0.290915,24,27,60332.5
0.290915,24,27,677452
0.290915,24,27,54788.9
0.290915,24,27,101439
0.290915,24,27,54838.4
0.290915,24,27,465970
0.290915,24,27,548684
0.290915,24,27,38887.9
0.290915,24,27,2.16159e+06
0.290915,24,27,162993
0.290915,24,27,174340
0.290915,24,27,304222
0.290915,24,27,144877
0.290915,24,27,130307
0.290915,24,27,228481
0.290915,24,27,104079
0.290915,24,27,1.11605e+06
0.290915,24,27,773748
0.290915,24,27,811365
0.290915,24,27,482132
0.290915,24,27,890498
0.290915,24,27,48565.1
0.290915,24,27,154829
0.290915,24,27,53337.7
0.290915,24,27,138217
0.290915,24,27,150849
0.290915,24,27,1.27565e+06
0.290915,24,27,251309
0.290915,24,27,194722
0.290915,24,27,123751
0.290915,24,27,651850
0.290915,24,27,1.49749e+06
0.290915,24,27,450429
0.290915,24,27,155232
0.290915,24,27,547825
0.290915,24,27,121881
0.290915,24,27,108977
0.290915,24,27,76010.9
0.290915,24,27,415497
0.290915,24,27,174510
0.290915,24,27,247152
0.290915,24,27,76240.6
0.290915,24,27,371835
0.290915,24,27,301631
0.290915,24,27,124820
0.290915,24,27,220474
0.290915,24,27,299936
0.290915,24,27,304342
0.290915,24,27,37503.9
0.290915,24,27,86819.7
0.290915,24,27,199543
0.290915,24,27,498655
0.290915,24,27,281507
0.290915,24,27,215890
0.290915,24,27,30909.4
0.290915,24,27,388756
0.290915,24,27,584717
0.290915,24,27,37516.5
0.290915,24,27,318220
0.290915,24,27,22131.6
0.290915,24,27,274334
0.290915,24,27,683318
0.290915,24,27,550463
0.290915,24,27,622622
0.290915,24,27,63499
0.290915,24,27,54684.4
0.290915,24,27,737642
0.290915,24,27,332699
0.290915,24,27,99642.1
0.290915,24,27,90865.3
0.290915,24,27,90869.9
0.290915,24,27,298933
0.290915,24,27,740787
0.290915,24,27,96283.2
0.290915,24,27,191438
0.290915,24,27,83224.2
0.290915,24,27,255317
0.290915,24,27,205702
0.290915,24,27,371688
0.290915,24,27,633062
0.290915,24,27,679653
0.290915,24,27,101560
0.290915,24,27,492452
0.290915,24,27,10250.7
0.290915,24,27,500103
0.290915,24,27,25941.2
0.290915,24,27,28685.4
0.290915,24,27,411655
0.290915,24,27,873318
0.290915,24,27,374113
0.290915,24,27,244028
0.290915,24,27,545455
0.290915,24,27,23025
0.290915,24,27,275117
0.290915,24,27,161467
0.290915,24,27,116871
0.290915,24,27,131361
0.290915,24,27,55484
0.290915,24,27,125877
0.290915,24,27,43799.3
0.290915,24,27,835489
0.290915,24,27,438162
0.290915,24,27,869945
0.290915,24,27,106063
0.290915,24,27,212129
0.290915,24,27,257338
0.290915,24,27,603962
0.290915,24,27,138464
0.290915,24,27,307270
0.290915,24,27,1.43942e+06
0.290915,24,27,109394
0.290915,24,27,319938
0.290915,24,27,460704
0.290915,24,27,335674
0.290915,24,27,492311
0.290915,24,27,261847
0.290915,24,27,33249.7
0.290915,24,27,72819
0.290915,24,27,225050
0.290915,24,27,144978
0.290915,24,27,98143.5
0.290915,24,27,913414
0.290915,24,27,150412
0.290915,24,27,126697
0.290915,24,27,230675
0.290915,24,27,71442.6
0.290915,24,27,200526
0.290915,24,27,361780
0.290915,24,27,192312
0.290915,24,27,215041
0.290915,24,27,940726
0.290915,24,27,193869
0.290915,24,27,748039
0.290915,24,27,169028
0.290915,24,27,1.0732e+06
0.290915,24,27,493758
0.290915,24,27,64495.4
0.290915,24,27,90191.9
0.290915,24,27,487960
0.290915,24,27,680549
0.290915,24,27,273779
0.290915,24,27,1.15767e+06
0.290915,24,27,1.35019e+06
0.290915,24,27,560619
0.290915,24,27,275118
0.290915,24,27,588543
0.290915,24,27,216515
0.290915,24,27,120512
0.290915,24,27,68622.9
0.290915,24,27,147865
0.290915,24,27,403414
0.290915,24,27,113718
0.290915,24,27,84448
0.290915,24,27,368766
0.290915,24,27,101117
0.290915,24,27,186128
0.290915,24,27,215849
0.290915,24,27,1.01052e+06
0.290915,24,27,365453
0.290915,24,27,18110.2
0.290915,24,27,47474.9
0.290915,24,27,31539.1
0.290915,24,27,411040
0.290915,24,27,752801
0.290915,24,27,292767
0.290915,24,27,221155
0.290915,24,27,103452
0.290915,24,27,47068.6
0.290915,24,27,464001
0.290915,24,27,118976
0.290915,24,27,267285
0.290915,24,27,793526
0.290915,24,27,96103
0.290915,24,27,577542
0.290915,24,27,1.45856e+06
0.290915,24,27,143031
0.290915,24,27,370645
0.290915,24,27,133683
0.290915,24,27,517312
0.290915,24,27,205128
0.290915,24,27,585131
0.290915,24,27,176542
0.290915,24,27,122652
0.290915,24,27,628286
0.290915,24,27,226519
0.290915,24,27,126292
0.290915,24,27,82395.9
0.290915,24,27,285221
0.290915,24,27,41312.4
0.290915,24,27,24250.6
0.290915,24,27,92640.9
0.290915,24,27,314290
0.290915,24,27,38167.7
0.290915,24,27,184297
0.290915,24,27,117248
0.290915,24,27,354339
0.290915,24,27,162051
0.290915,24,27,106986
0.290915,24,27,137773
0.290915,24,27,279205
0.290915,24,27,85980.1
0.290915,24,27,76287.4
0.290915,24,27,108329
0.290915,24,27,498216
0.290915,24,27,259025
0.290915,24,27,366014
0.290915,24,27,610584
0.290915,24,27,367612
0.290915,24,27,57245.5
0.290915,24,27,178720
0.290915,24,27,377870
0.290915,24,27,228806
0.290915,24,27,165324
0.290915,24,27,293650
0.290915,24,27,93518.7
0.290915,24,27,13425.4
0.290915,24,27,884360
0.290915,24,27,1.15326e+06
0.290915,24,27,785820
0.290915,24,27,62837.7
0.290915,24,27,130472
0.290915,24,27,96816.4
0.290915,24,27,80851.4
0.290915,24,27,584504
0.290915,24,27,106660
0.290915,24,27,88027.4
0.290915,24,27,194849
0.290915,24,27,31001.3
0.290915,24,27,295899
0.290915,24,27,220506
0.290915,24,27,373915
0.290915,24,27,325360
0.290915,24,27,199667
0.290915,24,27,1.41404e+06
0.290915,24,27,69165
0.290915,24,27,301966
0.290915,24,27,194154
0.290915,24,27,617530
0.290915,24,27,635097
0.290915,24,27,65311.6
0.290915,24,27,246071
0.290915,24,27,506477
0.290915,24,27,429481
0.290915,24,27,126958
0.290915,24,27,199075
0.290915,24,27,509302
0.290915,24,27,109096
0.290915,24,27,144122
0.290915,24,27,248039
0.290915,24,27,297777
0.290915,24,27,136022
0.290915,24,27,2323.96
0.290915,24,27,774294
0.290915,24,27,433995
0.290915,24,27,462964
0.290915,24,27,63836.6
0.290915,24,27,213235
0.290915,24,27,370765
0.290915,24,27,459922
0.290915,24,27,850648
0.290915,24,27,476559
0.290915,24,27,170808
0.290915,24,27,457049
0.290915,24,27,167793
0.290915,24,27,1.01924e+06
0.290915,24,27,318583
0.290915,24,27,1.09431e+06
0.290915,24,27,55813
0.290915,24,27,42396.1
0.290915,24,27,52777.2
0.290915,24,27,595218
0.290915,24,27,231032
0.290915,24,27,1.0525e+06
0.290915,24,27,226651
0.290915,24,27,385986
0.290915,24,27,309592
0.290915,24,27,45157.2
0.290915,24,27,80570.2
0.290915,24,27,373422
0.290915,24,27,806274
0.290915,24,27,35550.5
0.290915,24,27,133729
0.290915,24,27,327663
0.290915,24,27,149706
0.290915,24,27,173395
0.290915,24,27,243996
0.290915,24,27,102577
0.290915,24,27,168830
0.290915,24,27,343447
0.290915,24,27,235448
0.290915,24,27,144303
0.290915,24,27,16311.3
0.290915,24,27,969272
0.290915,24,27,142890
0.290915,24,27,394856
0.290915,24,27,956162
0.290915,24,27,79436.5
0.290915,24,27,68883.2
0.290915,24,27,125005
0.290915,24,27,376824
0.290915,24,27,113309